{
  "Calmar": {
    "2": {
      "combo": [
        "ALL_CMO_9",
        "ALL_EMA_921"
      ],
      "n": 1130,
      "pf": 1.0933561599401012,
      "wr": 81.32743362831857,
      "mdd": -3.1562500041899795,
      "ret": 3.947284772407161,
      "sharpe": 0.8152673610388448,
      "pm": 14,
      "tm": 25
    },
    "3": {
      "combo": [
        "ALL_CMO_9",
        "ALL_EMA_921",
        "IDX_VWAP_BOUNCE"
      ],
      "n": 1622,
      "pf": 1.1205527160533952,
      "wr": 78.1134401972873,
      "mdd": -3.456326727412408,
      "ret": 8.590996042228523,
      "sharpe": 1.1494682470792026,
      "pm": 15,
      "tm": 25
    },
    "4": {
      "combo": [
        "ALL_CMO_9",
        "ALL_EMA_921",
        "IDX_VWAP_BOUNCE",
        "TOK_WILLR"
      ],
      "n": 2067,
      "pf": 1.1438423003031444,
      "wr": 78.18093855829706,
      "mdd": -3.721335485630649,
      "ret": 13.200532697995266,
      "sharpe": 1.4561996053814978,
      "pm": 15,
      "tm": 25
    },
    "5": {
      "combo": [
        "ALL_CMO_9",
        "ALL_EMA_921",
        "IDX_VWAP_BOUNCE",
        "TOK_WILLR",
        "D8"
      ],
      "n": 2121,
      "pf": 1.157695783676747,
      "wr": 77.84064120697785,
      "mdd": -3.749184119654853,
      "ret": 15.028606955575786,
      "sharpe": 1.6015675008392334,
      "pm": 16,
      "tm": 25
    },
    "6": {
      "combo": [
        "ALL_CMO_9",
        "ALL_EMA_921",
        "IDX_VWAP_BOUNCE",
        "TOK_WILLR",
        "D8",
        "TOK_2BAR"
      ],
      "n": 2476,
      "pf": 1.1395838419887105,
      "wr": 76.45395799676898,
      "mdd": -3.912666432311647,
      "ret": 16.73706972971026,
      "sharpe": 1.5229788729654945,
      "pm": 13,
      "tm": 25
    },
    "7": {
      "combo": [
        "ALL_CMO_9",
        "ALL_EMA_921",
        "IDX_VWAP_BOUNCE",
        "TOK_WILLR",
        "D8",
        "TOK_2BAR",
        "TOK_BIG"
      ],
      "n": 2720,
      "pf": 1.1416778958927127,
      "wr": 76.83823529411765,
      "mdd": -3.833060973873701,
      "ret": 18.71911038370915,
      "sharpe": 1.5539330548571477,
      "pm": 15,
      "tm": 25
    },
    "8": {
      "combo": [
        "ALL_CMO_9",
        "ALL_EMA_921",
        "IDX_VWAP_BOUNCE",
        "TOK_WILLR",
        "D8",
        "TOK_2BAR",
        "TOK_BIG",
        "ALL_MACD_ADX"
      ],
      "n": 3222,
      "pf": 1.129288119022355,
      "wr": 76.84667908131595,
      "mdd": -6.801607650910711,
      "ret": 20.28924983033743,
      "sharpe": 1.511046379605847,
      "pm": 14,
      "tm": 25
    }
  },
  "PF": {
    "2": {
      "combo": [
        "ALL_CMO_9",
        "D8"
      ],
      "n": 672,
      "pf": 1.1398054127079624,
      "wr": 79.91071428571429,
      "mdd": -3.508725998849329,
      "ret": 3.631936429036927,
      "sharpe": 0.9164866188808951,
      "pm": 17,
      "tm": 25
    },
    "3": {
      "combo": [
        "ALL_CMO_9",
        "D8",
        "ALL_MACD_ADX"
      ],
      "n": 1226,
      "pf": 1.1600954673577102,
      "wr": 79.11908646003263,
      "mdd": -6.195925860946839,
      "ret": 8.180184007167146,
      "sharpe": 1.3412490618363746,
      "pm": 19,
      "tm": 25
    },
    "4": {
      "combo": [
        "ALL_CMO_9",
        "D8",
        "ALL_MACD_ADX",
        "IDX_VWAP_BOUNCE"
      ],
      "n": 1717,
      "pf": 1.1609208985016701,
      "wr": 76.703552708212,
      "mdd": -5.392226835763606,
      "ret": 12.919557380464292,
      "sharpe": 1.4843876584266251,
      "pm": 16,
      "tm": 25
    },
    "5": {
      "combo": [
        "ALL_CMO_9",
        "D8",
        "ALL_MACD_ADX",
        "IDX_VWAP_BOUNCE",
        "TOK_WILLR"
      ],
      "n": 2191,
      "pf": 1.159689527502903,
      "wr": 76.85988133272478,
      "mdd": -5.670298074142298,
      "ret": 16.37350845376162,
      "sharpe": 1.6166587804630037,
      "pm": 17,
      "tm": 25
    },
    "6": {
      "combo": [
        "ALL_CMO_9",
        "D8",
        "ALL_MACD_ADX",
        "IDX_VWAP_BOUNCE",
        "TOK_WILLR",
        "TOK_BIG"
      ],
      "n": 2414,
      "pf": 1.165174422801186,
      "wr": 76.88483844241922,
      "mdd": -7.12522676060919,
      "ret": 18.92720357034616,
      "sharpe": 1.6874249945978141,
      "pm": 15,
      "tm": 25
    },
    "7": {
      "combo": [
        "ALL_CMO_9",
        "D8",
        "ALL_MACD_ADX",
        "IDX_VWAP_BOUNCE",
        "TOK_WILLR",
        "TOK_BIG",
        "ALL_EMA_921"
      ],
      "n": 2907,
      "pf": 1.162226029185528,
      "wr": 77.88097695218438,
      "mdd": -6.9181706056823264,
      "ret": 21.987028532340076,
      "sharpe": 1.7886302811152193,
      "pm": 14,
      "tm": 25
    },
    "8": {
      "combo": [
        "ALL_CMO_9",
        "D8",
        "ALL_MACD_ADX",
        "IDX_VWAP_BOUNCE",
        "TOK_WILLR",
        "TOK_BIG",
        "ALL_EMA_921",
        "TOK_2BAR"
      ],
      "n": 3222,
      "pf": 1.129288119022355,
      "wr": 76.84667908131595,
      "mdd": -6.801607650910711,
      "ret": 20.28924983033743,
      "sharpe": 1.511046379605847,
      "pm": 14,
      "tm": 25
    }
  },
  "MinDD": {
    "2": {
      "combo": [
        "ALL_CMO_9",
        "ALL_EMA_921"
      ],
      "n": 1130,
      "pf": 1.0933561599401012,
      "wr": 81.32743362831857,
      "mdd": -3.1562500041899795,
      "ret": 3.947284772407161,
      "sharpe": 0.8152673610388448,
      "pm": 14,
      "tm": 25
    },
    "3": {
      "combo": [
        "ALL_CMO_9",
        "ALL_EMA_921",
        "IDX_VWAP_BOUNCE"
      ],
      "n": 1622,
      "pf": 1.1205527160533952,
      "wr": 78.1134401972873,
      "mdd": -3.456326727412408,
      "ret": 8.590996042228523,
      "sharpe": 1.1494682470792026,
      "pm": 15,
      "tm": 25
    },
    "4": {
      "combo": [
        "ALL_CMO_9",
        "ALL_EMA_921",
        "IDX_VWAP_BOUNCE",
        "D8"
      ],
      "n": 1676,
      "pf": 1.1386423841716173,
      "wr": 77.68496420047732,
      "mdd": -3.1718525645678204,
      "ret": 10.344630938977659,
      "sharpe": 1.3301404397031902,
      "pm": 15,
      "tm": 25
    },
    "5": {
      "combo": [
        "ALL_CMO_9",
        "ALL_EMA_921",
        "IDX_VWAP_BOUNCE",
        "D8",
        "TOK_WILLR"
      ],
      "n": 2121,
      "pf": 1.157695783676747,
      "wr": 77.84064120697785,
      "mdd": -3.749184119654853,
      "ret": 15.028606955575786,
      "sharpe": 1.6015675008392334,
      "pm": 16,
      "tm": 25
    },
    "6": {
      "combo": [
        "ALL_CMO_9",
        "ALL_EMA_921",
        "IDX_VWAP_BOUNCE",
        "D8",
        "TOK_WILLR",
        "TOK_2BAR"
      ],
      "n": 2476,
      "pf": 1.1395838419887105,
      "wr": 76.45395799676898,
      "mdd": -3.912666432311647,
      "ret": 16.73706972971026,
      "sharpe": 1.5229788729654945,
      "pm": 13,
      "tm": 25
    },
    "7": {
      "combo": [
        "ALL_CMO_9",
        "ALL_EMA_921",
        "IDX_VWAP_BOUNCE",
        "D8",
        "TOK_WILLR",
        "TOK_2BAR",
        "TOK_BIG"
      ],
      "n": 2720,
      "pf": 1.1416778958927127,
      "wr": 76.83823529411765,
      "mdd": -3.833060973873701,
      "ret": 18.71911038370915,
      "sharpe": 1.5539330548571477,
      "pm": 15,
      "tm": 25
    },
    "8": {
      "combo": [
        "ALL_CMO_9",
        "ALL_EMA_921",
        "IDX_VWAP_BOUNCE",
        "D8",
        "TOK_WILLR",
        "TOK_2BAR",
        "TOK_BIG",
        "ALL_MACD_ADX"
      ],
      "n": 3222,
      "pf": 1.129288119022355,
      "wr": 76.84667908131595,
      "mdd": -6.801607650910711,
      "ret": 20.28924983033743,
      "sharpe": 1.511046379605847,
      "pm": 14,
      "tm": 25
    }
  },
  "Sharpe": {
    "2": {
      "combo": [
        "ALL_CMO_9",
        "ALL_MACD_ADX"
      ],
      "n": 1170,
      "pf": 1.1365538176720982,
      "wr": 79.82905982905983,
      "mdd": -6.262024666760994,
      "ret": 6.519672174382693,
      "sharpe": 1.125587949082905,
      "pm": 16,
      "tm": 25
    },