{
  "Calmar": {
    "2": {
      "combo": [
        "D8",
        "ALL_MACD_DIV"
      ],
      "n": 408,
      "pf": 2.115314805966816,
      "wr": 76.22549019607843,
      "mdd": -0.3557973930228933,
      "ret": 5.541758889928765,
      "sharpe": 4.41869346434807,
      "pm": 12,
      "tm": 13
    },
    "3": {
      "combo": [
        "D8",
        "ALL_MACD_DIV",
        "PO3_SWEEP"
      ],
      "n": 504,
      "pf": 2.117705169055827,
      "wr": 75.39682539682539,
      "mdd": -0.24830635647931404,
      "ret": 7.146543457190288,
      "sharpe": 5.090634682269893,
      "pm": 12,
      "tm": 13
    },
    "4": {
      "combo": [
        "D8",
        "ALL_MACD_DIV",
        "PO3_SWEEP",
        "ALL_KB_SQUEEZE"
      ],
      "n": 783,
      "pf": 1.6742320595707911,
      "wr": 69.8595146871009,
      "mdd": -0.2996252499062678,
      "ret": 8.278128079568006,
      "sharpe": 4.3630717787233015,
      "pm": 12,
      "tm": 13
    },
    "5": {
      "combo": [
        "D8",
        "ALL_MACD_DIV",
        "PO3_SWEEP",
        "ALL_KB_SQUEEZE",
        "ALL_RSI_DIV"
      ],
      "n": 1127,
      "pf": 1.63065163735898,
      "wr": 71.16237799467613,
      "mdd": -0.4350013172197646,
      "ret": 10.816171016410458,
      "sharpe": 4.452759011670238,
      "pm": 12,
      "tm": 13
    },
    "6": {
      "combo": [
        "D8",
        "ALL_MACD_DIV",
        "PO3_SWEEP",
        "ALL_KB_SQUEEZE",
        "ALL_RSI_DIV",
        "IDX_PREV_HL"
      ],
      "n": 1357,
      "pf": 1.5870926200491404,
      "wr": 70.81798084008844,
      "mdd": -0.5074658548837216,
      "ret": 12.367239060745822,
      "sharpe": 4.703964490501655,
      "pm": 13,
      "tm": 13
    }
  },
  "PF": {
    "2": {
      "combo": [
        "D8",
        "PO3_SWEEP"
      ],
      "n": 139,
      "pf": 2.2865466336290003,
      "wr": 66.90647482014388,
      "mdd": -0.19985004999374206,
      "ret": 3.001813347060437,
      "sharpe": 6.0346817864623,
      "pm": 10,
      "tm": 13
    },
    "3": {
      "combo": [
        "D8",
        "PO3_SWEEP",
        "ALL_MACD_DIV"
      ],
      "n": 504,
      "pf": 2.117705169055827,
      "wr": 75.39682539682539,
      "mdd": -0.24830635647931404,
      "ret": 7.146543457190288,
      "sharpe": 5.090634682269893,
      "pm": 12,
      "tm": 13
    },
    "4": {
      "combo": [
        "D8",
        "PO3_SWEEP",
        "ALL_MACD_DIV",
        "IDX_PREV_HL"
      ],
      "n": 736,
      "pf": 1.8429941867283548,
      "wr": 73.36956521739131,
      "mdd": -0.3953005369464783,
      "ret": 8.597306143755034,
      "sharpe": 5.1161033517473316,
      "pm": 13,
      "tm": 13
    },
    "5": {
      "combo": [
        "D8",
        "PO3_SWEEP",
        "ALL_MACD_DIV",
        "IDX_PREV_HL",
        "ALL_RSI_DIV"
      ],
      "n": 1096,
      "pf": 1.72155310633987,
      "wr": 73.44890510948905,
      "mdd": -0.5160002088856039,
      "ret": 11.06455369401259,
      "sharpe": 4.773805655158384,
      "pm": 12,
      "tm": 13
    },
    "6": {
      "combo": [
        "D8",
        "PO3_SWEEP",
        "ALL_MACD_DIV",
        "IDX_PREV_HL",
        "ALL_RSI_DIV",
        "ALL_KB_SQUEEZE"
      ],
      "n": 1357,
      "pf": 1.5870926200491404,
      "wr": 70.81798084008844,
      "mdd": -0.5074658548837216,
      "ret": 12.367239060745822,
      "sharpe": 4.703964490501655,
      "pm": 13,
      "tm": 13
    }
  },
  "MinDD": {
    "2": {
      "combo": [
        "D8",
        "PO3_SWEEP"
      ],
      "n": 139,
      "pf": 2.2865466336290003,
      "wr": 66.90647482014388,
      "mdd": -0.19985004999374206,
      "ret": 3.001813347060437,
      "sharpe": 6.0346817864623,
      "pm": 10,
      "tm": 13
    },
    "3": {
      "combo": [
        "D8",
        "PO3_SWEEP",
        "ALL_MACD_DIV"
      ],
      "n": 504,
      "pf": 2.117705169055827,
      "wr": 75.39682539682539,
      "mdd": -0.24830635647931404,
      "ret": 7.146543457190288,
      "sharpe": 5.090634682269893,
      "pm": 12,
      "tm": 13
    },
    "4": {
      "combo": [
        "D8",
        "PO3_SWEEP",
        "ALL_MACD_DIV",
        "ALL_KB_SQUEEZE"
      ],
      "n": 783,
      "pf": 1.6742320595707911,
      "wr": 69.8595146871009,
      "mdd": -0.2996252499062678,
      "ret": 8.278128079568006,
      "sharpe": 4.3630717787233015,
      "pm": 12,
      "tm": 13
    },
    "5": {
      "combo": [
        "D8",
        "PO3_SWEEP",
        "ALL_MACD_DIV",
        "ALL_KB_SQUEEZE",
        "IDX_PREV_HL"
      ],
      "n": 1013,
      "pf": 1.6082949208499235,
      "wr": 69.69397828232971,
      "mdd": -0.4183297855929182,
      "ret": 9.793666972342049,
      "sharpe": 4.686331873536202,
      "pm": 12,
      "tm": 13
    },
    "6": {
      "combo": [
        "D8",
        "PO3_SWEEP",
        "ALL_MACD_DIV",
        "ALL_KB_SQUEEZE",
        "IDX_PREV_HL",
        "ALL_RSI_DIV"
      ],
      "n": 1357,
      "pf": 1.5870926200491404,
      "wr": 70.81798084008844,
      "mdd": -0.5074658548837216,
      "ret": 12.367239060745822,
      "sharpe": 4.703964490501655,
      "pm": 13,
      "tm": 13
    }
  },
  "Sharpe": {
    "2": {
      "combo": [
        "D8",
        "PO3_SWEEP"
      ],
      "n": 139,
      "pf": 2.2865466336290003,
      "wr": 66.90647482014388,
      "mdd": -0.19985004999374206,
      "ret": 3.001813347060437,
      "sharpe": 6.0346817864623,
      "pm": 10,
      "tm": 13
    },
    "3": {
      "combo": [
        "D8",
        "PO3_SWEEP",
        "ALL_MACD_DIV"
      ],
      "n": 504,
      "pf": 2.117705169055827,
      "wr": 75.39682539682539,
      "mdd": -0.24830635647931404,
      "ret": 7.146543457190288,
      "sharpe": 5.090634682269893,
      "pm": 12,
      "tm": 13
    },
    "4": {
      "combo": [
        "D8",
        "PO3_SWEEP",
        "ALL_MACD_DIV",
        "IDX_PREV_HL"
      ],
      "n": 736,
      "pf": 1.8429941867283548,
      "wr": 73.36956521739131,
      "mdd": -0.3953005369464783,
      "ret": 8.597306143755034,
      "sharpe": 5.1161033517473316,
      "pm": 13,
      "tm": 13
    },
    "5": {
      "combo": [
        "D8",
        "PO3_SWEEP",
        "ALL_MACD_DIV",
        "IDX_PREV_HL",
        "ALL_RSI_DIV"
      ],
      "n": 1096,
      "pf": 1.72155310633987,
      "wr": 73.44890510948905,
      "mdd": -0.5160002088856039,
      "ret": 11.06455369401259,
      "sharpe": 4.773805655158384,
      "pm": 12,
      "tm": 13
    },
    "6": {
      "combo": [
        "D8",
        "PO3_SWEEP",
        "ALL_MACD_DIV",
        "IDX_PREV_HL",
        "ALL_RSI_DIV",
        "ALL_KB_SQUEEZE"
      ],
      "n": 1357,
      "pf": 1.5870926200491404,
      "wr": 70.81798084008844,
      "mdd": -0.5074658548837216,
      "ret": 12.367239060745822,
      "sharpe": 4.703964490501655,
      "pm": 13,
      "tm": 13
    }
  },
  "PF*WR": {
    "2": {
      "combo": [
        "D8",
        "ALL_MACD_DIV"
      ],
      "n": 408,
      "pf": 2.115314805966816,
      "wr": 76.22549019607843,
      "mdd": -0.3557973930228933,
      "ret": 5.541758889928765,
      "sharpe": 4.41869346434807,
      "pm": 12,
      "tm": 13
    },
    "3": {
      "combo": [
        "D8",
        "ALL_MACD_DIV",
        "PO3_SWEEP"
      ],
      "n": 504,
      "pf": 2.117705169055827,
      "wr": 75.39682539682539,
      "mdd": -0.24830635647931404,
      "ret": 7.146543457190288,
      "sharpe": 5.090634682269893,
      "pm": 12,
      "tm": 13
    },
    "4": {
      "combo": [
        "D8",
        "ALL_MACD_DIV",
        "PO3_SWEEP",
        "ALL_RSI_DIV"
      ],
      "n": 864,
      "pf": 1.8372931468478475,
      "wr": 74.65277777777779,
      "mdd": -0.46420882616281395,
      "ret": 9.580826041782856,
      "sharpe": 4.621232149216437,
      "pm": 12,
      "tm": 13
    },
    "5": {
      "combo": [
        "D8",
        "ALL_MACD_DIV",
        "PO3_SWEEP",
        "ALL_RSI_DIV",
        "IDX_PREV_HL"
      ],
      "n": 1096,
      "pf": 1.72155310633987,
      "wr": 73.44890510948905,