{
  "Calmar": {
    "2": {
      "combo": [
        "D8",
        "ALL_DOJI_REV"
      ],
      "n": 666,
      "pf": 1.2928876783917445,
      "wr": 68.91891891891892,
      "mdd": -2.2683449027435443,
      "ret": 12.783642308821813,
      "sharpe": 1.7741152115489511,
      "pm": 18,
      "tm": 25
    },
    "3": {
      "combo": [
        "D8",
        "ALL_DOJI_REV",
        "IDX_GAP_FILL"
      ],
      "n": 1187,
      "pf": 1.264364822051528,
      "wr": 64.86941870261163,
      "mdd": -3.332859973819599,
      "ret": 25.090220094184552,
      "sharpe": 1.9536242228721585,
      "pm": 18,
      "tm": 25
    },
    "4": {
      "combo": [
        "D8",
        "ALL_DOJI_REV",
        "IDX_GAP_FILL",
        "ALL_MACD_HIST"
      ],
      "n": 1716,
      "pf": 1.2765222974309292,
      "wr": 68.58974358974359,
      "mdd": -4.433607438169037,
      "ret": 35.826537615386385,
      "sharpe": 2.3445040581608856,
      "pm": 19,
      "tm": 25
    }
  },
  "PF": {
    "2": {
      "combo": [
        "D8",
        "ALL_MACD_HIST"
      ],
      "n": 674,
      "pf": 1.313338202088333,
      "wr": 77.00296735905044,
      "mdd": -1.97110969855476,
      "ret": 10.41859207624536,
      "sharpe": 1.821310796579045,
      "pm": 17,
      "tm": 25
    },
    "3": {
      "combo": [
        "D8",
        "ALL_MACD_HIST",
        "ALL_DOJI_REV"
      ],
      "n": 1195,
      "pf": 1.306080959191309,
      "wr": 72.46861924686192,
      "mdd": -3.4114294569032713,
      "ret": 22.46370358070631,
      "sharpe": 2.269417547002356,
      "pm": 19,
      "tm": 25
    },
    "4": {
      "combo": [
        "D8",
        "ALL_MACD_HIST",
        "ALL_DOJI_REV",
        "IDX_GAP_FILL"
      ],
      "n": 1716,
      "pf": 1.2765222974309292,
      "wr": 68.58974358974359,
      "mdd": -4.433607438169037,
      "ret": 35.826537615386385,
      "sharpe": 2.3445040581608856,
      "pm": 19,
      "tm": 25
    }
  },
  "MinDD": {
    "2": {
      "combo": [
        "D8",
        "ALL_MACD_HIST"
      ],
      "n": 674,
      "pf": 1.313338202088333,
      "wr": 77.00296735905044,
      "mdd": -1.97110969855476,
      "ret": 10.41859207624536,
      "sharpe": 1.821310796579045,
      "pm": 17,
      "tm": 25
    },
    "3": {
      "combo": [
        "D8",
        "ALL_MACD_HIST",
        "IDX_GAP_FILL"
      ],
      "n": 1195,
      "pf": 1.2665360061118107,
      "wr": 69.4560669456067,
      "mdd": -3.361113282151528,
      "ret": 22.467103407487127,
      "sharpe": 1.9917802732834557,
      "pm": 17,
      "tm": 25
    },
    "4": {
      "combo": [
        "D8",
        "ALL_MACD_HIST",
        "IDX_GAP_FILL",
        "ALL_DOJI_REV"
      ],
      "n": 1716,
      "pf": 1.2765222974309292,
      "wr": 68.58974358974359,
      "mdd": -4.433607438169037,
      "ret": 35.826537615386385,
      "sharpe": 2.3445040581608856,
      "pm": 19,
      "tm": 25
    }
  },
  "Sharpe": {
    "2": {
      "combo": [
        "D8",
        "ALL_MACD_HIST"
      ],
      "n": 674,
      "pf": 1.313338202088333,
      "wr": 77.00296735905044,
      "mdd": -1.97110969855476,
      "ret": 10.41859207624536,
      "sharpe": 1.821310796579045,
      "pm": 17,
      "tm": 25
    },
    "3": {
      "combo": [
        "D8",
        "ALL_MACD_HIST",
        "ALL_DOJI_REV"
      ],
      "n": 1195,
      "pf": 1.306080959191309,
      "wr": 72.46861924686192,
      "mdd": -3.4114294569032713,
      "ret": 22.46370358070631,
      "sharpe": 2.269417547002356,
      "pm": 19,
      "tm": 25
    },
    "4": {
      "combo": [
        "D8",
        "ALL_MACD_HIST",
        "ALL_DOJI_REV",
        "IDX_GAP_FILL"
      ],
      "n": 1716,
      "pf": 1.2765222974309292,
      "wr": 68.58974358974359,
      "mdd": -4.433607438169037,
      "ret": 35.826537615386385,
      "sharpe": 2.3445040581608856,
      "pm": 19,
      "tm": 25
    }
  },
  "PF*WR": {
    "2": {
      "combo": [
        "D8",
        "ALL_MACD_HIST"
      ],
      "n": 674,
      "pf": 1.313338202088333,
      "wr": 77.00296735905044,
      "mdd": -1.97110969855476,
      "ret": 10.41859207624536,
      "sharpe": 1.821310796579045,
      "pm": 17,
      "tm": 25
    },
    "3": {
      "combo": [
        "D8",
        "ALL_MACD_HIST",
        "ALL_DOJI_REV"
      ],
      "n": 1195,
      "pf": 1.306080959191309,
      "wr": 72.46861924686192,
      "mdd": -3.4114294569032713,
      "ret": 22.46370358070631,
      "sharpe": 2.269417547002356,
      "pm": 19,
      "tm": 25
    },
    "4": {
      "combo": [
        "D8",
        "ALL_MACD_HIST",
        "ALL_DOJI_REV",
        "IDX_GAP_FILL"
      ],
      "n": 1716,
      "pf": 1.2765222974309292,
      "wr": 68.58974358974359,
      "mdd": -4.433607438169037,
      "ret": 35.826537615386385,
      "sharpe": 2.3445040581608856,
      "pm": 19,
      "tm": 25
    }
  },
  "Diverse": {
    "2": {
      "combo": [
        "D8",
        "ALL_DOJI_REV"
      ],
      "n": 666,
      "pf": 1.2928876783917445,
      "wr": 68.91891891891892,
      "mdd": -2.2683449027435443,
      "ret": 12.783642308821813,
      "sharpe": 1.7741152115489511,
      "pm": 18,
      "tm": 25
    },
    "3": {
      "combo": [
        "D8",
        "ALL_DOJI_REV",
        "IDX_GAP_FILL"
      ],
      "n": 1187,
      "pf": 1.264364822051528,
      "wr": 64.86941870261163,
      "mdd": -3.332859973819599,
      "ret": 25.090220094184552,
      "sharpe": 1.9536242228721585,
      "pm": 18,
      "tm": 25
    },
    "4": {
      "combo": [
        "D8",
        "ALL_DOJI_REV",
        "IDX_GAP_FILL",
        "ALL_MACD_HIST"
      ],
      "n": 1716,
      "pf": 1.2765222974309292,
      "wr": 68.58974358974359,
      "mdd": -4.433607438169037,
      "ret": 35.826537615386385,
      "sharpe": 2.3445040581608856,
      "pm": 19,
      "tm": 25
    }
  }
}