{
  "Calmar": {
    "2": {
      "combo": [
        "IDX_PREV_HL",
        "ALL_CMO_14"
      ],
      "n": 588,
      "pf": 1.6138283628598036,
      "wr": 77.04081632653062,
      "mdd": -0.25918776009595496,
      "ret": 4.234714759887415,
      "sharpe": 3.7255266327116776,
      "pm": 13,
      "tm": 13
    },
    "3": {
      "combo": [
        "IDX_PREV_HL",
        "ALL_CMO_14",
        "IDX_GAP_CONT"
      ],
      "n": 928,
      "pf": 1.6753240647944034,
      "wr": 76.40086206896551,
      "mdd": -0.3990608114077021,
      "ret": 7.714910620664509,
      "sharpe": 4.5099484232906475,
      "pm": 13,
      "tm": 13
    },
    "4": {
      "combo": [
        "IDX_PREV_HL",
        "ALL_CMO_14",
        "IDX_GAP_CONT",
        "LON_ASIAN_BRK"
      ],
      "n": 1106,
      "pf": 1.664906824460975,
      "wr": 75.85895117540687,
      "mdd": -0.3944779038297914,
      "ret": 9.311132300749538,
      "sharpe": 5.02950832473742,
      "pm": 13,
      "tm": 13
    },
    "5": {
      "combo": [
        "IDX_PREV_HL",
        "ALL_CMO_14",
        "IDX_GAP_CONT",
        "LON_ASIAN_BRK",
        "ALL_CCI_100"
      ],
      "n": 1468,
      "pf": 1.640755671615763,
      "wr": 72.27520435967303,
      "mdd": -0.7378433568376341,
      "ret": 14.045676836266443,
      "sharpe": 5.315252930810574,
      "pm": 13,
      "tm": 13
    },
    "6": {
      "combo": [
        "IDX_PREV_HL",
        "ALL_CMO_14",
        "IDX_GAP_CONT",
        "LON_ASIAN_BRK",
        "ALL_CCI_100",
        "IDX_LATE_REV"
      ],
      "n": 1793,
      "pf": 1.6113638857956611,
      "wr": 71.10987172336866,
      "mdd": -1.0201924566228913,
      "ret": 17.286964288598625,
      "sharpe": 5.795426318819294,
      "pm": 13,
      "tm": 13
    }
  },
  "PF": {
    "2": {
      "combo": [
        "IDX_PREV_HL",
        "IDX_GAP_CONT"
      ],
      "n": 563,
      "pf": 1.7028264178505468,
      "wr": 74.95559502664298,
      "mdd": -0.45977904938126546,
      "ret": 5.098676513478218,
      "sharpe": 3.604285049951677,
      "pm": 12,
      "tm": 13
    },
    "3": {
      "combo": [
        "IDX_PREV_HL",
        "IDX_GAP_CONT",
        "ALL_CMO_14"
      ],
      "n": 928,
      "pf": 1.6753240647944034,
      "wr": 76.40086206896551,
      "mdd": -0.3990608114077021,
      "ret": 7.714910620664509,
      "sharpe": 4.5099484232906475,
      "pm": 13,
      "tm": 13
    },
    "4": {
      "combo": [
        "IDX_PREV_HL",
        "IDX_GAP_CONT",
        "ALL_CMO_14",
        "LON_ASIAN_BRK"
      ],
      "n": 1106,
      "pf": 1.664906824460975,
      "wr": 75.85895117540687,
      "mdd": -0.3944779038297914,
      "ret": 9.311132300749538,
      "sharpe": 5.02950832473742,
      "pm": 13,
      "tm": 13
    },
    "5": {
      "combo": [
        "IDX_PREV_HL",
        "IDX_GAP_CONT",
        "ALL_CMO_14",
        "LON_ASIAN_BRK",
        "ALL_CCI_100"
      ],
      "n": 1468,
      "pf": 1.640755671615763,
      "wr": 72.27520435967303,
      "mdd": -0.7378433568376341,
      "ret": 14.045676836266443,
      "sharpe": 5.315252930810574,
      "pm": 13,
      "tm": 13
    },
    "6": {
      "combo": [
        "IDX_PREV_HL",
        "IDX_GAP_CONT",
        "ALL_CMO_14",
        "LON_ASIAN_BRK",
        "ALL_CCI_100",
        "IDX_LATE_REV"
      ],
      "n": 1793,
      "pf": 1.6113638857956611,
      "wr": 71.10987172336866,
      "mdd": -1.0201924566228913,
      "ret": 17.286964288598625,
      "sharpe": 5.795426318819294,
      "pm": 13,
      "tm": 13
    }
  },
  "MinDD": {
    "2": {
      "combo": [
        "IDX_PREV_HL",
        "ALL_CMO_14"
      ],
      "n": 588,
      "pf": 1.6138283628598036,
      "wr": 77.04081632653062,
      "mdd": -0.25918776009595496,
      "ret": 4.234714759887415,
      "sharpe": 3.7255266327116776,
      "pm": 13,
      "tm": 13
    },
    "3": {
      "combo": [
        "IDX_PREV_HL",
        "ALL_CMO_14",
        "LON_ASIAN_BRK"
      ],
      "n": 766,
      "pf": 1.6145942879228148,
      "wr": 76.10966057441253,
      "mdd": -0.3088882063630162,
      "ret": 5.779363597810618,
      "sharpe": 4.225771955000319,
      "pm": 12,
      "tm": 13
    },
    "4": {
      "combo": [
        "IDX_PREV_HL",
        "ALL_CMO_14",
        "LON_ASIAN_BRK",
        "IDX_GAP_CONT"
      ],
      "n": 1106,
      "pf": 1.664906824460975,
      "wr": 75.85895117540687,
      "mdd": -0.3944779038297914,
      "ret": 9.311132300749538,
      "sharpe": 5.02950832473742,
      "pm": 13,
      "tm": 13
    },
    "5": {
      "combo": [
        "IDX_PREV_HL",
        "ALL_CMO_14",
        "LON_ASIAN_BRK",
        "IDX_GAP_CONT",
        "IDX_LATE_REV"
      ],
      "n": 1433,
      "pf": 1.61483181599493,
      "wr": 73.5519888346127,
      "mdd": -0.704993795650817,
      "ret": 12.38671709969612,
      "sharpe": 5.378061776567667,
      "pm": 13,
      "tm": 13
    },
    "6": {
      "combo": [
        "IDX_PREV_HL",
        "ALL_CMO_14",
        "LON_ASIAN_BRK",
        "IDX_GAP_CONT",
        "IDX_LATE_REV",
        "ALL_CCI_100"
      ],
      "n": 1793,
      "pf": 1.6113638857956611,
      "wr": 71.10987172336866,
      "mdd": -1.0201924566228913,
      "ret": 17.286964288598625,
      "sharpe": 5.795426318819294,
      "pm": 13,
      "tm": 13
    }
  },
  "Sharpe": {
    "2": {
      "combo": [
        "IDX_PREV_HL",
        "ALL_CMO_14"
      ],
      "n": 588,
      "pf": 1.6138283628598036,
      "wr": 77.04081632653062,
      "mdd": -0.25918776009595496,
      "ret": 4.234714759887415,
      "sharpe": 3.7255266327116776,
      "pm": 13,
      "tm": 13
    },
    "3": {
      "combo": [
        "IDX_PREV_HL",
        "ALL_CMO_14",
        "IDX_GAP_CONT"
      ],
      "n": 928,
      "pf": 1.6753240647944034,
      "wr": 76.40086206896551,
      "mdd": -0.3990608114077021,
      "ret": 7.714910620664509,
      "sharpe": 4.5099484232906475,
      "pm": 13,
      "tm": 13
    },
    "4": {
      "combo": [
        "IDX_PREV_HL",
        "ALL_CMO_14",
        "IDX_GAP_CONT",
        "LON_ASIAN_BRK"
      ],
      "n": 1106,
      "pf": 1.664906824460975,
      "wr": 75.85895117540687,
      "mdd": -0.3944779038297914,
      "ret": 9.311132300749538,
      "sharpe": 5.02950832473742,
      "pm": 13,
      "tm": 13
    },
    "5": {
      "combo": [
        "IDX_PREV_HL",
        "ALL_CMO_14",
        "IDX_GAP_CONT",
        "LON_ASIAN_BRK",
        "IDX_LATE_REV"
      ],
      "n": 1433,
      "pf": 1.61483181599493,
      "wr": 73.5519888346127,
      "mdd": -0.704993795650817,
      "ret": 12.38671709969612,
      "sharpe": 5.378061776567667,
      "pm": 13,
      "tm": 13
    },
    "6": {
      "combo": [
        "IDX_PREV_HL",
        "ALL_CMO_14",
        "IDX_GAP_CONT",
        "LON_ASIAN_BRK",
        "IDX_LATE_REV",
        "ALL_CCI_100"
      ],
      "n": 1793,
      "pf": 1.6113638857956611,
      "wr": 71.10987172336866,
      "mdd": -1.0201924566228913,
      "ret": 17.286964288598625,
      "sharpe": 5.795426318819294,
      "pm": 13,
      "tm": 13
    }
  },
  "PF*WR": {
    "2": {
      "combo": [
        "IDX_PREV_HL",
        "IDX_GAP_CONT"
      ],
      "n": 563,
      "pf": 1.7028264178505468,
      "wr": 74.95559502664298,
      "mdd": -0.45977904938126546,
      "ret": 5.098676513478218,
      "sharpe": 3.604285049951677,
      "pm": 12,
      "tm": 13
    },
    "3": {
      "combo": [
        "IDX_PREV_HL",
        "IDX_GAP_CONT",
        "ALL_CMO_14"
      ],
      "n": 928,
      "pf": 1.6753240647944034,
      "wr": 76.40086206896551,
      "mdd": -0.3990608114077021,
      "ret": 7.714910620664509,
      "sharpe": 4.5099484232906475,
      "pm": 13,
      "tm": 13
    },
    "4": {
      "combo": [
        "IDX_PREV_HL",
        "IDX_GAP_CONT",
        "ALL_CMO_14",
        "LON_ASIAN_BRK"
      ],
      "n": 1106,
      "pf": 1.664906824460975,
      "wr": 75.85895117540687,
      "mdd": -0.3944779038297914,
      "ret": 9.311132300749538,
      "sharpe": 5.02950832473742,
      "pm": 13,