{
  "Calmar": {
    "2": {
      "combo": [
        "IDX_CONSEC_REV",
        "D8"
      ],
      "n": 403,
      "pf": 1.7267154906603206,
      "wr": 77.41935483870968,
      "mdd": -0.3293143810913069,
      "ret": 3.372023707179949,
      "sharpe": 3.7436727883212533,
      "pm": 12,
      "tm": 13
    },
    "3": {
      "combo": [
        "IDX_CONSEC_REV",
        "D8",
        "ALL_CCI_100"
      ],
      "n": 753,
      "pf": 1.5393713920159988,
      "wr": 73.70517928286853,
      "mdd": -0.4426136414209955,
      "ret": 5.499855443867375,
      "sharpe": 3.935440626174404,
      "pm": 11,
      "tm": 13
    },
    "4": {
      "combo": [
        "IDX_CONSEC_REV",
        "D8",
        "ALL_CCI_100",
        "IDX_BB_REV"
      ],
      "n": 1088,
      "pf": 1.4838034695675675,
      "wr": 73.71323529411765,
      "mdd": -0.8864800790135382,
      "ret": 7.221670370068837,
      "sharpe": 3.884498016583888,
      "pm": 11,
      "tm": 13
    },
    "5": {
      "combo": [
        "IDX_CONSEC_REV",
        "D8",
        "ALL_CCI_100",
        "IDX_BB_REV",
        "ALL_DC50"
      ],
      "n": 1265,
      "pf": 1.465996707535326,
      "wr": 70.35573122529645,
      "mdd": -1.3799040077578435,
      "ret": 9.26104689234939,
      "sharpe": 3.876147473572428,
      "pm": 11,
      "tm": 13
    }
  },
  "PF": {
    "2": {
      "combo": [
        "IDX_CONSEC_REV",
        "D8"
      ],
      "n": 403,
      "pf": 1.7267154906603206,
      "wr": 77.41935483870968,
      "mdd": -0.3293143810913069,
      "ret": 3.372023707179949,
      "sharpe": 3.7436727883212533,
      "pm": 12,
      "tm": 13
    },
    "3": {
      "combo": [
        "IDX_CONSEC_REV",
        "D8",
        "IDX_BB_REV"
      ],
      "n": 755,
      "pf": 1.5582703284634398,
      "wr": 75.89403973509934,
      "mdd": -0.6758588204316904,
      "ret": 5.257762900628295,
      "sharpe": 3.8421334030454775,
      "pm": 12,
      "tm": 13
    },
    "4": {
      "combo": [
        "IDX_CONSEC_REV",
        "D8",
        "IDX_BB_REV",
        "ALL_DC50"
      ],
      "n": 965,
      "pf": 1.517614044297789,
      "wr": 71.19170984455958,
      "mdd": -0.9618969606465612,
      "ret": 7.577332794074944,
      "sharpe": 3.947602384646383,
      "pm": 11,
      "tm": 13
    },
    "5": {
      "combo": [
        "IDX_CONSEC_REV",
        "D8",
        "IDX_BB_REV",
        "ALL_DC50",
        "ALL_CCI_100"
      ],
      "n": 1265,
      "pf": 1.465996707535326,
      "wr": 70.35573122529645,
      "mdd": -1.3799040077578435,
      "ret": 9.26104689234939,
      "sharpe": 3.876147473572428,
      "pm": 11,
      "tm": 13
    }
  },
  "MinDD": {
    "2": {
      "combo": [
        "IDX_CONSEC_REV",
        "D8"
      ],
      "n": 403,
      "pf": 1.7267154906603206,
      "wr": 77.41935483870968,
      "mdd": -0.3293143810913069,
      "ret": 3.372023707179949,
      "sharpe": 3.7436727883212533,
      "pm": 12,
      "tm": 13
    },
    "3": {
      "combo": [
        "IDX_CONSEC_REV",
        "D8",
        "ALL_CCI_100"
      ],
      "n": 753,
      "pf": 1.5393713920159988,
      "wr": 73.70517928286853,
      "mdd": -0.4426136414209955,
      "ret": 5.499855443867375,
      "sharpe": 3.935440626174404,
      "pm": 11,
      "tm": 13
    },
    "4": {
      "combo": [
        "IDX_CONSEC_REV",
        "D8",
        "ALL_CCI_100",
        "IDX_BB_REV"
      ],
      "n": 1088,
      "pf": 1.4838034695675675,
      "wr": 73.71323529411765,
      "mdd": -0.8864800790135382,
      "ret": 7.221670370068837,
      "sharpe": 3.884498016583888,
      "pm": 11,
      "tm": 13
    },
    "5": {
      "combo": [
        "IDX_CONSEC_REV",
        "D8",
        "ALL_CCI_100",
        "IDX_BB_REV",
        "ALL_DC50"
      ],
      "n": 1265,
      "pf": 1.465996707535326,
      "wr": 70.35573122529645,
      "mdd": -1.3799040077578435,
      "ret": 9.26104689234939,
      "sharpe": 3.876147473572428,
      "pm": 11,
      "tm": 13
    }
  },
  "Sharpe": {
    "2": {
      "combo": [
        "IDX_CONSEC_REV",
        "ALL_CCI_100"
      ],
      "n": 710,
      "pf": 1.5694506722159354,
      "wr": 74.78873239436619,
      "mdd": -0.5420218160223688,
      "ret": 5.237000843244052,
      "sharpe": 3.9141599621415173,
      "pm": 10,
      "tm": 13
    },
    "3": {
      "combo": [
        "IDX_CONSEC_REV",
        "ALL_CCI_100",
        "D8"
      ],
      "n": 753,
      "pf": 1.5393713920159988,
      "wr": 73.70517928286853,
      "mdd": -0.4426136414209955,
      "ret": 5.499855443867375,
      "sharpe": 3.935440626174404,
      "pm": 11,
      "tm": 13
    },
    "4": {
      "combo": [
        "IDX_CONSEC_REV",
        "ALL_CCI_100",
        "D8",
        "IDX_BB_REV"
      ],
      "n": 1088,
      "pf": 1.4838034695675675,
      "wr": 73.71323529411765,
      "mdd": -0.8864800790135382,
      "ret": 7.221670370068837,
      "sharpe": 3.884498016583888,
      "pm": 11,
      "tm": 13
    },
    "5": {
      "combo": [
        "IDX_CONSEC_REV",
        "ALL_CCI_100",
        "D8",
        "IDX_BB_REV",
        "ALL_DC50"
      ],
      "n": 1265,
      "pf": 1.465996707535326,
      "wr": 70.35573122529645,
      "mdd": -1.3799040077578435,
      "ret": 9.26104689234939,
      "sharpe": 3.876147473572428,
      "pm": 11,
      "tm": 13
    }
  },
  "PF*WR": {
    "2": {
      "combo": [
        "IDX_CONSEC_REV",
        "D8"
      ],
      "n": 403,
      "pf": 1.7267154906603206,
      "wr": 77.41935483870968,
      "mdd": -0.3293143810913069,
      "ret": 3.372023707179949,
      "sharpe": 3.7436727883212533,
      "pm": 12,
      "tm": 13
    },
    "3": {
      "combo": [
        "IDX_CONSEC_REV",
        "D8",
        "IDX_BB_REV"
      ],
      "n": 755,
      "pf": 1.5582703284634398,
      "wr": 75.89403973509934,
      "mdd": -0.6758588204316904,
      "ret": 5.257762900628295,
      "sharpe": 3.8421334030454775,
      "pm": 12,
      "tm": 13
    },
    "4": {
      "combo": [
        "IDX_CONSEC_REV",
        "D8",
        "IDX_BB_REV",
        "ALL_CCI_100"
      ],
      "n": 1088,
      "pf": 1.4838034695675675,
      "wr": 73.71323529411765,
      "mdd": -0.8864800790135382,
      "ret": 7.221670370068837,
      "sharpe": 3.884498016583888,
      "pm": 11,
      "tm": 13
    },
    "5": {
      "combo": [
        "IDX_CONSEC_REV",
        "D8",
        "IDX_BB_REV",
        "ALL_CCI_100",
        "ALL_DC50"
      ],
      "n": 1265,
      "pf": 1.465996707535326,
      "wr": 70.35573122529645,
      "mdd": -1.3799040077578435,
      "ret": 9.26104689234939,
      "sharpe": 3.876147473572428,
      "pm": 11,
      "tm": 13
    }
  },
  "Diverse": {
    "2": {
      "combo": [
        "IDX_CONSEC_REV",
        "ALL_CCI_100"
      ],
      "n": 710,
      "pf": 1.5694506722159354,
      "wr": 74.78873239436619,
      "mdd": -0.5420218160223688,
      "ret": 5.237000843244052,
      "sharpe": 3.9141599621415173,
      "pm": 10,
      "tm": 13
    },
    "3": {
      "combo": [
        "IDX_CONSEC_REV",
        "ALL_CCI_100",
        "D8"
      ],
      "n": 753,
      "pf": 1.5393713920159988,
      "wr": 73.70517928286853,
      "mdd": -0.4426136414209955,
      "ret": 5.499855443867375,
      "sharpe": 3.935440626174404,
      "pm": 11,
      "tm": 13
    },
    "4": {
      "combo": [
        "IDX_CONSEC_REV",
        "ALL_CCI_100",
        "D8",
        "ALL_DC50"
      ],
      "n": 1018,
      "pf": 1.4912433860316763,
      "wr": 69.44990176817288,
      "mdd": -1.0583050993585257,
      "ret": 7.964755160278539,
      "sharpe": 3.8218007005538124,
      "pm": 12,
      "tm": 13
    },
    "5": {
      "combo": [
        "IDX_CONSEC_REV",
        "ALL_CCI_100",
        "D8",
        "ALL_DC50",
        "IDX_BB_REV"
      ],
      "n": 1265,
      "pf": 1.465996707535326,
      "wr": 70.35573122529645,
      "mdd": -1.3799040077578435,
      "ret": 9.26104689234939,
      "sharpe": 3.876147473572428,
      "pm": 11,
      "tm": 13
    }
  }
}