{
  "Calmar": {
    "2": {
      "combo": [
        "ALL_AO_SAUCER",
        "ALL_ELDER_BEAR"
      ],
      "n": 1149,
      "pf": 1.4462220174404556,
      "wr": 76.84943429068755,
      "mdd": -2.214158655871427,
      "ret": 26.500869805156547,
      "sharpe": 3.126901190978121,
      "pm": 20,
      "tm": 25
    },
    "3": {
      "combo": [
        "ALL_AO_SAUCER",
        "ALL_ELDER_BEAR",
        "ALL_FIB_618"
      ],
      "n": 1567,
      "pf": 1.353440478012519,
      "wr": 73.89917038927888,
      "mdd": -3.0805419071659492,
      "ret": 34.128149554784436,
      "sharpe": 2.9059719125569723,
      "pm": 19,
      "tm": 25
    },
    "4": {
      "combo": [
        "ALL_AO_SAUCER",
        "ALL_ELDER_BEAR",
        "ALL_FIB_618",
        "ALL_FVG_BULL"
      ],
      "n": 2001,
      "pf": 1.3063892654575668,
      "wr": 74.46276861569216,
      "mdd": -4.265486272480084,
      "ret": 37.709275431543766,
      "sharpe": 2.6869864695834025,
      "pm": 18,
      "tm": 25
    }
  },
  "PF": {
    "2": {
      "combo": [
        "ALL_AO_SAUCER",
        "ALL_ELDER_BEAR"
      ],
      "n": 1149,
      "pf": 1.4462220174404556,
      "wr": 76.84943429068755,
      "mdd": -2.214158655871427,
      "ret": 26.500869805156547,
      "sharpe": 3.126901190978121,
      "pm": 20,
      "tm": 25
    },
    "3": {
      "combo": [
        "ALL_AO_SAUCER",
        "ALL_ELDER_BEAR",
        "ALL_FVG_BULL"
      ],
      "n": 1566,
      "pf": 1.3808887478355298,
      "wr": 77.2669220945083,
      "mdd": -3.254585474912715,
      "ret": 31.127099360152467,
      "sharpe": 2.914901776194253,
      "pm": 19,
      "tm": 25
    },
    "4": {
      "combo": [
        "ALL_AO_SAUCER",
        "ALL_ELDER_BEAR",
        "ALL_FVG_BULL",
        "ALL_FIB_618"
      ],
      "n": 2001,
      "pf": 1.3063892654575668,
      "wr": 74.46276861569216,
      "mdd": -4.265486272480084,
      "ret": 37.709275431543766,
      "sharpe": 2.6869864695834025,
      "pm": 18,
      "tm": 25
    }
  },
  "MinDD": {
    "2": {
      "combo": [
        "ALL_AO_SAUCER",
        "ALL_ELDER_BEAR"
      ],
      "n": 1149,
      "pf": 1.4462220174404556,
      "wr": 76.84943429068755,
      "mdd": -2.214158655871427,
      "ret": 26.500869805156547,
      "sharpe": 3.126901190978121,
      "pm": 20,
      "tm": 25
    },
    "3": {
      "combo": [
        "ALL_AO_SAUCER",
        "ALL_ELDER_BEAR",
        "ALL_FIB_618"
      ],
      "n": 1567,
      "pf": 1.353440478012519,
      "wr": 73.89917038927888,
      "mdd": -3.0805419071659492,
      "ret": 34.128149554784436,
      "sharpe": 2.9059719125569723,
      "pm": 19,
      "tm": 25
    },
    "4": {
      "combo": [
        "ALL_AO_SAUCER",
        "ALL_ELDER_BEAR",
        "ALL_FIB_618",
        "ALL_FVG_BULL"
      ],
      "n": 2001,
      "pf": 1.3063892654575668,
      "wr": 74.46276861569216,
      "mdd": -4.265486272480084,
      "ret": 37.709275431543766,
      "sharpe": 2.6869864695834025,
      "pm": 18,
      "tm": 25
    }
  },
  "Sharpe": {
    "2": {
      "combo": [
        "ALL_AO_SAUCER",
        "ALL_ELDER_BEAR"
      ],
      "n": 1149,
      "pf": 1.4462220174404556,
      "wr": 76.84943429068755,
      "mdd": -2.214158655871427,
      "ret": 26.500869805156547,
      "sharpe": 3.126901190978121,
      "pm": 20,
      "tm": 25
    },
    "3": {
      "combo": [
        "ALL_AO_SAUCER",
        "ALL_ELDER_BEAR",
        "ALL_FVG_BULL"
      ],
      "n": 1566,
      "pf": 1.3808887478355298,
      "wr": 77.2669220945083,
      "mdd": -3.254585474912715,
      "ret": 31.127099360152467,
      "sharpe": 2.914901776194253,
      "pm": 19,
      "tm": 25
    },
    "4": {
      "combo": [
        "ALL_AO_SAUCER",
        "ALL_ELDER_BEAR",
        "ALL_FVG_BULL",
        "ALL_FIB_618"
      ],
      "n": 2001,
      "pf": 1.3063892654575668,
      "wr": 74.46276861569216,
      "mdd": -4.265486272480084,
      "ret": 37.709275431543766,
      "sharpe": 2.6869864695834025,
      "pm": 18,
      "tm": 25
    }
  },
  "PF*WR": {
    "2": {
      "combo": [
        "ALL_AO_SAUCER",
        "ALL_ELDER_BEAR"
      ],
      "n": 1149,
      "pf": 1.4462220174404556,
      "wr": 76.84943429068755,
      "mdd": -2.214158655871427,
      "ret": 26.500869805156547,
      "sharpe": 3.126901190978121,
      "pm": 20,
      "tm": 25
    },
    "3": {
      "combo": [
        "ALL_AO_SAUCER",
        "ALL_ELDER_BEAR",
        "ALL_FVG_BULL"
      ],
      "n": 1566,
      "pf": 1.3808887478355298,
      "wr": 77.2669220945083,
      "mdd": -3.254585474912715,
      "ret": 31.127099360152467,
      "sharpe": 2.914901776194253,
      "pm": 19,
      "tm": 25
    },
    "4": {
      "combo": [
        "ALL_AO_SAUCER",
        "ALL_ELDER_BEAR",
        "ALL_FVG_BULL",
        "ALL_FIB_618"
      ],
      "n": 2001,
      "pf": 1.3063892654575668,
      "wr": 74.46276861569216,
      "mdd": -4.265486272480084,
      "ret": 37.709275431543766,
      "sharpe": 2.6869864695834025,
      "pm": 18,
      "tm": 25
    }
  },
  "Diverse": {
    "2": {
      "combo": [
        "ALL_AO_SAUCER",
        "ALL_FIB_618"
      ],
      "n": 1058,
      "pf": 1.2869241426966447,
      "wr": 72.77882797731569,
      "mdd": -3.140274230285934,
      "ret": 18.182704752949313,
      "sharpe": 2.0069900403157406,
      "pm": 16,
      "tm": 25
    },
    "3": {
      "combo": [
        "ALL_AO_SAUCER",
        "ALL_FIB_618",
        "ALL_ELDER_BEAR"
      ],
      "n": 1567,
      "pf": 1.353440478012519,
      "wr": 73.89917038927888,
      "mdd": -3.0805419071659492,
      "ret": 34.128149554784436,
      "sharpe": 2.9059719125569723,
      "pm": 19,
      "tm": 25
    },
    "4": {
      "combo": [
        "ALL_AO_SAUCER",
        "ALL_FIB_618",
        "ALL_ELDER_BEAR",
        "ALL_FVG_BULL"
      ],
      "n": 2001,
      "pf": 1.3063892654575668,
      "wr": 74.46276861569216,
      "mdd": -4.265486272480084,
      "ret": 37.709275431543766,
      "sharpe": 2.6869864695834025,
      "pm": 18,
      "tm": 25
    }
  }
}