{
  "Calmar": {
    "2": {
      "combo": [
        "NY_ELDER",
        "ALL_CONSEC_REV"
      ],
      "n": 446,
      "pf": 1.495008184523588,
      "wr": 78.9237668161435,
      "mdd": -0.3089450022638366,
      "ret": 2.3483324161451455,
      "sharpe": 5.448488424837725,
      "pm": 10,
      "tm": 13
    },
    "3": {
      "combo": [
        "NY_ELDER",
        "ALL_CONSEC_REV",
        "ALL_ELDER_BULL"
      ],
      "n": 728,
      "pf": 1.4563109628448963,
      "wr": 75.82417582417582,
      "mdd": -0.5190504821305728,
      "ret": 4.0747903129164476,
      "sharpe": 6.172466892342624,
      "pm": 11,
      "tm": 13
    },
    "4": {
      "combo": [
        "NY_ELDER",
        "ALL_CONSEC_REV",
        "ALL_ELDER_BULL",
        "ALL_CMO_14"
      ],
      "n": 980,
      "pf": 1.4127985757853243,
      "wr": 73.87755102040816,
      "mdd": -0.7709590819954579,
      "ret": 5.3849683310139085,
      "sharpe": 6.449753153540278,
      "pm": 12,
      "tm": 13
    }
  },
  "PF": {
    "2": {
      "combo": [
        "NY_ELDER",
        "ALL_ELDER_BULL"
      ],
      "n": 534,
      "pf": 1.5162543601722174,
      "wr": 75.65543071161048,
      "mdd": -0.47156436173902944,
      "ret": 3.3966151348786657,
      "sharpe": 5.951986667228682,
      "pm": 9,
      "tm": 13
    },
    "3": {
      "combo": [
        "NY_ELDER",
        "ALL_ELDER_BULL",
        "ALL_CONSEC_REV"
      ],
      "n": 728,
      "pf": 1.4563109628448963,
      "wr": 75.82417582417582,
      "mdd": -0.5190504821305728,
      "ret": 4.0747903129164476,
      "sharpe": 6.172466892342624,
      "pm": 11,
      "tm": 13
    },
    "4": {
      "combo": [
        "NY_ELDER",
        "ALL_ELDER_BULL",
        "ALL_CONSEC_REV",
        "ALL_CMO_14"
      ],
      "n": 980,
      "pf": 1.4127985757853243,
      "wr": 73.87755102040816,
      "mdd": -0.7709590819954579,
      "ret": 5.3849683310139085,
      "sharpe": 6.449753153540278,
      "pm": 12,
      "tm": 13
    }
  },
  "MinDD": {
    "2": {
      "combo": [
        "NY_ELDER",
        "ALL_CONSEC_REV"
      ],
      "n": 446,
      "pf": 1.495008184523588,
      "wr": 78.9237668161435,
      "mdd": -0.3089450022638366,
      "ret": 2.3483324161451455,
      "sharpe": 5.448488424837725,
      "pm": 10,
      "tm": 13
    },
    "3": {
      "combo": [
        "NY_ELDER",
        "ALL_CONSEC_REV",
        "ALL_ELDER_BULL"
      ],
      "n": 728,
      "pf": 1.4563109628448963,
      "wr": 75.82417582417582,
      "mdd": -0.5190504821305728,
      "ret": 4.0747903129164476,
      "sharpe": 6.172466892342624,
      "pm": 11,
      "tm": 13
    },
    "4": {
      "combo": [
        "NY_ELDER",
        "ALL_CONSEC_REV",
        "ALL_ELDER_BULL",
        "ALL_CMO_14"
      ],
      "n": 980,
      "pf": 1.4127985757853243,
      "wr": 73.87755102040816,
      "mdd": -0.7709590819954579,
      "ret": 5.3849683310139085,
      "sharpe": 6.449753153540278,
      "pm": 12,
      "tm": 13
    }
  },
  "Sharpe": {
    "2": {
      "combo": [
        "NY_ELDER",
        "ALL_ELDER_BULL"
      ],
      "n": 534,
      "pf": 1.5162543601722174,
      "wr": 75.65543071161048,
      "mdd": -0.47156436173902944,
      "ret": 3.3966151348786657,
      "sharpe": 5.951986667228682,
      "pm": 9,
      "tm": 13
    },
    "3": {
      "combo": [
        "NY_ELDER",
        "ALL_ELDER_BULL",
        "ALL_CMO_14"
      ],
      "n": 785,
      "pf": 1.4529793605783428,
      "wr": 73.50318471337579,
      "mdd": -0.585076244708948,
      "ret": 4.7910185343294724,
      "sharpe": 6.733431222806527,
      "pm": 11,
      "tm": 13
    },
    "4": {
      "combo": [
        "NY_ELDER",
        "ALL_ELDER_BULL",
        "ALL_CMO_14",
        "ALL_CONSEC_REV"
      ],
      "n": 980,
      "pf": 1.4127985757853243,
      "wr": 73.87755102040816,
      "mdd": -0.7709590819954579,
      "ret": 5.3849683310139085,
      "sharpe": 6.449753153540278,
      "pm": 12,
      "tm": 13
    }
  },
  "PF*WR": {
    "2": {
      "combo": [
        "NY_ELDER",
        "ALL_CONSEC_REV"
      ],
      "n": 446,
      "pf": 1.495008184523588,
      "wr": 78.9237668161435,
      "mdd": -0.3089450022638366,
      "ret": 2.3483324161451455,
      "sharpe": 5.448488424837725,
      "pm": 10,
      "tm": 13
    },
    "3": {
      "combo": [
        "NY_ELDER",
        "ALL_CONSEC_REV",
        "ALL_ELDER_BULL"
      ],
      "n": 728,
      "pf": 1.4563109628448963,
      "wr": 75.82417582417582,
      "mdd": -0.5190504821305728,
      "ret": 4.0747903129164476,
      "sharpe": 6.172466892342624,
      "pm": 11,
      "tm": 13
    },
    "4": {
      "combo": [
        "NY_ELDER",
        "ALL_CONSEC_REV",
        "ALL_ELDER_BULL",
        "ALL_CMO_14"
      ],
      "n": 980,
      "pf": 1.4127985757853243,
      "wr": 73.87755102040816,
      "mdd": -0.7709590819954579,
      "ret": 5.3849683310139085,
      "sharpe": 6.449753153540278,
      "pm": 12,
      "tm": 13
    }
  },
  "Diverse": {
    "2": {
      "combo": [
        "NY_ELDER",
        "ALL_ELDER_BULL"
      ],
      "n": 534,
      "pf": 1.5162543601722174,
      "wr": 75.65543071161048,
      "mdd": -0.47156436173902944,
      "ret": 3.3966151348786657,
      "sharpe": 5.951986667228682,
      "pm": 9,
      "tm": 13
    },
    "3": {
      "combo": [
        "NY_ELDER",
        "ALL_ELDER_BULL",
        "ALL_CONSEC_REV"
      ],
      "n": 728,
      "pf": 1.4563109628448963,
      "wr": 75.82417582417582,
      "mdd": -0.5190504821305728,
      "ret": 4.0747903129164476,
      "sharpe": 6.172466892342624,
      "pm": 11,
      "tm": 13
    },
    "4": {
      "combo": [
        "NY_ELDER",
        "ALL_ELDER_BULL",
        "ALL_CONSEC_REV",
        "ALL_CMO_14"
      ],
      "n": 980,
      "pf": 1.4127985757853243,
      "wr": 73.87755102040816,
      "mdd": -0.7709590819954579,
      "ret": 5.3849683310139085,
      "sharpe": 6.449753153540278,
      "pm": 12,
      "tm": 13
    }
  }
}