{
  "Calmar": {
    "2": {
      "combo": [
        "TOK_TRIX",
        "ALL_TRIX"
      ],
      "n": 430,
      "pf": 1.729098084314933,
      "wr": 85.5813953488372,
      "mdd": -0.09395735531494373,
      "ret": 0.45317670193874804,
      "sharpe": 5.344062293714784,
      "pm": 11,
      "tm": 13
    }
  },
  "PF": {
    "2": {
      "combo": [
        "TOK_TRIX",
        "ALL_TRIX"
      ],
      "n": 430,
      "pf": 1.729098084314933,
      "wr": 85.5813953488372,
      "mdd": -0.09395735531494373,
      "ret": 0.45317670193874804,
      "sharpe": 5.344062293714784,
      "pm": 11,
      "tm": 13
    }
  },
  "MinDD": {
    "2": {
      "combo": [
        "TOK_TRIX",
        "ALL_TRIX"
      ],
      "n": 430,
      "pf": 1.729098084314933,
      "wr": 85.5813953488372,
      "mdd": -0.09395735531494373,
      "ret": 0.45317670193874804,
      "sharpe": 5.344062293714784,
      "pm": 11,
      "tm": 13
    }
  },
  "Sharpe": {
    "2": {
      "combo": [
        "TOK_TRIX",
        "ALL_TRIX"
      ],
      "n": 430,
      "pf": 1.729098084314933,
      "wr": 85.5813953488372,
      "mdd": -0.09395735531494373,
      "ret": 0.45317670193874804,
      "sharpe": 5.344062293714784,
      "pm": 11,
      "tm": 13
    }
  },
  "PF*WR": {
    "2": {
      "combo": [
        "TOK_TRIX",
        "ALL_TRIX"
      ],
      "n": 430,
      "pf": 1.729098084314933,
      "wr": 85.5813953488372,
      "mdd": -0.09395735531494373,
      "ret": 0.45317670193874804,
      "sharpe": 5.344062293714784,
      "pm": 11,
      "tm": 13
    }
  },
  "Diverse": {
    "2": {
      "combo": [
        "TOK_TRIX",
        "ALL_TRIX"
      ],
      "n": 430,
      "pf": 1.729098084314933,
      "wr": 85.5813953488372,
      "mdd": -0.09395735531494373,
      "ret": 0.45317670193874804,
      "sharpe": 5.344062293714784,
      "pm": 11,
      "tm": 13
    }
  }
}