{
  "Calmar": {
    "2": {
      "combo": [
        "NY_HMA_CROSS",
        "ALL_CONSEC_REV"
      ],
      "n": 517,
      "pf": 1.618345102445853,
      "wr": 76.01547388781431,
      "mdd": -0.3425875014810631,
      "ret": 3.9287545176951535,
      "sharpe": 4.228919409324301,
      "pm": 11,
      "tm": 13
    },
    "3": {
      "combo": [
        "NY_HMA_CROSS",
        "ALL_CONSEC_REV",
        "ALL_ELDER_BULL"
      ],
      "n": 779,
      "pf": 1.5843652101211034,
      "wr": 77.27856225930681,
      "mdd": -0.3659335544618388,
      "ret": 5.324910912843304,
      "sharpe": 4.72171065569532,
      "pm": 13,
      "tm": 13
    },
    "4": {
      "combo": [
        "NY_HMA_CROSS",
        "ALL_CONSEC_REV",
        "ALL_ELDER_BULL",
        "IDX_LATE_REV"
      ],
      "n": 1017,
      "pf": 1.59729881167505,
      "wr": 77.08947885939035,
      "mdd": -0.4784302074990492,
      "ret": 7.224542204220692,
      "sharpe": 5.464814881323338,
      "pm": 12,
      "tm": 13
    }
  },
  "PF": {
    "2": {
      "combo": [
        "NY_HMA_CROSS",
        "IDX_LATE_REV"
      ],
      "n": 492,
      "pf": 1.7018758386360333,
      "wr": 73.57723577235772,
      "mdd": -0.46777353881087963,
      "ret": 4.700994176036111,
      "sharpe": 4.552287661349439,
      "pm": 10,
      "tm": 13
    },
    "3": {
      "combo": [
        "NY_HMA_CROSS",
        "IDX_LATE_REV",
        "ALL_CONSEC_REV"
      ],
      "n": 757,
      "pf": 1.6278326817069815,
      "wr": 76.221928665786,
      "mdd": -0.4458836363508867,
      "ret": 5.840390388093917,
      "sharpe": 5.111725715232392,
      "pm": 12,
      "tm": 13
    },
    "4": {
      "combo": [
        "NY_HMA_CROSS",
        "IDX_LATE_REV",
        "ALL_CONSEC_REV",
        "ALL_ELDER_BULL"
      ],
      "n": 1017,
      "pf": 1.59729881167505,
      "wr": 77.08947885939035,
      "mdd": -0.4784302074990492,
      "ret": 7.224542204220692,
      "sharpe": 5.464814881323338,
      "pm": 12,
      "tm": 13
    }
  },
  "MinDD": {
    "2": {
      "combo": [
        "NY_HMA_CROSS",
        "ALL_CONSEC_REV"
      ],
      "n": 517,
      "pf": 1.618345102445853,
      "wr": 76.01547388781431,
      "mdd": -0.3425875014810631,
      "ret": 3.9287545176951535,
      "sharpe": 4.228919409324301,
      "pm": 11,
      "tm": 13
    },
    "3": {
      "combo": [
        "NY_HMA_CROSS",
        "ALL_CONSEC_REV",
        "ALL_ELDER_BULL"
      ],
      "n": 779,
      "pf": 1.5843652101211034,
      "wr": 77.27856225930681,
      "mdd": -0.3659335544618388,
      "ret": 5.324910912843304,
      "sharpe": 4.72171065569532,
      "pm": 13,
      "tm": 13
    },
    "4": {
      "combo": [
        "NY_HMA_CROSS",
        "ALL_CONSEC_REV",
        "ALL_ELDER_BULL",
        "IDX_LATE_REV"
      ],
      "n": 1017,
      "pf": 1.59729881167505,
      "wr": 77.08947885939035,
      "mdd": -0.4784302074990492,
      "ret": 7.224542204220692,
      "sharpe": 5.464814881323338,
      "pm": 12,
      "tm": 13
    }
  },
  "Sharpe": {
    "2": {
      "combo": [
        "NY_HMA_CROSS",
        "IDX_LATE_REV"
      ],
      "n": 492,
      "pf": 1.7018758386360333,
      "wr": 73.57723577235772,
      "mdd": -0.46777353881087963,
      "ret": 4.700994176036111,
      "sharpe": 4.552287661349439,
      "pm": 10,
      "tm": 13
    },
    "3": {
      "combo": [
        "NY_HMA_CROSS",
        "IDX_LATE_REV",
        "ALL_CONSEC_REV"
      ],
      "n": 757,
      "pf": 1.6278326817069815,
      "wr": 76.221928665786,
      "mdd": -0.4458836363508867,
      "ret": 5.840390388093917,
      "sharpe": 5.111725715232392,
      "pm": 12,
      "tm": 13
    },
    "4": {
      "combo": [
        "NY_HMA_CROSS",
        "IDX_LATE_REV",
        "ALL_CONSEC_REV",
        "ALL_ELDER_BULL"
      ],
      "n": 1017,
      "pf": 1.59729881167505,
      "wr": 77.08947885939035,
      "mdd": -0.4784302074990492,
      "ret": 7.224542204220692,
      "sharpe": 5.464814881323338,
      "pm": 12,
      "tm": 13
    }
  },
  "PF*WR": {
    "2": {
      "combo": [
        "NY_HMA_CROSS",
        "IDX_LATE_REV"
      ],
      "n": 492,
      "pf": 1.7018758386360333,
      "wr": 73.57723577235772,
      "mdd": -0.46777353881087963,
      "ret": 4.700994176036111,
      "sharpe": 4.552287661349439,
      "pm": 10,
      "tm": 13
    },
    "3": {
      "combo": [
        "NY_HMA_CROSS",
        "IDX_LATE_REV",
        "ALL_CONSEC_REV"
      ],
      "n": 757,
      "pf": 1.6278326817069815,
      "wr": 76.221928665786,
      "mdd": -0.4458836363508867,
      "ret": 5.840390388093917,
      "sharpe": 5.111725715232392,
      "pm": 12,
      "tm": 13
    },
    "4": {
      "combo": [
        "NY_HMA_CROSS",
        "IDX_LATE_REV",
        "ALL_CONSEC_REV",
        "ALL_ELDER_BULL"
      ],
      "n": 1017,
      "pf": 1.59729881167505,
      "wr": 77.08947885939035,
      "mdd": -0.4784302074990492,
      "ret": 7.224542204220692,
      "sharpe": 5.464814881323338,
      "pm": 12,
      "tm": 13
    }
  },
  "Diverse": {
    "2": {
      "combo": [
        "NY_HMA_CROSS",
        "IDX_LATE_REV"
      ],
      "n": 492,
      "pf": 1.7018758386360333,
      "wr": 73.57723577235772,
      "mdd": -0.46777353881087963,
      "ret": 4.700994176036111,
      "sharpe": 4.552287661349439,
      "pm": 10,
      "tm": 13
    },
    "3": {
      "combo": [
        "NY_HMA_CROSS",
        "IDX_LATE_REV",
        "ALL_CONSEC_REV"
      ],
      "n": 757,
      "pf": 1.6278326817069815,
      "wr": 76.221928665786,
      "mdd": -0.4458836363508867,
      "ret": 5.840390388093917,
      "sharpe": 5.111725715232392,
      "pm": 12,
      "tm": 13
    },
    "4": {
      "combo": [
        "NY_HMA_CROSS",
        "IDX_LATE_REV",
        "ALL_CONSEC_REV",
        "ALL_ELDER_BULL"
      ],
      "n": 1017,
      "pf": 1.59729881167505,
      "wr": 77.08947885939035,
      "mdd": -0.4784302074990492,
      "ret": 7.224542204220692,
      "sharpe": 5.464814881323338,
      "pm": 12,
      "tm": 13
    }
  }
}