{
  "Calmar": {
    "2": {
      "combo": [
        "ALL_MACD_HIST",
        "IDX_LATE_REV"
      ],
      "n": 531,
      "pf": 1.5391145597572748,
      "wr": 83.61581920903954,
      "mdd": -0.2746980790699264,
      "ret": 2.3778024527831003,
      "sharpe": 3.4389076648997343,
      "pm": 11,
      "tm": 13
    },
    "3": {
      "combo": [
        "ALL_MACD_HIST",
        "IDX_LATE_REV",
        "ALL_CONSEC_REV"
      ],
      "n": 788,
      "pf": 1.51116349419472,
      "wr": 82.86802030456852,
      "mdd": -0.30484249795501683,
      "ret": 3.510181949389065,
      "sharpe": 4.0884737647545135,
      "pm": 12,
      "tm": 13
    },
    "4": {
      "combo": [
        "ALL_MACD_HIST",
        "IDX_LATE_REV",
        "ALL_CONSEC_REV",
        "ALL_MACD_DIV"
      ],
      "n": 1021,
      "pf": 1.506508170645932,
      "wr": 80.1175318315377,
      "mdd": -0.5172923786413216,
      "ret": 5.278344737202438,
      "sharpe": 4.5985268318507515,
      "pm": 10,
      "tm": 13
    }
  },
  "PF": {
    "2": {
      "combo": [
        "ALL_MACD_HIST",
        "IDX_LATE_REV"
      ],
      "n": 531,
      "pf": 1.5391145597572748,
      "wr": 83.61581920903954,
      "mdd": -0.2746980790699264,
      "ret": 2.3778024527831003,
      "sharpe": 3.4389076648997343,
      "pm": 11,
      "tm": 13
    },
    "3": {
      "combo": [
        "ALL_MACD_HIST",
        "IDX_LATE_REV",
        "ALL_MACD_DIV"
      ],
      "n": 778,
      "pf": 1.532041372377501,
      "wr": 79.94858611825192,
      "mdd": -0.4450177336603018,
      "ret": 4.2478629049904555,
      "sharpe": 4.185967900318335,
      "pm": 11,
      "tm": 13
    },
    "4": {
      "combo": [
        "ALL_MACD_HIST",
        "IDX_LATE_REV",
        "ALL_MACD_DIV",
        "ALL_CONSEC_REV"
      ],
      "n": 1021,
      "pf": 1.506508170645932,
      "wr": 80.1175318315377,
      "mdd": -0.5172923786413216,
      "ret": 5.278344737202438,
      "sharpe": 4.5985268318507515,
      "pm": 10,
      "tm": 13
    }
  },
  "MinDD": {
    "2": {
      "combo": [
        "ALL_MACD_HIST",
        "ALL_CONSEC_REV"
      ],
      "n": 550,
      "pf": 1.4593840386235057,
      "wr": 85.81818181818181,
      "mdd": -0.24100453359264937,
      "ret": 1.807349597479406,
      "sharpe": 3.224552814002706,
      "pm": 10,
      "tm": 13
    },
    "3": {
      "combo": [
        "ALL_MACD_HIST",
        "ALL_CONSEC_REV",
        "IDX_LATE_REV"
      ],
      "n": 788,
      "pf": 1.51116349419472,
      "wr": 82.86802030456852,
      "mdd": -0.30484249795501683,
      "ret": 3.510181949389065,
      "sharpe": 4.0884737647545135,
      "pm": 12,
      "tm": 13
    },
    "4": {
      "combo": [
        "ALL_MACD_HIST",
        "ALL_CONSEC_REV",
        "IDX_LATE_REV",
        "ALL_MACD_DIV"
      ],
      "n": 1021,
      "pf": 1.506508170645932,
      "wr": 80.1175318315377,
      "mdd": -0.5172923786413216,
      "ret": 5.278344737202438,
      "sharpe": 4.5985268318507515,
      "pm": 10,
      "tm": 13
    }
  },
  "Sharpe": {
    "2": {
      "combo": [
        "ALL_MACD_HIST",
        "ALL_MACD_DIV"
      ],
      "n": 540,
      "pf": 1.5219998079734063,
      "wr": 81.85185185185185,
      "mdd": -0.37184515462586776,
      "ret": 2.5973454522319956,
      "sharpe": 3.5505247276672702,
      "pm": 10,
      "tm": 13
    },
    "3": {
      "combo": [
        "ALL_MACD_HIST",
        "ALL_MACD_DIV",
        "IDX_LATE_REV"
      ],
      "n": 778,
      "pf": 1.532041372377501,
      "wr": 79.94858611825192,
      "mdd": -0.4450177336603018,
      "ret": 4.2478629049904555,
      "sharpe": 4.185967900318335,
      "pm": 11,
      "tm": 13
    },
    "4": {
      "combo": [
        "ALL_MACD_HIST",
        "ALL_MACD_DIV",
        "IDX_LATE_REV",
        "ALL_CONSEC_REV"
      ],
      "n": 1021,
      "pf": 1.506508170645932,
      "wr": 80.1175318315377,
      "mdd": -0.5172923786413216,
      "ret": 5.278344737202438,
      "sharpe": 4.5985268318507515,
      "pm": 10,
      "tm": 13
    }
  },
  "PF*WR": {
    "2": {
      "combo": [
        "ALL_MACD_HIST",
        "IDX_LATE_REV"
      ],
      "n": 531,
      "pf": 1.5391145597572748,
      "wr": 83.61581920903954,
      "mdd": -0.2746980790699264,
      "ret": 2.3778024527831003,
      "sharpe": 3.4389076648997343,
      "pm": 11,
      "tm": 13
    },
    "3": {
      "combo": [
        "ALL_MACD_HIST",
        "IDX_LATE_REV",
        "ALL_CONSEC_REV"
      ],
      "n": 788,
      "pf": 1.51116349419472,
      "wr": 82.86802030456852,
      "mdd": -0.30484249795501683,
      "ret": 3.510181949389065,
      "sharpe": 4.0884737647545135,
      "pm": 12,
      "tm": 13
    },
    "4": {
      "combo": [
        "ALL_MACD_HIST",
        "IDX_LATE_REV",
        "ALL_CONSEC_REV",
        "ALL_MACD_DIV"
      ],
      "n": 1021,
      "pf": 1.506508170645932,
      "wr": 80.1175318315377,
      "mdd": -0.5172923786413216,
      "ret": 5.278344737202438,
      "sharpe": 4.5985268318507515,
      "pm": 10,
      "tm": 13
    }
  },
  "Diverse": {
    "2": {
      "combo": [
        "ALL_MACD_HIST",
        "IDX_LATE_REV"
      ],
      "n": 531,
      "pf": 1.5391145597572748,
      "wr": 83.61581920903954,
      "mdd": -0.2746980790699264,
      "ret": 2.3778024527831003,
      "sharpe": 3.4389076648997343,
      "pm": 11,
      "tm": 13
    },
    "3": {
      "combo": [
        "ALL_MACD_HIST",
        "IDX_LATE_REV",
        "ALL_CONSEC_REV"
      ],
      "n": 788,
      "pf": 1.51116349419472,
      "wr": 82.86802030456852,
      "mdd": -0.30484249795501683,
      "ret": 3.510181949389065,
      "sharpe": 4.0884737647545135,
      "pm": 12,
      "tm": 13
    },
    "4": {
      "combo": [
        "ALL_MACD_HIST",
        "IDX_LATE_REV",
        "ALL_CONSEC_REV",
        "ALL_MACD_DIV"
      ],
      "n": 1021,
      "pf": 1.506508170645932,
      "wr": 80.1175318315377,
      "mdd": -0.5172923786413216,
      "ret": 5.278344737202438,
      "sharpe": 4.5985268318507515,
      "pm": 10,
      "tm": 13
    }
  }
}