{
  "Calmar": {
    "2": {
      "combo": [
        "D8",
        "IDX_TREND_DAY"
      ],
      "n": 354,
      "pf": 1.7973249105424176,
      "wr": 79.66101694915254,
      "mdd": -0.20834063220152135,
      "ret": 2.9071047921196587,
      "sharpe": 4.27155332241729,
      "pm": 12,
      "tm": 13
    },
    "3": {
      "combo": [
        "D8",
        "IDX_TREND_DAY",
        "ALL_RSI_EXTREME"
      ],
      "n": 601,
      "pf": 1.7568202903626962,
      "wr": 79.70049916805324,
      "mdd": -0.21923691394237538,
      "ret": 4.733487149382869,
      "sharpe": 5.139079449685294,
      "pm": 12,
      "tm": 13
    },
    "4": {
      "combo": [
        "D8",
        "IDX_TREND_DAY",
        "ALL_RSI_EXTREME",
        "PO3_SWEEP"
      ],
      "n": 645,
      "pf": 1.7962244775841187,
      "wr": 80.46511627906978,
      "mdd": -0.2192369139424053,
      "ret": 5.153162445619339,
      "sharpe": 5.516249120180835,
      "pm": 12,
      "tm": 13
    },
    "5": {
      "combo": [
        "D8",
        "IDX_TREND_DAY",
        "ALL_RSI_EXTREME",
        "PO3_SWEEP",
        "ALL_ELDER_BEAR"
      ],
      "n": 1006,
      "pf": 1.722643506596785,
      "wr": 72.86282306163022,
      "mdd": -0.4549891033592153,
      "ret": 10.371624617086564,
      "sharpe": 5.7739909579479525,
      "pm": 12,
      "tm": 13
    },
    "6": {
      "combo": [
        "D8",
        "IDX_TREND_DAY",
        "ALL_RSI_EXTREME",
        "PO3_SWEEP",
        "ALL_ELDER_BEAR",
        "IDX_RSI_REV"
      ],
      "n": 1257,
      "pf": 1.7081703323454545,
      "wr": 74.1447891805887,
      "mdd": -0.6315981555238842,
      "ret": 12.243531810872796,
      "sharpe": 5.652941652269616,
      "pm": 12,
      "tm": 13
    },
    "7": {
      "combo": [
        "D8",
        "IDX_TREND_DAY",
        "ALL_RSI_EXTREME",
        "PO3_SWEEP",
        "ALL_ELDER_BEAR",
        "IDX_RSI_REV",
        "ALL_ELDER_BULL"
      ],
      "n": 1528,
      "pf": 1.6380617411548921,
      "wr": 75.39267015706807,
      "mdd": -0.774862524836697,
      "ret": 12.875444016194365,
      "sharpe": 5.775209743520398,
      "pm": 12,
      "tm": 13
    },
    "8": {
      "combo": [
        "D8",
        "IDX_TREND_DAY",
        "ALL_RSI_EXTREME",
        "PO3_SWEEP",
        "ALL_ELDER_BEAR",
        "IDX_RSI_REV",
        "ALL_ELDER_BULL",
        "ALL_HAMMER"
      ],
      "n": 1750,
      "pf": 1.6128967080073497,
      "wr": 71.65714285714286,
      "mdd": -0.918703298741872,
      "ret": 14.249732427080685,
      "sharpe": 5.836229388604995,
      "pm": 12,
      "tm": 13
    }
  },
  "PF": {
    "2": {
      "combo": [
        "D8",
        "PO3_SWEEP"
      ],
      "n": 82,
      "pf": 3.6655868952328055,
      "wr": 91.46341463414635,
      "mdd": -0.09997500000000231,
      "ret": 0.9353326014263148,
      "sharpe": 8.96485744862455,
      "pm": 11,
      "tm": 12
    },
    "3": {
      "combo": [
        "D8",
        "PO3_SWEEP",
        "ALL_RSI_EXTREME"
      ],
      "n": 337,
      "pf": 1.861758138230339,
      "wr": 82.19584569732937,
      "mdd": -0.14992501249999443,
      "ret": 2.6280328117472527,
      "sharpe": 4.30121007370428,
      "pm": 11,
      "tm": 13
    },
    "4": {
      "combo": [
        "D8",
        "PO3_SWEEP",
        "ALL_RSI_EXTREME",
        "IDX_TREND_DAY"
      ],
      "n": 645,
      "pf": 1.7962244775841187,
      "wr": 80.46511627906978,
      "mdd": -0.2192369139424053,
      "ret": 5.153162445619339,
      "sharpe": 5.516249120180835,
      "pm": 12,
      "tm": 13
    },
    "5": {
      "combo": [
        "D8",
        "PO3_SWEEP",
        "ALL_RSI_EXTREME",
        "IDX_TREND_DAY",
        "IDX_RSI_REV"
      ],
      "n": 896,
      "pf": 1.7495405085139475,
      "wr": 80.13392857142857,
      "mdd": -0.4039584724737198,
      "ret": 6.936499885500743,
      "sharpe": 4.74787039544122,
      "pm": 12,
      "tm": 13
    },
    "6": {
      "combo": [
        "D8",
        "PO3_SWEEP",
        "ALL_RSI_EXTREME",
        "IDX_TREND_DAY",
        "IDX_RSI_REV",
        "ALL_ELDER_BEAR"
      ],
      "n": 1257,
      "pf": 1.7081703323454545,
      "wr": 74.1447891805887,
      "mdd": -0.6315981555238842,
      "ret": 12.243531810872796,
      "sharpe": 5.652941652269616,
      "pm": 12,
      "tm": 13
    },
    "7": {
      "combo": [
        "D8",
        "PO3_SWEEP",
        "ALL_RSI_EXTREME",
        "IDX_TREND_DAY",
        "IDX_RSI_REV",
        "ALL_ELDER_BEAR",
        "ALL_ELDER_BULL"
      ],
      "n": 1528,
      "pf": 1.6380617411548921,
      "wr": 75.39267015706807,
      "mdd": -0.774862524836697,
      "ret": 12.875444016194365,
      "sharpe": 5.775209743520398,
      "pm": 12,
      "tm": 13
    },
    "8": {
      "combo": [
        "D8",
        "PO3_SWEEP",
        "ALL_RSI_EXTREME",
        "IDX_TREND_DAY",
        "IDX_RSI_REV",
        "ALL_ELDER_BEAR",
        "ALL_ELDER_BULL",
        "ALL_HAMMER"
      ],
      "n": 1750,
      "pf": 1.6128967080073497,
      "wr": 71.65714285714286,
      "mdd": -0.918703298741872,
      "ret": 14.249732427080685,
      "sharpe": 5.836229388604995,
      "pm": 12,
      "tm": 13
    }
  },
  "MinDD": {
    "2": {
      "combo": [
        "D8",
        "PO3_SWEEP"
      ],
      "n": 82,
      "pf": 3.6655868952328055,
      "wr": 91.46341463414635,
      "mdd": -0.09997500000000231,
      "ret": 0.9353326014263148,
      "sharpe": 8.96485744862455,
      "pm": 11,
      "tm": 12
    },
    "3": {
      "combo": [
        "D8",
        "PO3_SWEEP",
        "ALL_RSI_EXTREME"
      ],
      "n": 337,
      "pf": 1.861758138230339,
      "wr": 82.19584569732937,
      "mdd": -0.14992501249999443,
      "ret": 2.6280328117472527,
      "sharpe": 4.30121007370428,
      "pm": 11,
      "tm": 13
    },
    "4": {
      "combo": [
        "D8",
        "PO3_SWEEP",
        "ALL_RSI_EXTREME",
        "IDX_TREND_DAY"
      ],
      "n": 645,
      "pf": 1.7962244775841187,
      "wr": 80.46511627906978,
      "mdd": -0.2192369139424053,
      "ret": 5.153162445619339,
      "sharpe": 5.516249120180835,
      "pm": 12,
      "tm": 13
    },
    "5": {
      "combo": [
        "D8",
        "PO3_SWEEP",
        "ALL_RSI_EXTREME",
        "IDX_TREND_DAY",
        "ALL_ELDER_BULL"
      ],
      "n": 1009,
      "pf": 1.6912703087783647,
      "wr": 80.2775024777007,
      "mdd": -0.3407137933748729,
      "ret": 7.174183295982803,
      "sharpe": 6.074945038180189,
      "pm": 12,
      "tm": 13
    },
    "6": {
      "combo": [
        "D8",
        "PO3_SWEEP",
        "ALL_RSI_EXTREME",
        "IDX_TREND_DAY",
        "ALL_ELDER_BULL",
        "IDX_RSI_REV"
      ],
      "n": 1260,
      "pf": 1.678694060895478,
      "wr": 80.07936507936509,
      "mdd": -0.5252104648858111,
      "ret": 8.991709375389414,
      "sharpe": 5.368509235556744,
      "pm": 12,
      "tm": 13
    },
    "7": {
      "combo": [
        "D8",
        "PO3_SWEEP",
        "ALL_RSI_EXTREME",
        "IDX_TREND_DAY",
        "ALL_ELDER_BULL",
        "IDX_RSI_REV",
        "ALL_HAMMER"
      ],
      "n": 1507,
      "pf": 1.6388417279386236,
      "wr": 74.65162574651626,
      "mdd": -0.7382915915202873,
      "ret": 10.664705006675678,
      "sharpe": 5.611724538048785,
      "pm": 11,
      "tm": 13
    },
    "8": {
      "combo": [
        "D8",
        "PO3_SWEEP",
        "ALL_RSI_EXTREME",
        "IDX_TREND_DAY",
        "ALL_ELDER_BULL",
        "IDX_RSI_REV",
        "ALL_HAMMER",
        "ALL_ELDER_BEAR"
      ],
      "n": 1750,
      "pf": 1.6128967080073497,
      "wr": 71.65714285714286,
      "mdd": -0.918703298741872,
      "ret": 14.249732427080685,
      "sharpe": 5.836229388604995,
      "pm": 12,
      "tm": 13
    }
  },
  "Sharpe": {
    "2": {
      "combo": [
        "D8",
        "PO3_SWEEP"
      ],
      "n": 82,
      "pf": 3.6655868952328055,
      "wr": 91.46341463414635,
      "mdd": -0.09997500000000231,
      "ret": 0.9353326014263148,
      "sharpe": 8.96485744862455,