{
  "Calmar": {
    "2": {
      "combo": [
        "ALL_CONSEC_REV",
        "ALL_AROON_CROSS"
      ],
      "n": 471,
      "pf": 1.5187023950930199,
      "wr": 71.54989384288747,
      "mdd": -0.4007823714030208,
      "ret": 3.5427199475287927,
      "sharpe": 5.8896464014029934,
      "pm": 11,
      "tm": 13
    },
    "3": {
      "combo": [
        "ALL_CONSEC_REV",
        "ALL_AROON_CROSS",
        "ALL_FVG_BULL"
      ],
      "n": 712,
      "pf": 1.5905027745346771,
      "wr": 74.43820224719101,
      "mdd": -0.4290074824279861,
      "ret": 5.56801940941067,
      "sharpe": 7.999183271027399,
      "pm": 11,
      "tm": 13
    },
    "4": {
      "combo": [
        "ALL_CONSEC_REV",
        "ALL_AROON_CROSS",
        "ALL_FVG_BULL",
        "IDX_CONSEC_REV"
      ],
      "n": 888,
      "pf": 1.568829661299967,
      "wr": 74.21171171171171,
      "mdd": -0.5769404991234901,
      "ret": 6.798850018300655,
      "sharpe": 7.654454234402525,
      "pm": 11,
      "tm": 13
    },
    "5": {
      "combo": [
        "ALL_CONSEC_REV",
        "ALL_AROON_CROSS",
        "ALL_FVG_BULL",
        "IDX_CONSEC_REV",
        "ALL_KB_SQUEEZE"
      ],
      "n": 1030,
      "pf": 1.517856297203162,
      "wr": 73.30097087378641,
      "mdd": -0.7500828160659933,
      "ret": 7.44561351498295,
      "sharpe": 7.140669096680773,
      "pm": 11,
      "tm": 13
    }
  },
  "PF": {
    "2": {
      "combo": [
        "ALL_CONSEC_REV",
        "ALL_FVG_BULL"
      ],
      "n": 457,
      "pf": 1.584498720017203,
      "wr": 76.14879649890591,
      "mdd": -0.3923496222476864,
      "ret": 3.2500298789674127,
      "sharpe": 7.467852658650192,
      "pm": 10,
      "tm": 13
    },
    "3": {
      "combo": [
        "ALL_CONSEC_REV",
        "ALL_FVG_BULL",
        "ALL_AROON_CROSS"
      ],
      "n": 712,
      "pf": 1.5905027745346771,
      "wr": 74.43820224719101,
      "mdd": -0.4290074824279861,
      "ret": 5.56801940941067,
      "sharpe": 7.999183271027399,
      "pm": 11,
      "tm": 13
    },
    "4": {
      "combo": [
        "ALL_CONSEC_REV",
        "ALL_FVG_BULL",
        "ALL_AROON_CROSS",
        "IDX_CONSEC_REV"
      ],
      "n": 888,
      "pf": 1.568829661299967,
      "wr": 74.21171171171171,
      "mdd": -0.5769404991234901,
      "ret": 6.798850018300655,
      "sharpe": 7.654454234402525,
      "pm": 11,
      "tm": 13
    },
    "5": {
      "combo": [
        "ALL_CONSEC_REV",
        "ALL_FVG_BULL",
        "ALL_AROON_CROSS",
        "IDX_CONSEC_REV",
        "ALL_KB_SQUEEZE"
      ],
      "n": 1030,
      "pf": 1.517856297203162,
      "wr": 73.30097087378641,
      "mdd": -0.7500828160659933,
      "ret": 7.44561351498295,
      "sharpe": 7.140669096680773,
      "pm": 11,
      "tm": 13
    }
  },
  "MinDD": {
    "2": {
      "combo": [
        "ALL_CONSEC_REV",
        "ALL_FVG_BULL"
      ],
      "n": 457,
      "pf": 1.584498720017203,
      "wr": 76.14879649890591,
      "mdd": -0.3923496222476864,
      "ret": 3.2500298789674127,
      "sharpe": 7.467852658650192,
      "pm": 10,
      "tm": 13
    },
    "3": {
      "combo": [
        "ALL_CONSEC_REV",
        "ALL_FVG_BULL",
        "ALL_KB_SQUEEZE"
      ],
      "n": 606,
      "pf": 1.4825780253365402,
      "wr": 74.0924092409241,
      "mdd": -0.42847319703845443,
      "ret": 3.8694226854360747,
      "sharpe": 5.973406777754665,
      "pm": 10,
      "tm": 13
    },
    "4": {
      "combo": [
        "ALL_CONSEC_REV",
        "ALL_FVG_BULL",
        "ALL_KB_SQUEEZE",
        "ALL_AROON_CROSS"
      ],
      "n": 861,
      "pf": 1.5213242166366823,
      "wr": 73.28687572590012,
      "mdd": -0.5404295342812471,
      "ret": 6.221487977637138,
      "sharpe": 7.212275290109424,
      "pm": 11,
      "tm": 13
    },
    "5": {
      "combo": [
        "ALL_CONSEC_REV",
        "ALL_FVG_BULL",
        "ALL_KB_SQUEEZE",
        "ALL_AROON_CROSS",
        "IDX_CONSEC_REV"
      ],
      "n": 1030,
      "pf": 1.517856297203162,
      "wr": 73.30097087378641,
      "mdd": -0.7500828160659933,
      "ret": 7.44561351498295,
      "sharpe": 7.140669096680773,
      "pm": 11,
      "tm": 13
    }
  },
  "Sharpe": {
    "2": {
      "combo": [
        "ALL_CONSEC_REV",
        "ALL_FVG_BULL"
      ],
      "n": 457,
      "pf": 1.584498720017203,
      "wr": 76.14879649890591,
      "mdd": -0.3923496222476864,
      "ret": 3.2500298789674127,
      "sharpe": 7.467852658650192,
      "pm": 10,
      "tm": 13
    },
    "3": {
      "combo": [
        "ALL_CONSEC_REV",
        "ALL_FVG_BULL",
        "ALL_AROON_CROSS"
      ],
      "n": 712,
      "pf": 1.5905027745346771,
      "wr": 74.43820224719101,
      "mdd": -0.4290074824279861,
      "ret": 5.56801940941067,
      "sharpe": 7.999183271027399,
      "pm": 11,
      "tm": 13
    },
    "4": {
      "combo": [
        "ALL_CONSEC_REV",
        "ALL_FVG_BULL",
        "ALL_AROON_CROSS",
        "IDX_CONSEC_REV"
      ],
      "n": 888,
      "pf": 1.568829661299967,
      "wr": 74.21171171171171,
      "mdd": -0.5769404991234901,
      "ret": 6.798850018300655,
      "sharpe": 7.654454234402525,
      "pm": 11,
      "tm": 13
    },
    "5": {
      "combo": [
        "ALL_CONSEC_REV",
        "ALL_FVG_BULL",
        "ALL_AROON_CROSS",
        "IDX_CONSEC_REV",
        "ALL_KB_SQUEEZE"
      ],
      "n": 1030,
      "pf": 1.517856297203162,
      "wr": 73.30097087378641,
      "mdd": -0.7500828160659933,
      "ret": 7.44561351498295,
      "sharpe": 7.140669096680773,
      "pm": 11,
      "tm": 13
    }
  },
  "PF*WR": {
    "2": {
      "combo": [
        "ALL_CONSEC_REV",
        "ALL_FVG_BULL"
      ],
      "n": 457,
      "pf": 1.584498720017203,
      "wr": 76.14879649890591,
      "mdd": -0.3923496222476864,
      "ret": 3.2500298789674127,
      "sharpe": 7.467852658650192,
      "pm": 10,
      "tm": 13
    },
    "3": {
      "combo": [
        "ALL_CONSEC_REV",
        "ALL_FVG_BULL",
        "ALL_AROON_CROSS"
      ],
      "n": 712,
      "pf": 1.5905027745346771,
      "wr": 74.43820224719101,
      "mdd": -0.4290074824279861,
      "ret": 5.56801940941067,
      "sharpe": 7.999183271027399,
      "pm": 11,
      "tm": 13
    },
    "4": {
      "combo": [
        "ALL_CONSEC_REV",
        "ALL_FVG_BULL",
        "ALL_AROON_CROSS",
        "IDX_CONSEC_REV"
      ],
      "n": 888,
      "pf": 1.568829661299967,
      "wr": 74.21171171171171,
      "mdd": -0.5769404991234901,
      "ret": 6.798850018300655,
      "sharpe": 7.654454234402525,
      "pm": 11,
      "tm": 13
    },
    "5": {
      "combo": [
        "ALL_CONSEC_REV",
        "ALL_FVG_BULL",
        "ALL_AROON_CROSS",
        "IDX_CONSEC_REV",
        "ALL_KB_SQUEEZE"
      ],
      "n": 1030,
      "pf": 1.517856297203162,
      "wr": 73.30097087378641,
      "mdd": -0.7500828160659933,
      "ret": 7.44561351498295,
      "sharpe": 7.140669096680773,
      "pm": 11,
      "tm": 13
    }
  },
  "Diverse": {
    "2": {
      "combo": [
        "ALL_CONSEC_REV",
        "ALL_AROON_CROSS"
      ],
      "n": 471,
      "pf": 1.5187023950930199,
      "wr": 71.54989384288747,
      "mdd": -0.4007823714030208,
      "ret": 3.5427199475287927,
      "sharpe": 5.8896464014029934,
      "pm": 11,
      "tm": 13
    },
    "3": {
      "combo": [
        "ALL_CONSEC_REV",
        "ALL_AROON_CROSS",
        "ALL_KB_SQUEEZE"
      ],
      "n": 621,
      "pf": 1.44071050146148,
      "wr": 70.53140096618358,
      "mdd": -0.593322848212738,
      "ret": 4.118774542458094,
      "sharpe": 5.420791539082815,
      "pm": 9,
      "tm": 13
    },
    "4": {
      "combo": [
        "ALL_CONSEC_REV",
        "ALL_AROON_CROSS",
        "ALL_KB_SQUEEZE",
        "ALL_FVG_BULL"
      ],
      "n": 861,
      "pf": 1.5213242166366823,
      "wr": 73.28687572590012,
      "mdd": -0.5404295342812471,
      "ret": 6.221487977637138,
      "sharpe": 7.212275290109424,
      "pm": 11,
      "tm": 13
    },