{
  "Calmar": {
    "2": {
      "combo": [
        "LON_ASIAN_BRK",
        "IDX_TREND_DAY"
      ],
      "n": 182,
      "pf": 1.7452145439280682,
      "wr": 76.37362637362637,
      "mdd": -0.23767735109980032,
      "ret": 1.6101454713139391,
      "sharpe": 4.799764517848743,
      "pm": 10,
      "tm": 13
    },
    "3": {
      "combo": [
        "LON_ASIAN_BRK",
        "IDX_TREND_DAY",
        "IDX_ORB30"
      ],
      "n": 387,
      "pf": 1.6624373360106899,
      "wr": 75.1937984496124,
      "mdd": -0.3210555984507115,
      "ret": 3.1864999240482574,
      "sharpe": 4.85723880981623,
      "pm": 10,
      "tm": 13
    },
    "4": {
      "combo": [
        "LON_ASIAN_BRK",
        "IDX_TREND_DAY",
        "IDX_ORB30",
        "TOK_TRIX"
      ],
      "n": 410,
      "pf": 1.6656488420485904,
      "wr": 75.1219512195122,
      "mdd": -0.27599139423966296,
      "ret": 3.341249851130764,
      "sharpe": 5.119090226999082,
      "pm": 11,
      "tm": 13
    },
    "5": {
      "combo": [
        "LON_ASIAN_BRK",
        "IDX_TREND_DAY",
        "IDX_ORB30",
        "TOK_TRIX",
        "TOK_FISHER"
      ],
      "n": 444,
      "pf": 1.7632426658931322,
      "wr": 74.54954954954955,
      "mdd": -0.30282063318724944,
      "ret": 4.286418987454759,
      "sharpe": 6.325242513266078,
      "pm": 11,
      "tm": 13
    },
    "6": {
      "combo": [
        "LON_ASIAN_BRK",
        "IDX_TREND_DAY",
        "IDX_ORB30",
        "TOK_TRIX",
        "TOK_FISHER",
        "ALL_RSI_EXTREME"
      ],
      "n": 539,
      "pf": 1.6660853992773088,
      "wr": 72.17068645640074,
      "mdd": -0.4870882065043629,
      "ret": 5.003188679164465,
      "sharpe": 6.825343039691793,
      "pm": 11,
      "tm": 13
    },
    "7": {
      "combo": [
        "LON_ASIAN_BRK",
        "IDX_TREND_DAY",
        "IDX_ORB30",
        "TOK_TRIX",
        "TOK_FISHER",
        "ALL_RSI_EXTREME",
        "ALL_MSTAR"
      ],
      "n": 573,
      "pf": 1.6014734070192647,
      "wr": 71.9022687609075,
      "mdd": -0.5280573993978858,
      "ret": 4.850606080206359,
      "sharpe": 6.512227722107566,
      "pm": 11,
      "tm": 13
    },
    "8": {
      "combo": [
        "LON_ASIAN_BRK",
        "IDX_TREND_DAY",
        "IDX_ORB30",
        "TOK_TRIX",
        "TOK_FISHER",
        "ALL_RSI_EXTREME",
        "ALL_MSTAR",
        "IDX_VWAP_BOUNCE"
      ],
      "n": 691,
      "pf": 1.5074841406535495,
      "wr": 70.91172214182345,
      "mdd": -0.7227303511829292,
      "ret": 5.144669906553172,
      "sharpe": 5.350714374305204,
      "pm": 9,
      "tm": 13
    },
    "9": {
      "combo": [
        "LON_ASIAN_BRK",
        "IDX_TREND_DAY",
        "IDX_ORB30",
        "TOK_TRIX",
        "TOK_FISHER",
        "ALL_RSI_EXTREME",
        "ALL_MSTAR",
        "IDX_VWAP_BOUNCE",
        "IDX_RSI_REV"
      ],
      "n": 797,
      "pf": 1.4722151200997682,
      "wr": 69.8870765370138,
      "mdd": -1.0506600946532947,
      "ret": 5.7367561683191886,
      "sharpe": 5.362180320457508,
      "pm": 9,
      "tm": 13
    }
  },
  "PF": {
    "2": {
      "combo": [
        "LON_ASIAN_BRK",
        "TOK_FISHER"
      ],
      "n": 71,
      "pf": 1.938695404083626,
      "wr": 67.6056338028169,
      "mdd": -0.253119448168333,
      "ret": 1.0883099133555951,
      "sharpe": 7.614891847734985,
      "pm": 2,
      "tm": 3
    },
    "3": {
      "combo": [
        "LON_ASIAN_BRK",
        "TOK_FISHER",
        "TOK_TRIX"
      ],
      "n": 88,
      "pf": 2.227390188018626,
      "wr": 71.5909090909091,
      "mdd": -0.1955619836271575,
      "ret": 1.4307517658998403,
      "sharpe": 11.585896874465567,
      "pm": 3,
      "tm": 3
    },
    "4": {
      "combo": [
        "LON_ASIAN_BRK",
        "TOK_FISHER",
        "TOK_TRIX",
        "ALL_MSTAR"
      ],
      "n": 133,
      "pf": 2.0791926384795754,
      "wr": 72.93233082706767,
      "mdd": -0.2717704791633538,
      "ret": 1.8591573993542259,
      "sharpe": 6.681789718118605,
      "pm": 8,
      "tm": 12
    },
    "5": {
      "combo": [
        "LON_ASIAN_BRK",
        "TOK_FISHER",
        "TOK_TRIX",
        "ALL_MSTAR",
        "IDX_TREND_DAY"
      ],
      "n": 280,
      "pf": 1.7631234092192962,
      "wr": 74.64285714285714,
      "mdd": -0.39002331501900883,
      "ret": 2.668794926565126,
      "sharpe": 6.720144697616063,
      "pm": 9,
      "tm": 13
    },
    "6": {
      "combo": [
        "LON_ASIAN_BRK",
        "TOK_FISHER",
        "TOK_TRIX",
        "ALL_MSTAR",
        "IDX_TREND_DAY",
        "IDX_ORB30"
      ],
      "n": 479,
      "pf": 1.6706122678691857,
      "wr": 74.11273486430062,
      "mdd": -0.4034876323646752,
      "ret": 4.1389120691322026,
      "sharpe": 5.983419991420014,
      "pm": 11,
      "tm": 13
    },
    "7": {
      "combo": [
        "LON_ASIAN_BRK",
        "TOK_FISHER",
        "TOK_TRIX",
        "ALL_MSTAR",
        "IDX_TREND_DAY",
        "IDX_ORB30",
        "ALL_RSI_EXTREME"
      ],
      "n": 573,
      "pf": 1.6014734070192647,
      "wr": 71.9022687609075,
      "mdd": -0.5280573993978858,
      "ret": 4.850606080206359,
      "sharpe": 6.512227722107566,
      "pm": 11,
      "tm": 13
    },
    "8": {
      "combo": [
        "LON_ASIAN_BRK",
        "TOK_FISHER",
        "TOK_TRIX",
        "ALL_MSTAR",
        "IDX_TREND_DAY",
        "IDX_ORB30",
        "ALL_RSI_EXTREME",
        "IDX_RSI_REV"
      ],
      "n": 680,
      "pf": 1.5570335197295575,
      "wr": 70.58823529411765,
      "mdd": -0.8675697868307045,
      "ret": 5.608899561108119,
      "sharpe": 6.3537062389942855,
      "pm": 12,
      "tm": 13
    },
    "9": {
      "combo": [
        "LON_ASIAN_BRK",
        "TOK_FISHER",
        "TOK_TRIX",
        "ALL_MSTAR",
        "IDX_TREND_DAY",
        "IDX_ORB30",
        "ALL_RSI_EXTREME",
        "IDX_RSI_REV",
        "IDX_VWAP_BOUNCE"
      ],
      "n": 797,
      "pf": 1.4722151200997682,
      "wr": 69.8870765370138,
      "mdd": -1.0506600946532947,
      "ret": 5.7367561683191886,
      "sharpe": 5.362180320457508,
      "pm": 9,
      "tm": 13
    }
  },
  "MinDD": {
    "2": {
      "combo": [
        "LON_ASIAN_BRK",
        "TOK_TRIX"
      ],
      "n": 55,
      "pf": 1.8501728990517259,
      "wr": 74.54545454545455,
      "mdd": -0.15443204527125204,
      "ret": 0.5145252044567896,
      "sharpe": 8.843096882627128,
      "pm": 2,
      "tm": 3
    },
    "3": {
      "combo": [
        "LON_ASIAN_BRK",
        "TOK_TRIX",
        "ALL_MSTAR"
      ],
      "n": 101,
      "pf": 1.8794500938939729,
      "wr": 75.24752475247524,
      "mdd": -0.1935394574340794,
      "ret": 1.0185816539205406,
      "sharpe": 4.997615141704072,
      "pm": 8,
      "tm": 12
    },
    "4": {
      "combo": [
        "LON_ASIAN_BRK",
        "TOK_TRIX",
        "ALL_MSTAR",
        "TOK_FISHER"
      ],
      "n": 133,
      "pf": 2.0791926384795754,
      "wr": 72.93233082706767,
      "mdd": -0.2717704791633538,
      "ret": 1.8591573993542259,
      "sharpe": 6.681789718118605,
      "pm": 8,
      "tm": 12
    },
    "5": {
      "combo": [
        "LON_ASIAN_BRK",
        "TOK_TRIX",
        "ALL_MSTAR",
        "TOK_FISHER",
        "IDX_ORB30"
      ],
      "n": 332,
      "pf": 1.6213977143876384,
      "wr": 72.59036144578313,
      "mdd": -0.30721373946508734,
      "ret": 2.783288134100061,
      "sharpe": 5.748250366507623,
      "pm": 9,
      "tm": 13
    },
    "6": {
      "combo": [
        "LON_ASIAN_BRK",
        "TOK_TRIX",
        "ALL_MSTAR",
        "TOK_FISHER",
        "IDX_ORB30",
        "IDX_TREND_DAY"
      ],
      "n": 479,
      "pf": 1.6706122678691857,
      "wr": 74.11273486430062,
      "mdd": -0.4034876323646752,
      "ret": 4.1389120691322026,
      "sharpe": 5.983419991420014,
      "pm": 11,
      "tm": 13
    },