{
  "Calmar": {
    "2": {
      "combo": [
        "ALL_HAMMER",
        "D8"
      ],
      "n": 673,
      "pf": 1.2854089923258532,
      "wr": 73.10549777117384,
      "mdd": -1.4786986039418466,
      "ret": 11.087912250042923,
      "sharpe": 1.776480236054094,
      "pm": 17,
      "tm": 25
    },
    "3": {
      "combo": [
        "ALL_HAMMER",
        "D8",
        "ALL_FVG_BULL"
      ],
      "n": 1197,
      "pf": 1.2564741203394258,
      "wr": 56.808688387635755,
      "mdd": -7.813118589202928,
      "ret": 33.60905984677689,
      "sharpe": 1.8570246819314036,
      "pm": 18,
      "tm": 25
    }
  },
  "PF": {
    "2": {
      "combo": [
        "ALL_HAMMER",
        "D8"
      ],
      "n": 673,
      "pf": 1.2854089923258532,
      "wr": 73.10549777117384,
      "mdd": -1.4786986039418466,
      "ret": 11.087912250042923,
      "sharpe": 1.776480236054094,
      "pm": 17,
      "tm": 25
    },
    "3": {
      "combo": [
        "ALL_HAMMER",
        "D8",
        "ALL_FVG_BULL"
      ],
      "n": 1197,
      "pf": 1.2564741203394258,
      "wr": 56.808688387635755,
      "mdd": -7.813118589202928,
      "ret": 33.60905984677689,
      "sharpe": 1.8570246819314036,
      "pm": 18,
      "tm": 25
    }
  },
  "MinDD": {
    "2": {
      "combo": [
        "ALL_HAMMER",
        "D8"
      ],
      "n": 673,
      "pf": 1.2854089923258532,
      "wr": 73.10549777117384,
      "mdd": -1.4786986039418466,
      "ret": 11.087912250042923,
      "sharpe": 1.776480236054094,
      "pm": 17,
      "tm": 25
    },
    "3": {
      "combo": [
        "ALL_HAMMER",
        "D8",
        "ALL_FVG_BULL"
      ],
      "n": 1197,
      "pf": 1.2564741203394258,
      "wr": 56.808688387635755,
      "mdd": -7.813118589202928,
      "ret": 33.60905984677689,
      "sharpe": 1.8570246819314036,
      "pm": 18,
      "tm": 25
    }
  },
  "Sharpe": {
    "2": {
      "combo": [
        "ALL_HAMMER",
        "D8"
      ],
      "n": 673,
      "pf": 1.2854089923258532,
      "wr": 73.10549777117384,
      "mdd": -1.4786986039418466,
      "ret": 11.087912250042923,
      "sharpe": 1.776480236054094,
      "pm": 17,
      "tm": 25
    },
    "3": {
      "combo": [
        "ALL_HAMMER",
        "D8",
        "ALL_FVG_BULL"
      ],
      "n": 1197,
      "pf": 1.2564741203394258,
      "wr": 56.808688387635755,
      "mdd": -7.813118589202928,
      "ret": 33.60905984677689,
      "sharpe": 1.8570246819314036,
      "pm": 18,
      "tm": 25
    }
  },
  "PF*WR": {
    "2": {
      "combo": [
        "ALL_HAMMER",
        "D8"
      ],
      "n": 673,
      "pf": 1.2854089923258532,
      "wr": 73.10549777117384,
      "mdd": -1.4786986039418466,
      "ret": 11.087912250042923,
      "sharpe": 1.776480236054094,
      "pm": 17,
      "tm": 25
    },
    "3": {
      "combo": [
        "ALL_HAMMER",
        "D8",
        "ALL_FVG_BULL"
      ],
      "n": 1197,
      "pf": 1.2564741203394258,
      "wr": 56.808688387635755,
      "mdd": -7.813118589202928,
      "ret": 33.60905984677689,
      "sharpe": 1.8570246819314036,
      "pm": 18,
      "tm": 25
    }
  },
  "Diverse": {
    "2": {
      "combo": [
        "ALL_HAMMER",
        "D8"
      ],
      "n": 673,
      "pf": 1.2854089923258532,
      "wr": 73.10549777117384,
      "mdd": -1.4786986039418466,
      "ret": 11.087912250042923,
      "sharpe": 1.776480236054094,
      "pm": 17,
      "tm": 25
    },
    "3": {
      "combo": [
        "ALL_HAMMER",
        "D8",
        "ALL_FVG_BULL"
      ],
      "n": 1197,
      "pf": 1.2564741203394258,
      "wr": 56.808688387635755,
      "mdd": -7.813118589202928,
      "ret": 33.60905984677689,
      "sharpe": 1.8570246819314036,
      "pm": 18,
      "tm": 25
    }
  }
}