{
  "Calmar": {
    "2": {
      "combo": [
        "D8",
        "ALL_HAMMER"
      ],
      "n": 678,
      "pf": 1.4317456258037113,
      "wr": 73.30383480825958,
      "mdd": -1.4803287497624429,
      "ret": 17.03841814167876,
      "sharpe": 2.545753540944243,
      "pm": 20,
      "tm": 25
    },
    "3": {
      "combo": [
        "D8",
        "ALL_HAMMER",
        "ALL_RSI_DIV"
      ],
      "n": 1233,
      "pf": 1.4075616335572463,
      "wr": 70.15409570154095,
      "mdd": -2.320478753478146,
      "ret": 35.17823955656812,
      "sharpe": 2.925104602631652,
      "pm": 23,
      "tm": 25
    },
    "4": {
      "combo": [
        "D8",
        "ALL_HAMMER",
        "ALL_RSI_DIV",
        "LON_ASIAN_BRK"
      ],
      "n": 1504,
      "pf": 1.4159663327388585,
      "wr": 67.22074468085107,
      "mdd": -2.784316722806339,
      "ret": 51.21393878795407,
      "sharpe": 3.1253196762146502,
      "pm": 20,
      "tm": 25
    },
    "5": {
      "combo": [
        "D8",
        "ALL_HAMMER",
        "ALL_RSI_DIV",
        "LON_ASIAN_BRK",
        "ALL_MACD_DIV"
      ],
      "n": 2044,
      "pf": 1.4144005857140098,
      "wr": 67.95499021526419,
      "mdd": -3.3173965115171877,
      "ret": 73.81068269398989,
      "sharpe": 3.1727893292644387,
      "pm": 23,
      "tm": 25
    },
    "6": {
      "combo": [
        "D8",
        "ALL_HAMMER",
        "ALL_RSI_DIV",
        "LON_ASIAN_BRK",
        "ALL_MACD_DIV",
        "IDX_GAP_FILL"
      ],
      "n": 2565,
      "pf": 1.3822669478249543,
      "wr": 69.16179337231969,
      "mdd": -3.688300284640675,
      "ret": 87.48871770823462,
      "sharpe": 3.1880390271432884,
      "pm": 23,
      "tm": 25
    },
    "7": {
      "combo": [
        "D8",
        "ALL_HAMMER",
        "ALL_RSI_DIV",
        "LON_ASIAN_BRK",
        "ALL_MACD_DIV",
        "IDX_GAP_FILL",
        "NY_HMA_CROSS"
      ],
      "n": 2953,
      "pf": 1.3468204850943641,
      "wr": 68.43887571960718,
      "mdd": -5.300108144874689,
      "ret": 99.5663312452817,
      "sharpe": 3.173779954017737,
      "pm": 22,
      "tm": 25
    },
    "8": {
      "combo": [
        "D8",
        "ALL_HAMMER",
        "ALL_RSI_DIV",
        "LON_ASIAN_BRK",
        "ALL_MACD_DIV",
        "IDX_GAP_FILL",
        "NY_HMA_CROSS",
        "TOK_WILLR"
      ],
      "n": 3393,
      "pf": 1.3250631815141694,
      "wr": 67.66872973769526,
      "mdd": -8.254919776792303,
      "ret": 119.64252902517116,
      "sharpe": 3.08233558370994,
      "pm": 24,
      "tm": 25
    },
    "9": {
      "combo": [
        "D8",
        "ALL_HAMMER",
        "ALL_RSI_DIV",
        "LON_ASIAN_BRK",
        "ALL_MACD_DIV",
        "IDX_GAP_FILL",
        "NY_HMA_CROSS",
        "TOK_WILLR",
        "TOK_2BAR"
      ],
      "n": 3692,
      "pf": 1.2907752728723711,
      "wr": 67.74106175514626,
      "mdd": -10.234128763756171,
      "ret": 117.94818641486032,
      "sharpe": 2.8780115793027696,
      "pm": 22,
      "tm": 25
    }
  },
  "PF": {
    "2": {
      "combo": [
        "D8",
        "LON_ASIAN_BRK"
      ],
      "n": 337,
      "pf": 1.4741395966626887,
      "wr": 62.31454005934718,
      "mdd": -1.9995185069805563,
      "ret": 12.850772367411395,
      "sharpe": 2.1516852130458215,
      "pm": 14,
      "tm": 25
    },
    "3": {
      "combo": [
        "D8",
        "LON_ASIAN_BRK",
        "ALL_MACD_DIV"
      ],
      "n": 918,
      "pf": 1.4382771484188575,
      "wr": 66.99346405228758,
      "mdd": -2.176297319777846,
      "ret": 30.865189891370626,
      "sharpe": 2.5818090621902114,
      "pm": 20,
      "tm": 25
    },
    "4": {
      "combo": [
        "D8",
        "LON_ASIAN_BRK",
        "ALL_MACD_DIV",
        "ALL_HAMMER"
      ],
      "n": 1495,
      "pf": 1.4189354627057555,
      "wr": 68.29431438127091,
      "mdd": -2.4085675049818422,
      "ret": 49.67402538241926,
      "sharpe": 3.0791730857424184,
      "pm": 23,
      "tm": 25
    },
    "5": {
      "combo": [
        "D8",
        "LON_ASIAN_BRK",
        "ALL_MACD_DIV",
        "ALL_HAMMER",
        "ALL_RSI_DIV"
      ],
      "n": 2044,
      "pf": 1.4144005857140098,
      "wr": 67.95499021526419,
      "mdd": -3.3173965115171877,
      "ret": 73.81068269398989,
      "sharpe": 3.1727893292644387,
      "pm": 23,
      "tm": 25
    },
    "6": {
      "combo": [
        "D8",
        "LON_ASIAN_BRK",
        "ALL_MACD_DIV",
        "ALL_HAMMER",
        "ALL_RSI_DIV",
        "IDX_GAP_FILL"
      ],
      "n": 2565,
      "pf": 1.3822669478249543,
      "wr": 69.16179337231969,
      "mdd": -3.688300284640675,
      "ret": 87.48871770823462,
      "sharpe": 3.1880390271432884,
      "pm": 23,
      "tm": 25
    },
    "7": {
      "combo": [
        "D8",
        "LON_ASIAN_BRK",
        "ALL_MACD_DIV",
        "ALL_HAMMER",
        "ALL_RSI_DIV",
        "IDX_GAP_FILL",
        "TOK_WILLR"
      ],
      "n": 3005,
      "pf": 1.3531048173745694,
      "wr": 68.18635607321131,
      "mdd": -6.747664461568394,
      "ret": 106.3499181658506,
      "sharpe": 3.1072625117025625,
      "pm": 24,
      "tm": 25
    },
    "8": {
      "combo": [
        "D8",
        "LON_ASIAN_BRK",
        "ALL_MACD_DIV",
        "ALL_HAMMER",
        "ALL_RSI_DIV",
        "IDX_GAP_FILL",
        "TOK_WILLR",
        "NY_HMA_CROSS"
      ],
      "n": 3393,
      "pf": 1.3250631815141694,
      "wr": 67.66872973769526,
      "mdd": -8.254919776792303,
      "ret": 119.64252902517116,
      "sharpe": 3.08233558370994,
      "pm": 24,
      "tm": 25
    },
    "9": {
      "combo": [
        "D8",
        "LON_ASIAN_BRK",
        "ALL_MACD_DIV",
        "ALL_HAMMER",
        "ALL_RSI_DIV",
        "IDX_GAP_FILL",
        "TOK_WILLR",
        "NY_HMA_CROSS",
        "TOK_2BAR"
      ],
      "n": 3692,
      "pf": 1.2907752728723711,
      "wr": 67.74106175514626,
      "mdd": -10.234128763756171,
      "ret": 117.94818641486032,
      "sharpe": 2.8780115793027696,
      "pm": 22,
      "tm": 25
    }
  },
  "MinDD": {
    "2": {
      "combo": [
        "D8",
        "ALL_HAMMER"
      ],
      "n": 678,
      "pf": 1.4317456258037113,
      "wr": 73.30383480825958,
      "mdd": -1.4803287497624429,
      "ret": 17.03841814167876,
      "sharpe": 2.545753540944243,
      "pm": 20,
      "tm": 25
    },
    "3": {
      "combo": [
        "D8",
        "ALL_HAMMER",
        "LON_ASIAN_BRK"
      ],
      "n": 949,
      "pf": 1.4361911785501051,
      "wr": 67.75553213909379,
      "mdd": -2.168711798906756,
      "ret": 30.922256827503386,
      "sharpe": 2.6558978831351565,
      "pm": 21,
      "tm": 25
    },
    "4": {
      "combo": [
        "D8",
        "ALL_HAMMER",
        "LON_ASIAN_BRK",
        "ALL_MACD_DIV"
      ],
      "n": 1495,
      "pf": 1.4189354627057555,
      "wr": 68.29431438127091,
      "mdd": -2.4085675049818422,
      "ret": 49.67402538241926,
      "sharpe": 3.0791730857424184,
      "pm": 23,
      "tm": 25
    },
    "5": {
      "combo": [
        "D8",
        "ALL_HAMMER",
        "LON_ASIAN_BRK",
        "ALL_MACD_DIV",
        "NY_HMA_CROSS"
      ],
      "n": 2016,
      "pf": 1.34089224634773,
      "wr": 67.2123015873016,
      "mdd": -2.756709149677777,
      "ret": 59.855546262331806,
      "sharpe": 2.984772718013463,
      "pm": 22,
      "tm": 25
    },
    "6": {
      "combo": [
        "D8",
        "ALL_HAMMER",
        "LON_ASIAN_BRK",
        "ALL_MACD_DIV",
        "NY_HMA_CROSS",
        "IDX_GAP_FILL"
      ],
      "n": 2404,
      "pf": 1.3383498207672122,
      "wr": 68.7603993344426,
      "mdd": -3.9880385313977094,
      "ret": 71.85305106287004,
      "sharpe": 3.1052534182095077,
      "pm": 23,
      "tm": 25
    },
    "7": {
      "combo": [
        "D8",
        "ALL_HAMMER",
        "LON_ASIAN_BRK",
        "ALL_MACD_DIV",
        "NY_HMA_CROSS",
        "IDX_GAP_FILL",
        "ALL_RSI_DIV"
      ],
      "n": 2953,
      "pf": 1.3468204850943641,
      "wr": 68.43887571960718,