{
  "Calmar": {
    "2": {
      "combo": [
        "ALL_FIB_618",
        "TOK_NR4"
      ],
      "n": 468,
      "pf": 1.6970727899204465,
      "wr": 80.76923076923077,
      "mdd": -0.29607367174441085,
      "ret": 3.1948987469868877,
      "sharpe": 4.1989572868313525,
      "pm": 12,
      "tm": 13
    },
    "3": {
      "combo": [
        "ALL_FIB_618",
        "TOK_NR4",
        "LON_DC10"
      ],
      "n": 722,
      "pf": 1.584354104792258,
      "wr": 78.1163434903047,
      "mdd": -0.32517055507354875,
      "ret": 4.741271056067606,
      "sharpe": 4.847112266374641,
      "pm": 13,
      "tm": 13
    },
    "4": {
      "combo": [
        "ALL_FIB_618",
        "TOK_NR4",
        "LON_DC10",
        "D8"
      ],
      "n": 751,
      "pf": 1.5883165170036089,
      "wr": 77.49667110519307,
      "mdd": -0.3251705550735206,
      "ret": 4.996898818374335,
      "sharpe": 4.7488143028354886,
      "pm": 13,
      "tm": 13
    },
    "5": {
      "combo": [
        "ALL_FIB_618",
        "TOK_NR4",
        "LON_DC10",
        "D8",
        "ALL_WILLR_14"
      ],
      "n": 966,
      "pf": 1.5397711942608272,
      "wr": 72.87784679089026,
      "mdd": -0.4654925392614257,
      "ret": 7.223768188310539,
      "sharpe": 4.852229990657508,
      "pm": 10,
      "tm": 13
    },
    "6": {
      "combo": [
        "ALL_FIB_618",
        "TOK_NR4",
        "LON_DC10",
        "D8",
        "ALL_WILLR_14",
        "LON_DC10_MOM"
      ],
      "n": 1214,
      "pf": 1.524810810048265,
      "wr": 73.06425041186162,
      "mdd": -0.6017476747460756,
      "ret": 8.867957144680783,
      "sharpe": 4.694316087322939,
      "pm": 10,
      "tm": 13
    },
    "7": {
      "combo": [
        "ALL_FIB_618",
        "TOK_NR4",
        "LON_DC10",
        "D8",
        "ALL_WILLR_14",
        "LON_DC10_MOM",
        "IDX_NR4"
      ],
      "n": 1469,
      "pf": 1.499286797039273,
      "wr": 73.65554799183118,
      "mdd": -0.6045048502165875,
      "ret": 10.057860831592931,
      "sharpe": 4.670844246492878,
      "pm": 11,
      "tm": 13
    },
    "8": {
      "combo": [
        "ALL_FIB_618",
        "TOK_NR4",
        "LON_DC10",
        "D8",
        "ALL_WILLR_14",
        "LON_DC10_MOM",
        "IDX_NR4",
        "ALL_NR4"
      ],
      "n": 1726,
      "pf": 1.4810265631892905,
      "wr": 74.04403244495944,
      "mdd": -0.7496618677596865,
      "ret": 11.288709815543697,
      "sharpe": 4.467903502712326,
      "pm": 11,
      "tm": 13
    }
  },
  "PF": {
    "2": {
      "combo": [
        "ALL_FIB_618",
        "D8"
      ],
      "n": 272,
      "pf": 1.7639843760526202,
      "wr": 79.41176470588235,
      "mdd": -0.25414822288282,
      "ret": 1.9822275312828133,
      "sharpe": 3.7460023529444273,
      "pm": 11,
      "tm": 13
    },
    "3": {
      "combo": [
        "ALL_FIB_618",
        "D8",
        "TOK_NR4"
      ],
      "n": 510,
      "pf": 1.6585857086836597,
      "wr": 79.2156862745098,
      "mdd": -0.3485826981392797,
      "ret": 3.3976574828924786,
      "sharpe": 4.205425031111934,
      "pm": 12,
      "tm": 13
    },
    "4": {
      "combo": [
        "ALL_FIB_618",
        "D8",
        "TOK_NR4",
        "LON_DC10"
      ],
      "n": 751,
      "pf": 1.5883165170036089,
      "wr": 77.49667110519307,
      "mdd": -0.3251705550735206,
      "ret": 4.996898818374335,
      "sharpe": 4.7488143028354886,
      "pm": 13,
      "tm": 13
    },
    "5": {
      "combo": [
        "ALL_FIB_618",
        "D8",
        "TOK_NR4",
        "LON_DC10",
        "LON_DC10_MOM"
      ],
      "n": 999,
      "pf": 1.5534364691262248,
      "wr": 76.57657657657657,
      "mdd": -0.508953235027012,
      "ret": 6.606949672311181,
      "sharpe": 4.233667005480127,
      "pm": 13,
      "tm": 13
    },
    "6": {
      "combo": [
        "ALL_FIB_618",
        "D8",
        "TOK_NR4",
        "LON_DC10",
        "LON_DC10_MOM",
        "ALL_WILLR_14"
      ],
      "n": 1214,
      "pf": 1.524810810048265,
      "wr": 73.06425041186162,
      "mdd": -0.6017476747460756,
      "ret": 8.867957144680783,
      "sharpe": 4.694316087322939,
      "pm": 10,
      "tm": 13
    },
    "7": {
      "combo": [
        "ALL_FIB_618",
        "D8",
        "TOK_NR4",
        "LON_DC10",
        "LON_DC10_MOM",
        "ALL_WILLR_14",
        "IDX_NR4"
      ],
      "n": 1469,
      "pf": 1.499286797039273,
      "wr": 73.65554799183118,
      "mdd": -0.6045048502165875,
      "ret": 10.057860831592931,
      "sharpe": 4.670844246492878,
      "pm": 11,
      "tm": 13
    },
    "8": {
      "combo": [
        "ALL_FIB_618",
        "D8",
        "TOK_NR4",
        "LON_DC10",
        "LON_DC10_MOM",
        "ALL_WILLR_14",
        "IDX_NR4",
        "ALL_NR4"
      ],
      "n": 1726,
      "pf": 1.4810265631892905,
      "wr": 74.04403244495944,
      "mdd": -0.7496618677596865,
      "ret": 11.288709815543697,
      "sharpe": 4.467903502712326,
      "pm": 11,
      "tm": 13
    }
  },
  "MinDD": {
    "2": {
      "combo": [
        "ALL_FIB_618",
        "D8"
      ],
      "n": 272,
      "pf": 1.7639843760526202,
      "wr": 79.41176470588235,
      "mdd": -0.25414822288282,
      "ret": 1.9822275312828133,
      "sharpe": 3.7460023529444273,
      "pm": 11,
      "tm": 13
    },
    "3": {
      "combo": [
        "ALL_FIB_618",
        "D8",
        "IDX_NR4"
      ],
      "n": 561,
      "pf": 1.576233308933037,
      "wr": 78.25311942959001,
      "mdd": -0.31487189125196446,
      "ret": 3.4394405286135883,
      "sharpe": 3.803744603140065,
      "pm": 10,
      "tm": 13
    },
    "4": {
      "combo": [
        "ALL_FIB_618",
        "D8",
        "IDX_NR4",
        "LON_DC10"
      ],
      "n": 802,
      "pf": 1.5414856346489645,
      "wr": 76.93266832917706,
      "mdd": -0.3054229973301242,
      "ret": 5.0393281183283545,
      "sharpe": 4.451248655564474,
      "pm": 11,
      "tm": 13
    },
    "5": {
      "combo": [
        "ALL_FIB_618",
        "D8",
        "IDX_NR4",
        "LON_DC10",
        "LON_DC10_MOM"
      ],
      "n": 1050,
      "pf": 1.521411530611565,
      "wr": 76.19047619047619,
      "mdd": -0.4871707914067925,
      "ret": 6.650029594630556,
      "sharpe": 4.111916644121908,
      "pm": 12,
      "tm": 13
    },
    "6": {
      "combo": [
        "ALL_FIB_618",
        "D8",
        "IDX_NR4",
        "LON_DC10",
        "LON_DC10_MOM",
        "TOK_NR4"
      ],
      "n": 1291,
      "pf": 1.524723372428371,
      "wr": 76.68474051123161,
      "mdd": -0.5569824187340379,
      "ret": 8.129863075280126,
      "sharpe": 4.495564931476413,
      "pm": 12,
      "tm": 13
    },
    "7": {
      "combo": [
        "ALL_FIB_618",
        "D8",
        "IDX_NR4",
        "LON_DC10",
        "LON_DC10_MOM",
        "TOK_NR4",
        "ALL_WILLR_14"
      ],
      "n": 1469,
      "pf": 1.499286797039273,
      "wr": 73.65554799183118,
      "mdd": -0.6045048502165875,
      "ret": 10.057860831592931,
      "sharpe": 4.670844246492878,
      "pm": 11,
      "tm": 13
    },
    "8": {
      "combo": [
        "ALL_FIB_618",
        "D8",
        "IDX_NR4",
        "LON_DC10",
        "LON_DC10_MOM",
        "TOK_NR4",
        "ALL_WILLR_14",
        "ALL_NR4"
      ],
      "n": 1726,
      "pf": 1.4810265631892905,
      "wr": 74.04403244495944,
      "mdd": -0.7496618677596865,
      "ret": 11.288709815543697,
      "sharpe": 4.467903502712326,
      "pm": 11,
      "tm": 13
    }
  },
  "Sharpe": {
    "2": {
      "combo": [
        "ALL_FIB_618",
        "TOK_NR4"
      ],
      "n": 468,
      "pf": 1.6970727899204465,
      "wr": 80.76923076923077,
      "mdd": -0.29607367174441085,
      "ret": 3.1948987469868877,
      "sharpe": 4.1989572868313525,
      "pm": 12,
      "tm": 13
    },
    "3": {
      "combo": [
        "ALL_FIB_618",
        "TOK_NR4",
        "LON_DC10"
      ],
      "n": 722,
      "pf": 1.584354104792258,
      "wr": 78.1163434903047,