{
  "Calmar": {
    "2": {
      "combo": [
        "ALL_MSTAR",
        "ALL_PSAR_EMA"
      ],
      "n": 260,
      "pf": 1.7984379791260126,
      "wr": 77.3076923076923,
      "mdd": -0.051651741664459565,
      "ret": 0.4720084469405993,
      "sharpe": 5.349517330494991,
      "pm": 12,
      "tm": 13
    },
    "3": {
      "combo": [
        "ALL_MSTAR",
        "ALL_PSAR_EMA",
        "ALL_SUPERTREND"
      ],
      "n": 447,
      "pf": 1.718701883150158,
      "wr": 77.40492170022371,
      "mdd": -0.0903063123180595,
      "ret": 0.7280911666870233,
      "sharpe": 5.11776414823694,
      "pm": 11,
      "tm": 13
    }
  },
  "PF": {
    "2": {
      "combo": [
        "ALL_MSTAR",
        "ALL_PSAR_EMA"
      ],
      "n": 260,
      "pf": 1.7984379791260126,
      "wr": 77.3076923076923,
      "mdd": -0.051651741664459565,
      "ret": 0.4720084469405993,
      "sharpe": 5.349517330494991,
      "pm": 12,
      "tm": 13
    },
    "3": {
      "combo": [
        "ALL_MSTAR",
        "ALL_PSAR_EMA",
        "ALL_SUPERTREND"
      ],
      "n": 447,
      "pf": 1.718701883150158,
      "wr": 77.40492170022371,
      "mdd": -0.0903063123180595,
      "ret": 0.7280911666870233,
      "sharpe": 5.11776414823694,
      "pm": 11,
      "tm": 13
    }
  },
  "MinDD": {
    "2": {
      "combo": [
        "ALL_MSTAR",
        "ALL_PSAR_EMA"
      ],
      "n": 260,
      "pf": 1.7984379791260126,
      "wr": 77.3076923076923,
      "mdd": -0.051651741664459565,
      "ret": 0.4720084469405993,
      "sharpe": 5.349517330494991,
      "pm": 12,
      "tm": 13
    },
    "3": {
      "combo": [
        "ALL_MSTAR",
        "ALL_PSAR_EMA",
        "ALL_SUPERTREND"
      ],
      "n": 447,
      "pf": 1.718701883150158,
      "wr": 77.40492170022371,
      "mdd": -0.0903063123180595,
      "ret": 0.7280911666870233,
      "sharpe": 5.11776414823694,
      "pm": 11,
      "tm": 13
    }
  },
  "Sharpe": {
    "2": {
      "combo": [
        "ALL_MSTAR",
        "ALL_PSAR_EMA"
      ],
      "n": 260,
      "pf": 1.7984379791260126,
      "wr": 77.3076923076923,
      "mdd": -0.051651741664459565,
      "ret": 0.4720084469405993,
      "sharpe": 5.349517330494991,
      "pm": 12,
      "tm": 13
    },
    "3": {
      "combo": [
        "ALL_MSTAR",
        "ALL_PSAR_EMA",
        "ALL_SUPERTREND"
      ],
      "n": 447,
      "pf": 1.718701883150158,
      "wr": 77.40492170022371,
      "mdd": -0.0903063123180595,
      "ret": 0.7280911666870233,
      "sharpe": 5.11776414823694,
      "pm": 11,
      "tm": 13
    }
  },
  "PF*WR": {
    "2": {
      "combo": [
        "ALL_MSTAR",
        "ALL_PSAR_EMA"
      ],
      "n": 260,
      "pf": 1.7984379791260126,
      "wr": 77.3076923076923,
      "mdd": -0.051651741664459565,
      "ret": 0.4720084469405993,
      "sharpe": 5.349517330494991,
      "pm": 12,
      "tm": 13
    },
    "3": {
      "combo": [
        "ALL_MSTAR",
        "ALL_PSAR_EMA",
        "ALL_SUPERTREND"
      ],
      "n": 447,
      "pf": 1.718701883150158,
      "wr": 77.40492170022371,
      "mdd": -0.0903063123180595,
      "ret": 0.7280911666870233,
      "sharpe": 5.11776414823694,
      "pm": 11,
      "tm": 13
    }
  },
  "Diverse": {
    "2": {
      "combo": [
        "ALL_MSTAR",
        "ALL_PSAR_EMA"
      ],
      "n": 260,
      "pf": 1.7984379791260126,
      "wr": 77.3076923076923,
      "mdd": -0.051651741664459565,
      "ret": 0.4720084469405993,
      "sharpe": 5.349517330494991,
      "pm": 12,
      "tm": 13
    },
    "3": {
      "combo": [
        "ALL_MSTAR",
        "ALL_PSAR_EMA",
        "ALL_SUPERTREND"
      ],
      "n": 447,
      "pf": 1.718701883150158,
      "wr": 77.40492170022371,
      "mdd": -0.0903063123180595,
      "ret": 0.7280911666870233,
      "sharpe": 5.11776414823694,
      "pm": 11,
      "tm": 13
    }
  }
}