{
  "Calmar": {
    "2": {
      "combo": [
        "ALL_NR4",
        "ALL_STOCH_PIVOT"
      ],
      "n": 482,
      "pf": 1.6010085999862813,
      "wr": 78.63070539419087,
      "mdd": -0.39254086502321434,
      "ret": 3.1387800307458384,
      "sharpe": 3.4738565174608285,
      "pm": 12,
      "tm": 13
    },
    "3": {
      "combo": [
        "ALL_NR4",
        "ALL_STOCH_PIVOT",
        "TOK_NR4"
      ],
      "n": 734,
      "pf": 1.5874550271476549,
      "wr": 78.88283378746594,
      "mdd": -0.6413330736916893,
      "ret": 4.64710336479322,
      "sharpe": 3.6726550752591773,
      "pm": 11,
      "tm": 13
    },
    "4": {
      "combo": [
        "ALL_NR4",
        "ALL_STOCH_PIVOT",
        "TOK_NR4",
        "IDX_NR4"
      ],
      "n": 1038,
      "pf": 1.5422427598520285,
      "wr": 78.61271676300578,
      "mdd": -0.9661750124713403,
      "ret": 6.1789731061948405,
      "sharpe": 3.4481353482983743,
      "pm": 11,
      "tm": 13
    }
  },
  "PF": {
    "2": {
      "combo": [
        "ALL_NR4",
        "ALL_STOCH_PIVOT"
      ],
      "n": 482,
      "pf": 1.6010085999862813,
      "wr": 78.63070539419087,
      "mdd": -0.39254086502321434,
      "ret": 3.1387800307458384,
      "sharpe": 3.4738565174608285,
      "pm": 12,
      "tm": 13
    },
    "3": {
      "combo": [
        "ALL_NR4",
        "ALL_STOCH_PIVOT",
        "TOK_NR4"
      ],
      "n": 734,
      "pf": 1.5874550271476549,
      "wr": 78.88283378746594,
      "mdd": -0.6413330736916893,
      "ret": 4.64710336479322,
      "sharpe": 3.6726550752591773,
      "pm": 11,
      "tm": 13
    },
    "4": {
      "combo": [
        "ALL_NR4",
        "ALL_STOCH_PIVOT",
        "TOK_NR4",
        "IDX_NR4"
      ],
      "n": 1038,
      "pf": 1.5422427598520285,
      "wr": 78.61271676300578,
      "mdd": -0.9661750124713403,
      "ret": 6.1789731061948405,
      "sharpe": 3.4481353482983743,
      "pm": 11,
      "tm": 13
    }
  },
  "MinDD": {
    "2": {
      "combo": [
        "ALL_NR4",
        "ALL_STOCH_PIVOT"
      ],
      "n": 482,
      "pf": 1.6010085999862813,
      "wr": 78.63070539419087,
      "mdd": -0.39254086502321434,
      "ret": 3.1387800307458384,
      "sharpe": 3.4738565174608285,
      "pm": 12,
      "tm": 13
    },
    "3": {
      "combo": [
        "ALL_NR4",
        "ALL_STOCH_PIVOT",
        "TOK_NR4"
      ],
      "n": 734,
      "pf": 1.5874550271476549,
      "wr": 78.88283378746594,
      "mdd": -0.6413330736916893,
      "ret": 4.64710336479322,
      "sharpe": 3.6726550752591773,
      "pm": 11,
      "tm": 13
    },
    "4": {
      "combo": [
        "ALL_NR4",
        "ALL_STOCH_PIVOT",
        "TOK_NR4",
        "IDX_NR4"
      ],
      "n": 1038,
      "pf": 1.5422427598520285,
      "wr": 78.61271676300578,
      "mdd": -0.9661750124713403,
      "ret": 6.1789731061948405,
      "sharpe": 3.4481353482983743,
      "pm": 11,
      "tm": 13
    }
  },
  "Sharpe": {
    "2": {
      "combo": [
        "ALL_NR4",
        "ALL_STOCH_PIVOT"
      ],
      "n": 482,
      "pf": 1.6010085999862813,
      "wr": 78.63070539419087,
      "mdd": -0.39254086502321434,
      "ret": 3.1387800307458384,
      "sharpe": 3.4738565174608285,
      "pm": 12,
      "tm": 13
    },
    "3": {
      "combo": [
        "ALL_NR4",
        "ALL_STOCH_PIVOT",
        "TOK_NR4"
      ],
      "n": 734,
      "pf": 1.5874550271476549,
      "wr": 78.88283378746594,
      "mdd": -0.6413330736916893,
      "ret": 4.64710336479322,
      "sharpe": 3.6726550752591773,
      "pm": 11,
      "tm": 13
    },
    "4": {
      "combo": [
        "ALL_NR4",
        "ALL_STOCH_PIVOT",
        "TOK_NR4",
        "IDX_NR4"
      ],
      "n": 1038,
      "pf": 1.5422427598520285,
      "wr": 78.61271676300578,
      "mdd": -0.9661750124713403,
      "ret": 6.1789731061948405,
      "sharpe": 3.4481353482983743,
      "pm": 11,
      "tm": 13
    }
  },
  "PF*WR": {
    "2": {
      "combo": [
        "ALL_NR4",
        "ALL_STOCH_PIVOT"
      ],
      "n": 482,
      "pf": 1.6010085999862813,
      "wr": 78.63070539419087,
      "mdd": -0.39254086502321434,
      "ret": 3.1387800307458384,
      "sharpe": 3.4738565174608285,
      "pm": 12,
      "tm": 13
    },
    "3": {
      "combo": [
        "ALL_NR4",
        "ALL_STOCH_PIVOT",
        "TOK_NR4"
      ],
      "n": 734,
      "pf": 1.5874550271476549,
      "wr": 78.88283378746594,
      "mdd": -0.6413330736916893,
      "ret": 4.64710336479322,
      "sharpe": 3.6726550752591773,
      "pm": 11,
      "tm": 13
    },
    "4": {
      "combo": [
        "ALL_NR4",
        "ALL_STOCH_PIVOT",
        "TOK_NR4",
        "IDX_NR4"
      ],
      "n": 1038,
      "pf": 1.5422427598520285,
      "wr": 78.61271676300578,
      "mdd": -0.9661750124713403,
      "ret": 6.1789731061948405,
      "sharpe": 3.4481353482983743,
      "pm": 11,
      "tm": 13
    }
  },
  "Diverse": {
    "2": {
      "combo": [
        "ALL_NR4",
        "ALL_STOCH_PIVOT"
      ],
      "n": 482,
      "pf": 1.6010085999862813,
      "wr": 78.63070539419087,
      "mdd": -0.39254086502321434,
      "ret": 3.1387800307458384,
      "sharpe": 3.4738565174608285,
      "pm": 12,
      "tm": 13
    },
    "3": {
      "combo": [
        "ALL_NR4",
        "ALL_STOCH_PIVOT",
        "TOK_NR4"
      ],
      "n": 734,
      "pf": 1.5874550271476549,
      "wr": 78.88283378746594,
      "mdd": -0.6413330736916893,
      "ret": 4.64710336479322,
      "sharpe": 3.6726550752591773,
      "pm": 11,
      "tm": 13
    },
    "4": {
      "combo": [
        "ALL_NR4",
        "ALL_STOCH_PIVOT",
        "TOK_NR4",
        "IDX_NR4"
      ],
      "n": 1038,
      "pf": 1.5422427598520285,
      "wr": 78.61271676300578,
      "mdd": -0.9661750124713403,
      "ret": 6.1789731061948405,
      "sharpe": 3.4481353482983743,
      "pm": 11,
      "tm": 13
    }
  }
}