{
  "Calmar": {
    "2": {
      "combo": [
        "D8",
        "ALL_ENGULF"
      ],
      "n": 663,
      "pf": 1.5623835754374118,
      "wr": 75.1131221719457,
      "mdd": -1.6764137792130724,
      "ret": 20.369516445384537,
      "sharpe": 2.8135280516893166,
      "pm": 21,
      "tm": 25
    },
    "3": {
      "combo": [
        "D8",
        "ALL_ENGULF",
        "IDX_ENGULF"
      ],
      "n": 1264,
      "pf": 1.5450364509811803,
      "wr": 74.92088607594937,
      "mdd": -3.6021088635879237,
      "ret": 41.441101273339676,
      "sharpe": 2.6473655594032004,
      "pm": 21,
      "tm": 25
    }
  },
  "PF": {
    "2": {
      "combo": [
        "D8",
        "ALL_ENGULF"
      ],
      "n": 663,
      "pf": 1.5623835754374118,
      "wr": 75.1131221719457,
      "mdd": -1.6764137792130724,
      "ret": 20.369516445384537,
      "sharpe": 2.8135280516893166,
      "pm": 21,
      "tm": 25
    },
    "3": {
      "combo": [
        "D8",
        "ALL_ENGULF",
        "IDX_ENGULF"
      ],
      "n": 1264,
      "pf": 1.5450364509811803,
      "wr": 74.92088607594937,
      "mdd": -3.6021088635879237,
      "ret": 41.441101273339676,
      "sharpe": 2.6473655594032004,
      "pm": 21,
      "tm": 25
    }
  },
  "MinDD": {
    "2": {
      "combo": [
        "D8",
        "ALL_ENGULF"
      ],
      "n": 663,
      "pf": 1.5623835754374118,
      "wr": 75.1131221719457,
      "mdd": -1.6764137792130724,
      "ret": 20.369516445384537,
      "sharpe": 2.8135280516893166,
      "pm": 21,
      "tm": 25
    },
    "3": {
      "combo": [
        "D8",
        "ALL_ENGULF",
        "IDX_ENGULF"
      ],
      "n": 1264,
      "pf": 1.5450364509811803,
      "wr": 74.92088607594937,
      "mdd": -3.6021088635879237,
      "ret": 41.441101273339676,
      "sharpe": 2.6473655594032004,
      "pm": 21,
      "tm": 25
    }
  },
  "Sharpe": {
    "2": {
      "combo": [
        "D8",
        "ALL_ENGULF"
      ],
      "n": 663,
      "pf": 1.5623835754374118,
      "wr": 75.1131221719457,
      "mdd": -1.6764137792130724,
      "ret": 20.369516445384537,
      "sharpe": 2.8135280516893166,
      "pm": 21,
      "tm": 25
    },
    "3": {
      "combo": [
        "D8",
        "ALL_ENGULF",
        "IDX_ENGULF"
      ],
      "n": 1264,
      "pf": 1.5450364509811803,
      "wr": 74.92088607594937,
      "mdd": -3.6021088635879237,
      "ret": 41.441101273339676,
      "sharpe": 2.6473655594032004,
      "pm": 21,
      "tm": 25
    }
  },
  "PF*WR": {
    "2": {
      "combo": [
        "D8",
        "ALL_ENGULF"
      ],
      "n": 663,
      "pf": 1.5623835754374118,
      "wr": 75.1131221719457,
      "mdd": -1.6764137792130724,
      "ret": 20.369516445384537,
      "sharpe": 2.8135280516893166,
      "pm": 21,
      "tm": 25
    },
    "3": {
      "combo": [
        "D8",
        "ALL_ENGULF",
        "IDX_ENGULF"
      ],
      "n": 1264,
      "pf": 1.5450364509811803,
      "wr": 74.92088607594937,
      "mdd": -3.6021088635879237,
      "ret": 41.441101273339676,
      "sharpe": 2.6473655594032004,
      "pm": 21,
      "tm": 25
    }
  },
  "Diverse": {
    "2": {
      "combo": [
        "D8",
        "ALL_ENGULF"
      ],
      "n": 663,
      "pf": 1.5623835754374118,
      "wr": 75.1131221719457,
      "mdd": -1.6764137792130724,
      "ret": 20.369516445384537,
      "sharpe": 2.8135280516893166,
      "pm": 21,
      "tm": 25
    },
    "3": {
      "combo": [
        "D8",
        "ALL_ENGULF",
        "IDX_ENGULF"
      ],
      "n": 1264,
      "pf": 1.5450364509811803,
      "wr": 74.92088607594937,
      "mdd": -3.6021088635879237,
      "ret": 41.441101273339676,
      "sharpe": 2.6473655594032004,
      "pm": 21,
      "tm": 25
    }
  }
}