{
  "Calmar": {
    "2": {
      "combo": [
        "D8",
        "TOK_NR4"
      ],
      "n": 295,
      "pf": 1.5859923746635416,
      "wr": 64.0677966101695,
      "mdd": -0.5687239687754856,
      "ret": 3.1553694952198565,
      "sharpe": 2.7488855437368547,
      "pm": 9,
      "tm": 12
    },
    "3": {
      "combo": [
        "D8",
        "TOK_NR4",
        "ALL_ADX_RSI50"
      ],
      "n": 539,
      "pf": 1.4892100197318516,
      "wr": 72.5417439703154,
      "mdd": -0.6358689658291996,
      "ret": 3.6854871368244204,
      "sharpe": 2.8790714760664318,
      "pm": 10,
      "tm": 12
    }
  },
  "PF": {
    "2": {
      "combo": [
        "D8",
        "TOK_NR4"
      ],
      "n": 295,
      "pf": 1.5859923746635416,
      "wr": 64.0677966101695,
      "mdd": -0.5687239687754856,
      "ret": 3.1553694952198565,
      "sharpe": 2.7488855437368547,
      "pm": 9,
      "tm": 12
    },
    "3": {
      "combo": [
        "D8",
        "TOK_NR4",
        "ALL_ADX_RSI50"
      ],
      "n": 539,
      "pf": 1.4892100197318516,
      "wr": 72.5417439703154,
      "mdd": -0.6358689658291996,
      "ret": 3.6854871368244204,
      "sharpe": 2.8790714760664318,
      "pm": 10,
      "tm": 12
    }
  },
  "MinDD": {
    "2": {
      "combo": [
        "D8",
        "ALL_ADX_RSI50"
      ],
      "n": 325,
      "pf": 1.4745792439849201,
      "wr": 78.15384615384615,
      "mdd": -0.41712064421836614,
      "ret": 1.6972302363043563,
      "sharpe": 2.379068018234689,
      "pm": 9,
      "tm": 12
    },
    "3": {
      "combo": [
        "D8",
        "ALL_ADX_RSI50",
        "TOK_NR4"
      ],
      "n": 539,
      "pf": 1.4892100197318516,
      "wr": 72.5417439703154,
      "mdd": -0.6358689658291996,
      "ret": 3.6854871368244204,
      "sharpe": 2.8790714760664318,
      "pm": 10,
      "tm": 12
    }
  },
  "Sharpe": {
    "2": {
      "combo": [
        "D8",
        "TOK_NR4"
      ],
      "n": 295,
      "pf": 1.5859923746635416,
      "wr": 64.0677966101695,
      "mdd": -0.5687239687754856,
      "ret": 3.1553694952198565,
      "sharpe": 2.7488855437368547,
      "pm": 9,
      "tm": 12
    },
    "3": {
      "combo": [
        "D8",
        "TOK_NR4",
        "ALL_ADX_RSI50"
      ],
      "n": 539,
      "pf": 1.4892100197318516,
      "wr": 72.5417439703154,
      "mdd": -0.6358689658291996,
      "ret": 3.6854871368244204,
      "sharpe": 2.8790714760664318,
      "pm": 10,
      "tm": 12
    }
  },
  "PF*WR": {
    "2": {
      "combo": [
        "D8",
        "ALL_ADX_RSI50"
      ],
      "n": 325,
      "pf": 1.4745792439849201,
      "wr": 78.15384615384615,
      "mdd": -0.41712064421836614,
      "ret": 1.6972302363043563,
      "sharpe": 2.379068018234689,
      "pm": 9,
      "tm": 12
    },
    "3": {
      "combo": [
        "D8",
        "ALL_ADX_RSI50",
        "TOK_NR4"
      ],
      "n": 539,
      "pf": 1.4892100197318516,
      "wr": 72.5417439703154,
      "mdd": -0.6358689658291996,
      "ret": 3.6854871368244204,
      "sharpe": 2.8790714760664318,
      "pm": 10,
      "tm": 12
    }
  },
  "Diverse": {
    "2": {
      "combo": [
        "D8",
        "TOK_NR4"
      ],
      "n": 295,
      "pf": 1.5859923746635416,
      "wr": 64.0677966101695,
      "mdd": -0.5687239687754856,
      "ret": 3.1553694952198565,
      "sharpe": 2.7488855437368547,
      "pm": 9,
      "tm": 12
    },
    "3": {
      "combo": [
        "D8",
        "TOK_NR4",
        "ALL_ADX_RSI50"
      ],
      "n": 539,
      "pf": 1.4892100197318516,
      "wr": 72.5417439703154,
      "mdd": -0.6358689658291996,
      "ret": 3.6854871368244204,
      "sharpe": 2.8790714760664318,
      "pm": 10,
      "tm": 12
    }
  }
}