{
  "Calmar": {
    "2": {
      "combo": [
        "D8",
        "ALL_HMA_CROSS"
      ],
      "n": 349,
      "pf": 1.7818800159024106,
      "wr": 73.35243553008596,
      "mdd": -0.41923201465477145,
      "ret": 3.6983789464053984,
      "sharpe": 3.8857007070495078,
      "pm": 12,
      "tm": 13
    },
    "3": {
      "combo": [
        "D8",
        "ALL_HMA_CROSS",
        "ALL_STOCH_RSI"
      ],
      "n": 621,
      "pf": 1.6080158066407966,
      "wr": 68.76006441223832,
      "mdd": -0.475795734206012,
      "ret": 6.105018511335787,
      "sharpe": 4.221800349902553,
      "pm": 12,
      "tm": 13
    },
    "4": {
      "combo": [
        "D8",
        "ALL_HMA_CROSS",
        "ALL_STOCH_RSI",
        "LON_STOCH"
      ],
      "n": 871,
      "pf": 1.5237154260076413,
      "wr": 66.81974741676234,
      "mdd": -0.6009703243073521,
      "ret": 7.92639242455954,
      "sharpe": 4.553902378150894,
      "pm": 12,
      "tm": 13
    },
    "5": {
      "combo": [
        "D8",
        "ALL_HMA_CROSS",
        "ALL_STOCH_RSI",
        "LON_STOCH",
        "ALL_ADX_RSI50"
      ],
      "n": 1091,
      "pf": 1.492983931499983,
      "wr": 70.39413382218149,
      "mdd": -0.5603870929648505,
      "ret": 8.358170574384493,
      "sharpe": 4.734650115936097,
      "pm": 12,
      "tm": 13
    },
    "6": {
      "combo": [
        "D8",
        "ALL_HMA_CROSS",
        "ALL_STOCH_RSI",
        "LON_STOCH",
        "ALL_ADX_RSI50",
        "ALL_RSI_50"
      ],
      "n": 1363,
      "pf": 1.4900780047756428,
      "wr": 72.7072633895818,
      "mdd": -0.5870621872128001,
      "ret": 9.607262550156186,
      "sharpe": 4.8057408253851435,
      "pm": 13,
      "tm": 13
    },
    "7": {
      "combo": [
        "D8",
        "ALL_HMA_CROSS",
        "ALL_STOCH_RSI",
        "LON_STOCH",
        "ALL_ADX_RSI50",
        "ALL_RSI_50",
        "ALL_WILLR_7"
      ],
      "n": 1587,
      "pf": 1.4776332145861777,
      "wr": 72.08569628229363,
      "mdd": -0.8320826776821482,
      "ret": 11.235585385070662,
      "sharpe": 4.72855979427135,
      "pm": 12,
      "tm": 13
    },
    "8": {
      "combo": [
        "D8",
        "ALL_HMA_CROSS",
        "ALL_STOCH_RSI",
        "LON_STOCH",
        "ALL_ADX_RSI50",
        "ALL_RSI_50",
        "ALL_WILLR_7",
        "ALL_CCI_100"
      ],
      "n": 1829,
      "pf": 1.4374856340910007,
      "wr": 70.25697102241662,
      "mdd": -1.1464461995912534,
      "ret": 12.692320816298686,
      "sharpe": 4.358753150779988,
      "pm": 12,
      "tm": 13
    }
  },
  "PF": {
    "2": {
      "combo": [
        "D8",
        "ALL_HMA_CROSS"
      ],
      "n": 349,
      "pf": 1.7818800159024106,
      "wr": 73.35243553008596,
      "mdd": -0.41923201465477145,
      "ret": 3.6983789464053984,
      "sharpe": 3.8857007070495078,
      "pm": 12,
      "tm": 13
    },
    "3": {
      "combo": [
        "D8",
        "ALL_HMA_CROSS",
        "ALL_WILLR_7"
      ],
      "n": 599,
      "pf": 1.7079611605072502,
      "wr": 72.12020033388981,
      "mdd": -0.6765248606631362,
      "ret": 6.074640544518945,
      "sharpe": 4.567421358317611,
      "pm": 12,
      "tm": 13
    },
    "4": {
      "combo": [
        "D8",
        "ALL_HMA_CROSS",
        "ALL_WILLR_7",
        "ALL_STOCH_RSI"
      ],
      "n": 866,
      "pf": 1.5932520954445069,
      "wr": 69.16859122401847,
      "mdd": -0.8264006117227835,
      "ret": 8.266866705173276,
      "sharpe": 4.42650349474794,
      "pm": 12,
      "tm": 13
    },
    "5": {
      "combo": [
        "D8",
        "ALL_HMA_CROSS",
        "ALL_WILLR_7",
        "ALL_STOCH_RSI",
        "LON_STOCH"
      ],
      "n": 1116,
      "pf": 1.5296418604692592,
      "wr": 67.56272401433692,
      "mdd": -0.8681646212136485,
      "ret": 10.125350398498995,
      "sharpe": 4.769557099068257,
      "pm": 11,
      "tm": 13
    },
    "6": {
      "combo": [
        "D8",
        "ALL_HMA_CROSS",
        "ALL_WILLR_7",
        "ALL_STOCH_RSI",
        "LON_STOCH",
        "ALL_CCI_100"
      ],
      "n": 1372,
      "pf": 1.4878366522275408,
      "wr": 66.03498542274052,
      "mdd": -1.0714627638300505,
      "ret": 12.080004574582766,
      "sharpe": 4.438470033401072,
      "pm": 12,
      "tm": 13
    },
    "7": {
      "combo": [
        "D8",
        "ALL_HMA_CROSS",
        "ALL_WILLR_7",
        "ALL_STOCH_RSI",
        "LON_STOCH",
        "ALL_CCI_100",
        "ALL_RSI_50"
      ],
      "n": 1557,
      "pf": 1.4392546473910157,
      "wr": 68.20809248554913,
      "mdd": -1.0309322601557374,
      "ret": 11.545981288189912,
      "sharpe": 4.274942767089079,
      "pm": 12,
      "tm": 13
    },
    "8": {
      "combo": [
        "D8",
        "ALL_HMA_CROSS",
        "ALL_WILLR_7",
        "ALL_STOCH_RSI",
        "LON_STOCH",
        "ALL_CCI_100",
        "ALL_RSI_50",
        "ALL_ADX_RSI50"
      ],
      "n": 1829,
      "pf": 1.4374856340910007,
      "wr": 70.25697102241662,
      "mdd": -1.1464461995912534,
      "ret": 12.692320816298686,
      "sharpe": 4.358753150779988,
      "pm": 12,
      "tm": 13
    }
  },
  "MinDD": {
    "2": {
      "combo": [
        "D8",
        "ALL_ADX_RSI50"
      ],
      "n": 325,
      "pf": 1.5218481524774072,
      "wr": 78.76923076923077,
      "mdd": -0.41712064420498646,
      "ret": 1.8145195391343147,
      "sharpe": 2.501285363386293,
      "pm": 10,
      "tm": 13
    },
    "3": {
      "combo": [
        "D8",
        "ALL_ADX_RSI50",
        "LON_STOCH"
      ],
      "n": 575,
      "pf": 1.4261521973412317,
      "wr": 71.47826086956522,
      "mdd": -0.508020718062025,
      "ret": 3.562250051339419,
      "sharpe": 2.9935348603752896,
      "pm": 11,
      "tm": 13
    },
    "4": {
      "combo": [
        "D8",
        "ALL_ADX_RSI50",
        "LON_STOCH",
        "ALL_HMA_CROSS"
      ],
      "n": 865,
      "pf": 1.5102275020228506,
      "wr": 72.60115606936417,
      "mdd": -0.4736606201537532,
      "ret": 6.235504276721666,
      "sharpe": 4.452189401214634,
      "pm": 12,
      "tm": 13
    },
    "5": {
      "combo": [
        "D8",
        "ALL_ADX_RSI50",
        "LON_STOCH",
        "ALL_HMA_CROSS",
        "ALL_STOCH_RSI"
      ],
      "n": 1091,
      "pf": 1.492983931499983,
      "wr": 70.39413382218149,
      "mdd": -0.5603870929648505,
      "ret": 8.358170574384493,
      "sharpe": 4.734650115936097,
      "pm": 12,
      "tm": 13
    },
    "6": {
      "combo": [
        "D8",
        "ALL_ADX_RSI50",
        "LON_STOCH",
        "ALL_HMA_CROSS",
        "ALL_STOCH_RSI",
        "ALL_RSI_50"
      ],
      "n": 1363,
      "pf": 1.4900780047756428,
      "wr": 72.7072633895818,
      "mdd": -0.5870621872128001,
      "ret": 9.607262550156186,
      "sharpe": 4.8057408253851435,
      "pm": 13,
      "tm": 13
    },
    "7": {
      "combo": [
        "D8",
        "ALL_ADX_RSI50",
        "LON_STOCH",
        "ALL_HMA_CROSS",
        "ALL_STOCH_RSI",
        "ALL_RSI_50",
        "ALL_WILLR_7"
      ],
      "n": 1587,
      "pf": 1.4776332145861777,
      "wr": 72.08569628229363,
      "mdd": -0.8320826776821482,
      "ret": 11.235585385070662,
      "sharpe": 4.72855979427135,
      "pm": 12,
      "tm": 13
    },
    "8": {
      "combo": [
        "D8",
        "ALL_ADX_RSI50",
        "LON_STOCH",
        "ALL_HMA_CROSS",
        "ALL_STOCH_RSI",
        "ALL_RSI_50",
        "ALL_WILLR_7",
        "ALL_CCI_100"
      ],
      "n": 1829,
      "pf": 1.4374856340910007,
      "wr": 70.25697102241662,
      "mdd": -1.1464461995912534,
      "ret": 12.692320816298686,
      "sharpe": 4.358753150779988,
      "pm": 12,
      "tm": 13
    }
  },
  "Sharpe": {
    "2": {
      "combo": [
        "D8",
        "ALL_HMA_CROSS"
      ],
      "n": 349,
      "pf": 1.7818800159024106,
      "wr": 73.35243553008596,
      "mdd": -0.41923201465477145,
      "ret": 3.6983789464053984,
      "sharpe": 3.8857007070495078,
      "pm": 12,
      "tm": 13
    },