{
  "Calmar": {
    "2": {
      "combo": [
        "D8",
        "ALL_STOCH_PIVOT"
      ],
      "n": 448,
      "pf": 1.2202482560871568,
      "wr": 79.46428571428571,
      "mdd": -1.2229567972500108,
      "ret": 4.109894652876784,
      "sharpe": 1.4854291050769102,
      "pm": 18,
      "tm": 25
    }
  },
  "PF": {
    "2": {
      "combo": [
        "D8",
        "ALL_STOCH_PIVOT"
      ],
      "n": 448,
      "pf": 1.2202482560871568,
      "wr": 79.46428571428571,
      "mdd": -1.2229567972500108,
      "ret": 4.109894652876784,
      "sharpe": 1.4854291050769102,
      "pm": 18,
      "tm": 25
    }
  },
  "MinDD": {
    "2": {
      "combo": [
        "D8",
        "ALL_STOCH_PIVOT"
      ],
      "n": 448,
      "pf": 1.2202482560871568,
      "wr": 79.46428571428571,
      "mdd": -1.2229567972500108,
      "ret": 4.109894652876784,
      "sharpe": 1.4854291050769102,
      "pm": 18,
      "tm": 25
    }
  },
  "Sharpe": {
    "2": {
      "combo": [
        "D8",
        "ALL_STOCH_PIVOT"
      ],
      "n": 448,
      "pf": 1.2202482560871568,
      "wr": 79.46428571428571,
      "mdd": -1.2229567972500108,
      "ret": 4.109894652876784,
      "sharpe": 1.4854291050769102,
      "pm": 18,
      "tm": 25
    }
  },
  "PF*WR": {
    "2": {
      "combo": [
        "D8",
        "ALL_STOCH_PIVOT"
      ],
      "n": 448,
      "pf": 1.2202482560871568,
      "wr": 79.46428571428571,
      "mdd": -1.2229567972500108,
      "ret": 4.109894652876784,
      "sharpe": 1.4854291050769102,
      "pm": 18,
      "tm": 25
    }
  },
  "Diverse": {
    "2": {
      "combo": [
        "D8",
        "ALL_STOCH_PIVOT"
      ],
      "n": 448,
      "pf": 1.2202482560871568,
      "wr": 79.46428571428571,
      "mdd": -1.2229567972500108,
      "ret": 4.109894652876784,
      "sharpe": 1.4854291050769102,
      "pm": 18,
      "tm": 25
    }
  }
}