{
  "Calmar": {
    "2": {
      "combo": [
        "ALL_EMA_921",
        "ALL_MACD_ADX"
      ],
      "n": 464,
      "pf": 1.6456457606190398,
      "wr": 70.47413793103449,
      "mdd": -0.4849486025054678,
      "ret": 4.490129688164656,
      "sharpe": 7.784475578349094,
      "pm": 11,
      "tm": 13
    },
    "3": {
      "combo": [
        "ALL_EMA_921",
        "ALL_MACD_ADX",
        "ALL_KB_SQUEEZE"
      ],
      "n": 588,
      "pf": 1.6510468268064626,
      "wr": 72.27891156462584,
      "mdd": -0.43083600119335885,
      "ret": 5.413797159606183,
      "sharpe": 8.812158594183874,
      "pm": 12,
      "tm": 13
    },
    "4": {
      "combo": [
        "ALL_EMA_921",
        "ALL_MACD_ADX",
        "ALL_KB_SQUEEZE",
        "ALL_FIB_618"
      ],
      "n": 699,
      "pf": 1.5844673806732474,
      "wr": 71.24463519313305,
      "mdd": -0.46863808514480043,
      "ret": 6.013228207650492,
      "sharpe": 8.761267689160707,
      "pm": 12,
      "tm": 13
    },
    "5": {
      "combo": [
        "ALL_EMA_921",
        "ALL_MACD_ADX",
        "ALL_KB_SQUEEZE",
        "ALL_FIB_618",
        "D8"
      ],
      "n": 724,
      "pf": 1.6195758458700902,
      "wr": 71.40883977900553,
      "mdd": -0.4909684383850202,
      "ret": 6.48642768233786,
      "sharpe": 8.89309217246608,
      "pm": 12,
      "tm": 13
    },
    "6": {
      "combo": [
        "ALL_EMA_921",
        "ALL_MACD_ADX",
        "ALL_KB_SQUEEZE",
        "ALL_FIB_618",
        "D8",
        "ALL_PIVOT_BRK"
      ],
      "n": 890,
      "pf": 1.5992053958150143,
      "wr": 72.58426966292136,
      "mdd": -0.577516038910254,
      "ret": 7.444218248386358,
      "sharpe": 9.292439091557736,
      "pm": 12,
      "tm": 13
    },
    "7": {
      "combo": [
        "ALL_EMA_921",
        "ALL_MACD_ADX",
        "ALL_KB_SQUEEZE",
        "ALL_FIB_618",
        "D8",
        "ALL_PIVOT_BRK",
        "ALL_EMA_821"
      ],
      "n": 1116,
      "pf": 1.6947318638429987,
      "wr": 74.6415770609319,
      "mdd": -0.8339026830750594,
      "ret": 10.114846324895712,
      "sharpe": 9.781916634625093,
      "pm": 13,
      "tm": 13
    },
    "8": {
      "combo": [
        "ALL_EMA_921",
        "ALL_MACD_ADX",
        "ALL_KB_SQUEEZE",
        "ALL_FIB_618",
        "D8",
        "ALL_PIVOT_BRK",
        "ALL_EMA_821",
        "TOK_BIG"
      ],
      "n": 1221,
      "pf": 1.7015037067105996,
      "wr": 73.05487305487306,
      "mdd": -1.050775300409962,
      "ret": 11.938087493077706,
      "sharpe": 9.630675496168585,
      "pm": 13,
      "tm": 13
    },
    "9": {
      "combo": [
        "ALL_EMA_921",
        "ALL_MACD_ADX",
        "ALL_KB_SQUEEZE",
        "ALL_FIB_618",
        "D8",
        "ALL_PIVOT_BRK",
        "ALL_EMA_821",
        "TOK_BIG",
        "ALL_BB_TIGHT"
      ],
      "n": 1366,
      "pf": 1.6205309212522612,
      "wr": 73.20644216691069,
      "mdd": -1.2108657906011577,
      "ret": 11.735423002631636,
      "sharpe": 8.921475914726184,
      "pm": 13,
      "tm": 13
    }
  },
  "PF": {
    "2": {
      "combo": [
        "ALL_EMA_921",
        "D8"
      ],
      "n": 299,
      "pf": 1.9979570838870173,
      "wr": 79.59866220735786,
      "mdd": -0.3760129776534337,
      "ret": 2.93849138219023,
      "sharpe": 7.116111234031679,
      "pm": 11,
      "tm": 13
    },
    "3": {
      "combo": [
        "ALL_EMA_921",
        "D8",
        "ALL_EMA_821"
      ],
      "n": 555,
      "pf": 1.9565808367394941,
      "wr": 79.63963963963964,
      "mdd": -0.7389643655466602,
      "ret": 5.388562192695594,
      "sharpe": 7.1097819684335954,
      "pm": 11,
      "tm": 13
    },
    "4": {
      "combo": [
        "ALL_EMA_921",
        "D8",
        "ALL_EMA_821",
        "ALL_KB_SQUEEZE"
      ],
      "n": 687,
      "pf": 1.9373069554738207,
      "wr": 79.76710334788937,
      "mdd": -0.753336115883097,
      "ret": 6.556846867651096,
      "sharpe": 7.827201114015294,
      "pm": 11,
      "tm": 13
    },
    "5": {
      "combo": [
        "ALL_EMA_921",
        "D8",
        "ALL_EMA_821",
        "ALL_KB_SQUEEZE",
        "ALL_PIVOT_BRK"
      ],
      "n": 864,
      "pf": 1.8616510495254412,
      "wr": 79.2824074074074,
      "mdd": -0.8329650069241054,
      "ret": 7.8491130105235065,
      "sharpe": 8.18441227045531,
      "pm": 11,
      "tm": 13
    },
    "6": {
      "combo": [
        "ALL_EMA_921",
        "D8",
        "ALL_EMA_821",
        "ALL_KB_SQUEEZE",
        "ALL_PIVOT_BRK",
        "TOK_BIG"
      ],
      "n": 978,
      "pf": 1.7925954061365383,
      "wr": 76.07361963190185,
      "mdd": -0.9158921684367364,
      "ret": 9.502327302885591,
      "sharpe": 8.718693268274091,
      "pm": 12,
      "tm": 13
    },
    "7": {
      "combo": [
        "ALL_EMA_921",
        "D8",
        "ALL_EMA_821",
        "ALL_KB_SQUEEZE",
        "ALL_PIVOT_BRK",
        "TOK_BIG",
        "ALL_MACD_ADX"
      ],
      "n": 1109,
      "pf": 1.753617066291568,
      "wr": 73.76014427412083,
      "mdd": -1.0589603610696818,
      "ret": 11.292924396611008,
      "sharpe": 9.536503827126378,
      "pm": 12,
      "tm": 13
    },
    "8": {
      "combo": [
        "ALL_EMA_921",
        "D8",
        "ALL_EMA_821",
        "ALL_KB_SQUEEZE",
        "ALL_PIVOT_BRK",
        "TOK_BIG",
        "ALL_MACD_ADX",
        "ALL_FIB_618"
      ],
      "n": 1221,
      "pf": 1.7015037067105996,
      "wr": 73.05487305487306,
      "mdd": -1.050775300409962,
      "ret": 11.938087493077706,
      "sharpe": 9.630675496168585,
      "pm": 13,
      "tm": 13
    },
    "9": {
      "combo": [
        "ALL_EMA_921",
        "D8",
        "ALL_EMA_821",
        "ALL_KB_SQUEEZE",
        "ALL_PIVOT_BRK",
        "TOK_BIG",
        "ALL_MACD_ADX",
        "ALL_FIB_618",
        "ALL_BB_TIGHT"
      ],
      "n": 1366,
      "pf": 1.6205309212522612,
      "wr": 73.20644216691069,
      "mdd": -1.2108657906011577,
      "ret": 11.735423002631636,
      "sharpe": 8.921475914726184,
      "pm": 13,
      "tm": 13
    }
  },
  "MinDD": {
    "2": {
      "combo": [
        "ALL_EMA_921",
        "ALL_FIB_618"
      ],
      "n": 395,
      "pf": 1.6578996910161479,
      "wr": 74.9367088607595,
      "mdd": -0.36512209724246175,
      "ret": 3.308104071747555,
      "sharpe": 6.59026126720563,
      "pm": 11,
      "tm": 13
    },
    "3": {
      "combo": [
        "ALL_EMA_921",
        "ALL_FIB_618",
        "D8"
      ],
      "n": 431,
      "pf": 1.6980252823335142,
      "wr": 75.1740139211137,
      "mdd": -0.38005877032373314,
      "ret": 3.696766926530385,
      "sharpe": 7.051050555184036,
      "pm": 12,
      "tm": 13
    },
    "4": {
      "combo": [
        "ALL_EMA_921",
        "ALL_FIB_618",
        "D8",
        "ALL_KB_SQUEEZE"
      ],
      "n": 566,
      "pf": 1.703248857577455,
      "wr": 76.14840989399293,
      "mdd": -0.3651780773077907,
      "ret": 4.743010060804474,
      "sharpe": 7.4214672360993585,
      "pm": 13,
      "tm": 13
    },
    "5": {
      "combo": [
        "ALL_EMA_921",
        "ALL_FIB_618",
        "D8",
        "ALL_KB_SQUEEZE",
        "ALL_BB_TIGHT"
      ],
      "n": 798,
      "pf": 1.5874869412005563,
      "wr": 75.93984962406014,
      "mdd": -0.4680471230555129,
      "ret": 5.684144986109386,
      "sharpe": 6.800153665541508,
      "pm": 13,
      "tm": 13
    },
    "6": {
      "combo": [
        "ALL_EMA_921",
        "ALL_FIB_618",
        "D8",
        "ALL_KB_SQUEEZE",
        "ALL_BB_TIGHT",
        "TOK_BIG"
      ],
      "n": 892,
      "pf": 1.5710388505040236,
      "wr": 73.4304932735426,
      "mdd": -0.5808392399297327,
      "ret": 6.86716837538076,
      "sharpe": 7.244385311178606,
      "pm": 12,
      "tm": 13
    },
    "7": {
      "combo": [
        "ALL_EMA_921",
        "ALL_FIB_618",
        "D8",
        "ALL_KB_SQUEEZE",
        "ALL_BB_TIGHT",
        "TOK_BIG",
        "ALL_PIVOT_BRK"
      ],
      "n": 1062,