{
  "Calmar": {
    "2": {
      "combo": [
        "D8",
        "ALL_MACD_HIST"
      ],
      "n": 335,
      "pf": 1.8403102648625664,
      "wr": 83.28358208955224,
      "mdd": -0.19985004999373418,
      "ret": 2.3036000130480097,
      "sharpe": 8.04829840122073,
      "pm": 13,
      "tm": 13
    },
    "3": {
      "combo": [
        "D8",
        "ALL_MACD_HIST",
        "ALL_RSI_DIV"
      ],
      "n": 580,
      "pf": 1.748057777230869,
      "wr": 80.86206896551724,
      "mdd": -0.34117561568449256,
      "ret": 4.163759042630045,
      "sharpe": 7.19017265834543,
      "pm": 12,
      "tm": 13
    },
    "4": {
      "combo": [
        "D8",
        "ALL_MACD_HIST",
        "ALL_RSI_DIV",
        "IDX_BB_REV"
      ],
      "n": 844,
      "pf": 1.7690948140245866,
      "wr": 81.99052132701422,
      "mdd": -0.3970364932043453,
      "ret": 5.943303133846377,
      "sharpe": 7.884029105634473,
      "pm": 12,
      "tm": 13
    },
    "5": {
      "combo": [
        "D8",
        "ALL_MACD_HIST",
        "ALL_RSI_DIV",
        "IDX_BB_REV",
        "ALL_RSI_EXTREME"
      ],
      "n": 979,
      "pf": 1.7353416415976577,
      "wr": 77.52808988764045,
      "mdd": -0.4929517137104876,
      "ret": 8.317789708502096,
      "sharpe": 8.106599976618442,
      "pm": 13,
      "tm": 13
    },
    "6": {
      "combo": [
        "D8",
        "ALL_MACD_HIST",
        "ALL_RSI_DIV",
        "IDX_BB_REV",
        "ALL_RSI_EXTREME",
        "IDX_RSI_REV"
      ],
      "n": 1119,
      "pf": 1.702315161151214,
      "wr": 73.9946380697051,
      "mdd": -0.7726311991568706,
      "ret": 10.621689066541963,
      "sharpe": 6.690477081055476,
      "pm": 13,
      "tm": 13
    },
    "7": {
      "combo": [
        "D8",
        "ALL_MACD_HIST",
        "ALL_RSI_DIV",
        "IDX_BB_REV",
        "ALL_RSI_EXTREME",
        "IDX_RSI_REV",
        "IDX_GAP_CONT"
      ],
      "n": 1318,
      "pf": 1.7286496866707481,
      "wr": 75.11380880121396,
      "mdd": -1.0694845031506073,
      "ret": 12.476090176251425,
      "sharpe": 7.764074536335133,
      "pm": 13,
      "tm": 13
    }
  },
  "PF": {
    "2": {
      "combo": [
        "D8",
        "IDX_GAP_CONT"
      ],
      "n": 270,
      "pf": 1.8788539018020005,
      "wr": 77.03703703703704,
      "mdd": -0.6134736279398761,
      "ret": 2.6711016952282516,
      "sharpe": 6.969701801639082,
      "pm": 12,
      "tm": 13
    },
    "3": {
      "combo": [
        "D8",
        "IDX_GAP_CONT",
        "ALL_MACD_HIST"
      ],
      "n": 574,
      "pf": 1.78898544137275,
      "wr": 80.66202090592334,
      "mdd": -0.7218259293957623,
      "ret": 4.371884023125924,
      "sharpe": 8.979103643043125,
      "pm": 12,
      "tm": 13
    },
    "4": {
      "combo": [
        "D8",
        "IDX_GAP_CONT",
        "ALL_MACD_HIST",
        "ALL_RSI_EXTREME"
      ],
      "n": 690,
      "pf": 1.7671088766975507,
      "wr": 75.36231884057972,
      "mdd": -0.9263349978719239,
      "ret": 6.606220070890588,
      "sharpe": 7.847713130570836,
      "pm": 12,
      "tm": 13
    },
    "5": {
      "combo": [
        "D8",
        "IDX_GAP_CONT",
        "ALL_MACD_HIST",
        "ALL_RSI_EXTREME",
        "ALL_RSI_DIV"
      ],
      "n": 931,
      "pf": 1.740113719244968,
      "wr": 75.93984962406014,
      "mdd": -0.7644490030251712,
      "ret": 8.48415807644825,
      "sharpe": 8.448085911769914,
      "pm": 13,
      "tm": 13
    },
    "6": {
      "combo": [
        "D8",
        "IDX_GAP_CONT",
        "ALL_MACD_HIST",
        "ALL_RSI_EXTREME",
        "ALL_RSI_DIV",
        "IDX_BB_REV"
      ],
      "n": 1192,
      "pf": 1.7569136507568794,
      "wr": 77.85234899328859,
      "mdd": -0.7888310485678292,
      "ret": 10.332328997250094,
      "sharpe": 9.325960066174192,
      "pm": 13,
      "tm": 13
    },
    "7": {
      "combo": [
        "D8",
        "IDX_GAP_CONT",
        "ALL_MACD_HIST",
        "ALL_RSI_EXTREME",
        "ALL_RSI_DIV",
        "IDX_BB_REV",
        "IDX_RSI_REV"
      ],
      "n": 1318,
      "pf": 1.7286496866707481,
      "wr": 75.11380880121396,
      "mdd": -1.0694845031506073,
      "ret": 12.476090176251425,
      "sharpe": 7.764074536335133,
      "pm": 13,
      "tm": 13
    }
  },
  "MinDD": {
    "2": {
      "combo": [
        "D8",
        "IDX_BB_REV"
      ],
      "n": 332,
      "pf": 1.762439049955089,
      "wr": 81.92771084337349,
      "mdd": -0.19744588835024962,
      "ret": 2.247348837462865,
      "sharpe": 6.561897702060522,
      "pm": 11,
      "tm": 13
    },
    "3": {
      "combo": [
        "D8",
        "IDX_BB_REV",
        "ALL_RSI_DIV"
      ],
      "n": 589,
      "pf": 1.8135583426536515,
      "wr": 80.98471986417657,
      "mdd": -0.2516644668524557,
      "ret": 4.592214635783079,
      "sharpe": 7.661867808856792,
      "pm": 13,
      "tm": 13
    },
    "4": {
      "combo": [
        "D8",
        "IDX_BB_REV",
        "ALL_RSI_DIV",
        "ALL_MACD_HIST"
      ],
      "n": 844,
      "pf": 1.7690948140245866,
      "wr": 81.99052132701422,
      "mdd": -0.3970364932043453,
      "ret": 5.943303133846377,
      "sharpe": 7.884029105634473,
      "pm": 12,
      "tm": 13
    },
    "5": {
      "combo": [
        "D8",
        "IDX_BB_REV",
        "ALL_RSI_DIV",
        "ALL_MACD_HIST",
        "ALL_RSI_EXTREME"
      ],
      "n": 979,
      "pf": 1.7353416415976577,
      "wr": 77.52808988764045,
      "mdd": -0.4929517137104876,
      "ret": 8.317789708502096,
      "sharpe": 8.106599976618442,
      "pm": 13,
      "tm": 13
    },
    "6": {
      "combo": [
        "D8",
        "IDX_BB_REV",
        "ALL_RSI_DIV",
        "ALL_MACD_HIST",
        "ALL_RSI_EXTREME",
        "IDX_RSI_REV"
      ],
      "n": 1119,
      "pf": 1.702315161151214,
      "wr": 73.9946380697051,
      "mdd": -0.7726311991568706,
      "ret": 10.621689066541963,
      "sharpe": 6.690477081055476,
      "pm": 13,
      "tm": 13
    },
    "7": {
      "combo": [
        "D8",
        "IDX_BB_REV",
        "ALL_RSI_DIV",
        "ALL_MACD_HIST",
        "ALL_RSI_EXTREME",
        "IDX_RSI_REV",
        "IDX_GAP_CONT"
      ],
      "n": 1318,
      "pf": 1.7286496866707481,
      "wr": 75.11380880121396,
      "mdd": -1.0694845031506073,
      "ret": 12.476090176251425,
      "sharpe": 7.764074536335133,
      "pm": 13,
      "tm": 13
    }
  },
  "Sharpe": {
    "2": {
      "combo": [
        "D8",
        "ALL_MACD_HIST"
      ],
      "n": 335,
      "pf": 1.8403102648625664,
      "wr": 83.28358208955224,
      "mdd": -0.19985004999373418,
      "ret": 2.3036000130480097,
      "sharpe": 8.04829840122073,
      "pm": 13,
      "tm": 13
    },
    "3": {
      "combo": [
        "D8",
        "ALL_MACD_HIST",
        "IDX_GAP_CONT"
      ],
      "n": 574,
      "pf": 1.78898544137275,
      "wr": 80.66202090592334,
      "mdd": -0.7218259293957623,
      "ret": 4.371884023125924,
      "sharpe": 8.979103643043125,
      "pm": 12,
      "tm": 13
    },
    "4": {
      "combo": [
        "D8",
        "ALL_MACD_HIST",
        "IDX_GAP_CONT",
        "IDX_BB_REV"
      ],
      "n": 841,
      "pf": 1.7366014288554812,
      "wr": 81.33174791914387,
      "mdd": -0.7376499807755896,
      "ret": 5.842868696286925,
      "sharpe": 9.200492415298603,
      "pm": 13,
      "tm": 13
    },
    "5": {
      "combo": [
        "D8",
        "ALL_MACD_HIST",
        "IDX_GAP_CONT",
        "IDX_BB_REV",
        "ALL_RSI_DIV"
      ],
      "n": 1077,
      "pf": 1.7581900287880823,
      "wr": 80.87279480037141,
      "mdd": -0.6513496076969523,
      "ret": 7.996587253570629,
      "sharpe": 9.065222364556794,
      "pm": 13,
      "tm": 13
    },
    "6": {
      "combo": [
        "D8",
        "ALL_MACD_HIST",
        "IDX_GAP_CONT",
        "IDX_BB_REV",
        "ALL_RSI_DIV",
        "ALL_RSI_EXTREME"
      ],
      "n": 1192,
      "pf": 1.7569136507568794,
      "wr": 77.85234899328859,