{
  "Calmar": {
    "2": {
      "combo": [
        "D8",
        "IDX_BB_REV"
      ],
      "n": 398,
      "pf": 1.5825573014671006,
      "wr": 78.39195979899498,
      "mdd": -0.21013814692314908,
      "ret": 2.5399249712807217,
      "sharpe": 3.021729331354677,
      "pm": 11,
      "tm": 13
    },
    "3": {
      "combo": [
        "D8",
        "IDX_BB_REV",
        "ALL_HAMMER"
      ],
      "n": 695,
      "pf": 1.581792695689574,
      "wr": 77.98561151079136,
      "mdd": -0.36639915862629846,
      "ret": 4.555989579911591,
      "sharpe": 3.404569900329274,
      "pm": 11,
      "tm": 13
    },
    "4": {
      "combo": [
        "D8",
        "IDX_BB_REV",
        "ALL_HAMMER",
        "ALL_STOCH_PIVOT"
      ],
      "n": 922,
      "pf": 1.5530815033004817,
      "wr": 76.57266811279827,
      "mdd": -0.5133834775518762,
      "ret": 6.148560514312528,
      "sharpe": 3.69354598132387,
      "pm": 12,
      "tm": 13
    },
    "5": {
      "combo": [
        "D8",
        "IDX_BB_REV",
        "ALL_HAMMER",
        "ALL_STOCH_PIVOT",
        "ALL_DPO_14"
      ],
      "n": 1206,
      "pf": 1.4570666212600893,
      "wr": 66.74958540630183,
      "mdd": -0.9021725635510932,
      "ret": 9.531481848124908,
      "sharpe": 3.023625140563545,
      "pm": 11,
      "tm": 13
    },
    "6": {
      "combo": [
        "D8",
        "IDX_BB_REV",
        "ALL_HAMMER",
        "ALL_STOCH_PIVOT",
        "ALL_DPO_14",
        "ALL_MACD_STD_SIG"
      ],
      "n": 1498,
      "pf": 1.4010327523468018,
      "wr": 59.813084112149525,
      "mdd": -1.421526678896242,
      "ret": 12.693777698340622,
      "sharpe": 2.9038980383675757,
      "pm": 11,
      "tm": 13
    }
  },
  "PF": {
    "2": {
      "combo": [
        "D8",
        "IDX_BB_REV"
      ],
      "n": 398,
      "pf": 1.5825573014671006,
      "wr": 78.39195979899498,
      "mdd": -0.21013814692314908,
      "ret": 2.5399249712807217,
      "sharpe": 3.021729331354677,
      "pm": 11,
      "tm": 13
    },
    "3": {
      "combo": [
        "D8",
        "IDX_BB_REV",
        "ALL_HAMMER"
      ],
      "n": 695,
      "pf": 1.581792695689574,
      "wr": 77.98561151079136,
      "mdd": -0.36639915862629846,
      "ret": 4.555989579911591,
      "sharpe": 3.404569900329274,
      "pm": 11,
      "tm": 13
    },
    "4": {
      "combo": [
        "D8",
        "IDX_BB_REV",
        "ALL_HAMMER",
        "ALL_STOCH_PIVOT"
      ],
      "n": 922,
      "pf": 1.5530815033004817,
      "wr": 76.57266811279827,
      "mdd": -0.5133834775518762,
      "ret": 6.148560514312528,
      "sharpe": 3.69354598132387,
      "pm": 12,
      "tm": 13
    },
    "5": {
      "combo": [
        "D8",
        "IDX_BB_REV",
        "ALL_HAMMER",
        "ALL_STOCH_PIVOT",
        "ALL_DPO_14"
      ],
      "n": 1206,
      "pf": 1.4570666212600893,
      "wr": 66.74958540630183,
      "mdd": -0.9021725635510932,
      "ret": 9.531481848124908,
      "sharpe": 3.023625140563545,
      "pm": 11,
      "tm": 13
    },
    "6": {
      "combo": [
        "D8",
        "IDX_BB_REV",
        "ALL_HAMMER",
        "ALL_STOCH_PIVOT",
        "ALL_DPO_14",
        "ALL_MACD_STD_SIG"
      ],
      "n": 1498,
      "pf": 1.4010327523468018,
      "wr": 59.813084112149525,
      "mdd": -1.421526678896242,
      "ret": 12.693777698340622,
      "sharpe": 2.9038980383675757,
      "pm": 11,
      "tm": 13
    }
  },
  "MinDD": {
    "2": {
      "combo": [
        "D8",
        "IDX_BB_REV"
      ],
      "n": 398,
      "pf": 1.5825573014671006,
      "wr": 78.39195979899498,
      "mdd": -0.21013814692314908,
      "ret": 2.5399249712807217,
      "sharpe": 3.021729331354677,
      "pm": 11,
      "tm": 13
    },
    "3": {
      "combo": [
        "D8",
        "IDX_BB_REV",
        "ALL_HAMMER"
      ],
      "n": 695,
      "pf": 1.581792695689574,
      "wr": 77.98561151079136,
      "mdd": -0.36639915862629846,
      "ret": 4.555989579911591,
      "sharpe": 3.404569900329274,
      "pm": 11,
      "tm": 13
    },
    "4": {
      "combo": [
        "D8",
        "IDX_BB_REV",
        "ALL_HAMMER",
        "ALL_STOCH_PIVOT"
      ],
      "n": 922,
      "pf": 1.5530815033004817,
      "wr": 76.57266811279827,
      "mdd": -0.5133834775518762,
      "ret": 6.148560514312528,
      "sharpe": 3.69354598132387,
      "pm": 12,
      "tm": 13
    },
    "5": {
      "combo": [
        "D8",
        "IDX_BB_REV",
        "ALL_HAMMER",
        "ALL_STOCH_PIVOT",
        "ALL_DPO_14"
      ],
      "n": 1206,
      "pf": 1.4570666212600893,
      "wr": 66.74958540630183,
      "mdd": -0.9021725635510932,
      "ret": 9.531481848124908,
      "sharpe": 3.023625140563545,
      "pm": 11,
      "tm": 13
    },
    "6": {
      "combo": [
        "D8",
        "IDX_BB_REV",
        "ALL_HAMMER",
        "ALL_STOCH_PIVOT",
        "ALL_DPO_14",
        "ALL_MACD_STD_SIG"
      ],
      "n": 1498,
      "pf": 1.4010327523468018,
      "wr": 59.813084112149525,
      "mdd": -1.421526678896242,
      "ret": 12.693777698340622,
      "sharpe": 2.9038980383675757,
      "pm": 11,
      "tm": 13
    }
  },
  "Sharpe": {
    "2": {
      "combo": [
        "D8",
        "IDX_BB_REV"
      ],
      "n": 398,
      "pf": 1.5825573014671006,
      "wr": 78.39195979899498,
      "mdd": -0.21013814692314908,
      "ret": 2.5399249712807217,
      "sharpe": 3.021729331354677,
      "pm": 11,
      "tm": 13
    },
    "3": {
      "combo": [
        "D8",
        "IDX_BB_REV",
        "ALL_STOCH_PIVOT"
      ],
      "n": 638,
      "pf": 1.576303148771588,
      "wr": 76.48902821316614,
      "mdd": -0.4094339813238121,
      "ret": 4.413296076890969,
      "sharpe": 3.5684817143646725,
      "pm": 12,
      "tm": 13
    },
    "4": {
      "combo": [
        "D8",
        "IDX_BB_REV",
        "ALL_STOCH_PIVOT",
        "ALL_HAMMER"
      ],
      "n": 922,
      "pf": 1.5530815033004817,
      "wr": 76.57266811279827,
      "mdd": -0.5133834775518762,
      "ret": 6.148560514312528,
      "sharpe": 3.69354598132387,
      "pm": 12,
      "tm": 13
    },
    "5": {
      "combo": [
        "D8",
        "IDX_BB_REV",
        "ALL_STOCH_PIVOT",
        "ALL_HAMMER",
        "ALL_MACD_STD_SIG"
      ],
      "n": 1197,
      "pf": 1.4387630040795496,
      "wr": 65.6641604010025,
      "mdd": -1.0639169811514175,
      "ret": 9.391894521353548,
      "sharpe": 3.0780951073906966,
      "pm": 10,
      "tm": 13
    },
    "6": {
      "combo": [
        "D8",
        "IDX_BB_REV",
        "ALL_STOCH_PIVOT",
        "ALL_HAMMER",
        "ALL_MACD_STD_SIG",
        "ALL_DPO_14"
      ],
      "n": 1498,
      "pf": 1.4010327523468018,
      "wr": 59.813084112149525,
      "mdd": -1.421526678896242,
      "ret": 12.693777698340622,
      "sharpe": 2.9038980383675757,
      "pm": 11,
      "tm": 13
    }
  },
  "PF*WR": {
    "2": {
      "combo": [
        "D8",
        "IDX_BB_REV"
      ],
      "n": 398,
      "pf": 1.5825573014671006,
      "wr": 78.39195979899498,
      "mdd": -0.21013814692314908,
      "ret": 2.5399249712807217,
      "sharpe": 3.021729331354677,
      "pm": 11,
      "tm": 13
    },
    "3": {
      "combo": [
        "D8",
        "IDX_BB_REV",
        "ALL_HAMMER"
      ],
      "n": 695,
      "pf": 1.581792695689574,
      "wr": 77.98561151079136,
      "mdd": -0.36639915862629846,
      "ret": 4.555989579911591,
      "sharpe": 3.404569900329274,
      "pm": 11,
      "tm": 13
    },
    "4": {
      "combo": [
        "D8",
        "IDX_BB_REV",
        "ALL_HAMMER",
        "ALL_STOCH_PIVOT"
      ],
      "n": 922,
      "pf": 1.5530815033004817,
      "wr": 76.57266811279827,
      "mdd": -0.5133834775518762,
      "ret": 6.148560514312528,
      "sharpe": 3.69354598132387,
      "pm": 12,
      "tm": 13
    },
    "5": {
      "combo": [
        "D8",
        "IDX_BB_REV",
        "ALL_HAMMER",
        "ALL_STOCH_PIVOT",
        "ALL_DPO_14"
      ],
      "n": 1206,