{
  "Calmar": {
    "2": {
      "combo": [
        "D8",
        "ALL_MACD_HIST"
      ],
      "n": 681,
      "pf": 1.4689796135038817,
      "wr": 80.91042584434655,
      "mdd": -1.068027898175993,
      "ret": 13.16290727472896,
      "sharpe": 2.6418201209518344,
      "pm": 21,
      "tm": 25
    },
    "3": {
      "combo": [
        "D8",
        "ALL_MACD_HIST",
        "ALL_STOCH_RSI"
      ],
      "n": 1287,
      "pf": 1.3855566050694565,
      "wr": 80.41958041958041,
      "mdd": -2.237013361410655,
      "ret": 22.32871874141805,
      "sharpe": 2.5075425151295754,
      "pm": 18,
      "tm": 25
    }
  },
  "PF": {
    "2": {
      "combo": [
        "D8",
        "ALL_MACD_HIST"
      ],
      "n": 681,
      "pf": 1.4689796135038817,
      "wr": 80.91042584434655,
      "mdd": -1.068027898175993,
      "ret": 13.16290727472896,
      "sharpe": 2.6418201209518344,
      "pm": 21,
      "tm": 25
    },
    "3": {
      "combo": [
        "D8",
        "ALL_MACD_HIST",
        "ALL_STOCH_RSI"
      ],
      "n": 1287,
      "pf": 1.3855566050694565,
      "wr": 80.41958041958041,
      "mdd": -2.237013361410655,
      "ret": 22.32871874141805,
      "sharpe": 2.5075425151295754,
      "pm": 18,
      "tm": 25
    }
  },
  "MinDD": {
    "2": {
      "combo": [
        "D8",
        "ALL_MACD_HIST"
      ],
      "n": 681,
      "pf": 1.4689796135038817,
      "wr": 80.91042584434655,
      "mdd": -1.068027898175993,
      "ret": 13.16290727472896,
      "sharpe": 2.6418201209518344,
      "pm": 21,
      "tm": 25
    },
    "3": {
      "combo": [
        "D8",
        "ALL_MACD_HIST",
        "ALL_STOCH_RSI"
      ],
      "n": 1287,
      "pf": 1.3855566050694565,
      "wr": 80.41958041958041,
      "mdd": -2.237013361410655,
      "ret": 22.32871874141805,
      "sharpe": 2.5075425151295754,
      "pm": 18,
      "tm": 25
    }
  },
  "Sharpe": {
    "2": {
      "combo": [
        "D8",
        "ALL_MACD_HIST"
      ],
      "n": 681,
      "pf": 1.4689796135038817,
      "wr": 80.91042584434655,
      "mdd": -1.068027898175993,
      "ret": 13.16290727472896,
      "sharpe": 2.6418201209518344,
      "pm": 21,
      "tm": 25
    },
    "3": {
      "combo": [
        "D8",
        "ALL_MACD_HIST",
        "ALL_STOCH_RSI"
      ],
      "n": 1287,
      "pf": 1.3855566050694565,
      "wr": 80.41958041958041,
      "mdd": -2.237013361410655,
      "ret": 22.32871874141805,
      "sharpe": 2.5075425151295754,
      "pm": 18,
      "tm": 25
    }
  },
  "PF*WR": {
    "2": {
      "combo": [
        "D8",
        "ALL_MACD_HIST"
      ],
      "n": 681,
      "pf": 1.4689796135038817,
      "wr": 80.91042584434655,
      "mdd": -1.068027898175993,
      "ret": 13.16290727472896,
      "sharpe": 2.6418201209518344,
      "pm": 21,
      "tm": 25
    },
    "3": {
      "combo": [
        "D8",
        "ALL_MACD_HIST",
        "ALL_STOCH_RSI"
      ],
      "n": 1287,
      "pf": 1.3855566050694565,
      "wr": 80.41958041958041,
      "mdd": -2.237013361410655,
      "ret": 22.32871874141805,
      "sharpe": 2.5075425151295754,
      "pm": 18,
      "tm": 25
    }
  },
  "Diverse": {
    "2": {
      "combo": [
        "D8",
        "ALL_MACD_HIST"
      ],
      "n": 681,
      "pf": 1.4689796135038817,
      "wr": 80.91042584434655,
      "mdd": -1.068027898175993,
      "ret": 13.16290727472896,
      "sharpe": 2.6418201209518344,
      "pm": 21,
      "tm": 25
    },
    "3": {
      "combo": [
        "D8",
        "ALL_MACD_HIST",
        "ALL_STOCH_RSI"
      ],
      "n": 1287,
      "pf": 1.3855566050694565,
      "wr": 80.41958041958041,
      "mdd": -2.237013361410655,
      "ret": 22.32871874141805,
      "sharpe": 2.5075425151295754,
      "pm": 18,
      "tm": 25
    }
  }
}