{
  "Calmar": {
    "2": {
      "combo": [
        "TOK_2BAR",
        "ALL_KB_SQUEEZE"
      ],
      "n": 209,
      "pf": 1.6530285669250908,
      "wr": 71.29186602870813,
      "mdd": -0.2849368774661599,
      "ret": 1.9792404376843624,
      "sharpe": 3.994397882424238,
      "pm": 11,
      "tm": 13
    },
    "3": {
      "combo": [
        "TOK_2BAR",
        "ALL_KB_SQUEEZE",
        "ALL_RSI_50"
      ],
      "n": 458,
      "pf": 1.6302491780479293,
      "wr": 73.7991266375546,
      "mdd": -0.34863151895905936,
      "ret": 3.835117936017501,
      "sharpe": 6.296834332329283,
      "pm": 12,
      "tm": 13
    }
  },
  "PF": {
    "2": {
      "combo": [
        "TOK_2BAR",
        "ALL_KB_SQUEEZE"
      ],
      "n": 209,
      "pf": 1.6530285669250908,
      "wr": 71.29186602870813,
      "mdd": -0.2849368774661599,
      "ret": 1.9792404376843624,
      "sharpe": 3.994397882424238,
      "pm": 11,
      "tm": 13
    },
    "3": {
      "combo": [
        "TOK_2BAR",
        "ALL_KB_SQUEEZE",
        "ALL_RSI_50"
      ],
      "n": 458,
      "pf": 1.6302491780479293,
      "wr": 73.7991266375546,
      "mdd": -0.34863151895905936,
      "ret": 3.835117936017501,
      "sharpe": 6.296834332329283,
      "pm": 12,
      "tm": 13
    }
  },
  "MinDD": {
    "2": {
      "combo": [
        "TOK_2BAR",
        "ALL_KB_SQUEEZE"
      ],
      "n": 209,
      "pf": 1.6530285669250908,
      "wr": 71.29186602870813,
      "mdd": -0.2849368774661599,
      "ret": 1.9792404376843624,
      "sharpe": 3.994397882424238,
      "pm": 11,
      "tm": 13
    },
    "3": {
      "combo": [
        "TOK_2BAR",
        "ALL_KB_SQUEEZE",
        "ALL_RSI_50"
      ],
      "n": 458,
      "pf": 1.6302491780479293,
      "wr": 73.7991266375546,
      "mdd": -0.34863151895905936,
      "ret": 3.835117936017501,
      "sharpe": 6.296834332329283,
      "pm": 12,
      "tm": 13
    }
  },
  "Sharpe": {
    "2": {
      "combo": [
        "TOK_2BAR",
        "ALL_RSI_50"
      ],
      "n": 312,
      "pf": 1.6125233314082539,
      "wr": 79.16666666666666,
      "mdd": -0.3366199495336529,
      "ret": 2.00222071115853,
      "sharpe": 5.317789272940319,
      "pm": 10,
      "tm": 13
    },
    "3": {
      "combo": [
        "TOK_2BAR",
        "ALL_RSI_50",
        "ALL_KB_SQUEEZE"
      ],
      "n": 458,
      "pf": 1.6302491780479293,
      "wr": 73.7991266375546,
      "mdd": -0.34863151895905936,
      "ret": 3.835117936017501,
      "sharpe": 6.296834332329283,
      "pm": 12,
      "tm": 13
    }
  },
  "PF*WR": {
    "2": {
      "combo": [
        "TOK_2BAR",
        "ALL_RSI_50"
      ],
      "n": 312,
      "pf": 1.6125233314082539,
      "wr": 79.16666666666666,
      "mdd": -0.3366199495336529,
      "ret": 2.00222071115853,
      "sharpe": 5.317789272940319,
      "pm": 10,
      "tm": 13
    },
    "3": {
      "combo": [
        "TOK_2BAR",
        "ALL_RSI_50",
        "ALL_KB_SQUEEZE"
      ],
      "n": 458,
      "pf": 1.6302491780479293,
      "wr": 73.7991266375546,
      "mdd": -0.34863151895905936,
      "ret": 3.835117936017501,
      "sharpe": 6.296834332329283,
      "pm": 12,
      "tm": 13
    }
  },
  "Diverse": {
    "2": {
      "combo": [
        "TOK_2BAR",
        "ALL_KB_SQUEEZE"
      ],
      "n": 209,
      "pf": 1.6530285669250908,
      "wr": 71.29186602870813,
      "mdd": -0.2849368774661599,
      "ret": 1.9792404376843624,
      "sharpe": 3.994397882424238,
      "pm": 11,
      "tm": 13
    },
    "3": {
      "combo": [
        "TOK_2BAR",
        "ALL_KB_SQUEEZE",
        "ALL_RSI_50"
      ],
      "n": 458,
      "pf": 1.6302491780479293,
      "wr": 73.7991266375546,
      "mdd": -0.34863151895905936,
      "ret": 3.835117936017501,
      "sharpe": 6.296834332329283,
      "pm": 12,
      "tm": 13
    }
  }
}