{
  "Calmar": {
    "2": {
      "combo": [
        "D8",
        "IDX_TREND_DAY"
      ],
      "n": 379,
      "pf": 1.6496422674853621,
      "wr": 73.08707124010554,
      "mdd": -0.42244080546027163,
      "ret": 3.3892841819825263,
      "sharpe": 3.508726528935865,
      "pm": 10,
      "tm": 13
    },
    "3": {
      "combo": [
        "D8",
        "IDX_TREND_DAY",
        "ALL_STOCH_RSI"
      ],
      "n": 744,
      "pf": 1.5005035034896588,
      "wr": 73.9247311827957,
      "mdd": -0.38843735609252844,
      "ret": 4.9842009592860705,
      "sharpe": 3.6781848378886615,
      "pm": 11,
      "tm": 13
    }
  },
  "PF": {
    "2": {
      "combo": [
        "D8",
        "IDX_TREND_DAY"
      ],
      "n": 379,
      "pf": 1.6496422674853621,
      "wr": 73.08707124010554,
      "mdd": -0.42244080546027163,
      "ret": 3.3892841819825263,
      "sharpe": 3.508726528935865,
      "pm": 10,
      "tm": 13
    },
    "3": {
      "combo": [
        "D8",
        "IDX_TREND_DAY",
        "ALL_STOCH_RSI"
      ],
      "n": 744,
      "pf": 1.5005035034896588,
      "wr": 73.9247311827957,
      "mdd": -0.38843735609252844,
      "ret": 4.9842009592860705,
      "sharpe": 3.6781848378886615,
      "pm": 11,
      "tm": 13
    }
  },
  "MinDD": {
    "2": {
      "combo": [
        "D8",
        "ALL_STOCH_RSI"
      ],
      "n": 412,
      "pf": 1.57300863315986,
      "wr": 74.75728155339806,
      "mdd": -0.4020702591357465,
      "ret": 3.008318025532324,
      "sharpe": 2.8417711650462314,
      "pm": 9,
      "tm": 13
    },
    "3": {
      "combo": [
        "D8",
        "ALL_STOCH_RSI",
        "IDX_TREND_DAY"
      ],
      "n": 744,
      "pf": 1.5005035034896588,
      "wr": 73.9247311827957,
      "mdd": -0.38843735609252844,
      "ret": 4.9842009592860705,
      "sharpe": 3.6781848378886615,
      "pm": 11,
      "tm": 13
    }
  },
  "Sharpe": {
    "2": {
      "combo": [
        "D8",
        "IDX_TREND_DAY"
      ],
      "n": 379,
      "pf": 1.6496422674853621,
      "wr": 73.08707124010554,
      "mdd": -0.42244080546027163,
      "ret": 3.3892841819825263,
      "sharpe": 3.508726528935865,
      "pm": 10,
      "tm": 13
    },
    "3": {
      "combo": [
        "D8",
        "IDX_TREND_DAY",
        "ALL_STOCH_RSI"
      ],
      "n": 744,
      "pf": 1.5005035034896588,
      "wr": 73.9247311827957,
      "mdd": -0.38843735609252844,
      "ret": 4.9842009592860705,
      "sharpe": 3.6781848378886615,
      "pm": 11,
      "tm": 13
    }
  },
  "PF*WR": {
    "2": {
      "combo": [
        "D8",
        "IDX_TREND_DAY"
      ],
      "n": 379,
      "pf": 1.6496422674853621,
      "wr": 73.08707124010554,
      "mdd": -0.42244080546027163,
      "ret": 3.3892841819825263,
      "sharpe": 3.508726528935865,
      "pm": 10,
      "tm": 13
    },
    "3": {
      "combo": [
        "D8",
        "IDX_TREND_DAY",
        "ALL_STOCH_RSI"
      ],
      "n": 744,
      "pf": 1.5005035034896588,
      "wr": 73.9247311827957,
      "mdd": -0.38843735609252844,
      "ret": 4.9842009592860705,
      "sharpe": 3.6781848378886615,
      "pm": 11,
      "tm": 13
    }
  },
  "Diverse": {
    "2": {
      "combo": [
        "D8",
        "ALL_STOCH_RSI"
      ],
      "n": 412,
      "pf": 1.57300863315986,
      "wr": 74.75728155339806,
      "mdd": -0.4020702591357465,
      "ret": 3.008318025532324,
      "sharpe": 2.8417711650462314,
      "pm": 9,
      "tm": 13
    },
    "3": {
      "combo": [
        "D8",
        "ALL_STOCH_RSI",
        "IDX_TREND_DAY"
      ],
      "n": 744,
      "pf": 1.5005035034896588,
      "wr": 73.9247311827957,
      "mdd": -0.38843735609252844,
      "ret": 4.9842009592860705,
      "sharpe": 3.6781848378886615,
      "pm": 11,
      "tm": 13
    }
  }
}