{
  "Calmar": {
    "2": {
      "combo": [
        "D8",
        "ALL_PSAR_EMA"
      ],
      "n": 505,
      "pf": 1.320815198322953,
      "wr": 74.05940594059406,
      "mdd": -1.5336036724230337,
      "ret": 8.823546817512266,
      "sharpe": 1.767950930024791,
      "pm": 17,
      "tm": 25
    },
    "3": {
      "combo": [
        "D8",
        "ALL_PSAR_EMA",
        "ALL_SUPERTREND"
      ],
      "n": 965,
      "pf": 1.2591791348295294,
      "wr": 75.44041450777202,
      "mdd": -2.559989632789589,
      "ret": 13.138282348644031,
      "sharpe": 1.5656634881106661,
      "pm": 16,
      "tm": 25
    },
    "4": {
      "combo": [
        "D8",
        "ALL_PSAR_EMA",
        "ALL_SUPERTREND",
        "ALL_WILLR_7"
      ],
      "n": 1515,
      "pf": 1.2212062044324292,
      "wr": 74.32343234323432,
      "mdd": -3.3845358161836243,
      "ret": 19.572715565408128,
      "sharpe": 1.6037091844852562,
      "pm": 17,
      "tm": 25
    },
    "5": {
      "combo": [
        "D8",
        "ALL_PSAR_EMA",
        "ALL_SUPERTREND",
        "ALL_WILLR_7",
        "ALL_WILLR_14"
      ],
      "n": 2051,
      "pf": 1.2079228743972432,
      "wr": 71.62359824475865,
      "mdd": -5.45441706308284,
      "ret": 29.514912485711687,
      "sharpe": 1.7335038803792862,
      "pm": 16,
      "tm": 25
    }
  },
  "PF": {
    "2": {
      "combo": [
        "D8",
        "ALL_PSAR_EMA"
      ],
      "n": 505,
      "pf": 1.320815198322953,
      "wr": 74.05940594059406,
      "mdd": -1.5336036724230337,
      "ret": 8.823546817512266,
      "sharpe": 1.767950930024791,
      "pm": 17,
      "tm": 25
    },
    "3": {
      "combo": [
        "D8",
        "ALL_PSAR_EMA",
        "ALL_SUPERTREND"
      ],
      "n": 965,
      "pf": 1.2591791348295294,
      "wr": 75.44041450777202,
      "mdd": -2.559989632789589,
      "ret": 13.138282348644031,
      "sharpe": 1.5656634881106661,
      "pm": 16,
      "tm": 25
    },
    "4": {
      "combo": [
        "D8",
        "ALL_PSAR_EMA",
        "ALL_SUPERTREND",
        "ALL_WILLR_7"
      ],
      "n": 1515,
      "pf": 1.2212062044324292,
      "wr": 74.32343234323432,
      "mdd": -3.3845358161836243,
      "ret": 19.572715565408128,
      "sharpe": 1.6037091844852562,
      "pm": 17,
      "tm": 25
    },
    "5": {
      "combo": [
        "D8",
        "ALL_PSAR_EMA",
        "ALL_SUPERTREND",
        "ALL_WILLR_7",
        "ALL_WILLR_14"
      ],
      "n": 2051,
      "pf": 1.2079228743972432,
      "wr": 71.62359824475865,
      "mdd": -5.45441706308284,
      "ret": 29.514912485711687,
      "sharpe": 1.7335038803792862,
      "pm": 16,
      "tm": 25
    }
  },
  "MinDD": {
    "2": {
      "combo": [
        "D8",
        "ALL_PSAR_EMA"
      ],
      "n": 505,
      "pf": 1.320815198322953,
      "wr": 74.05940594059406,
      "mdd": -1.5336036724230337,
      "ret": 8.823546817512266,
      "sharpe": 1.767950930024791,
      "pm": 17,
      "tm": 25
    },
    "3": {
      "combo": [
        "D8",
        "ALL_PSAR_EMA",
        "ALL_SUPERTREND"
      ],
      "n": 965,
      "pf": 1.2591791348295294,
      "wr": 75.44041450777202,
      "mdd": -2.559989632789589,
      "ret": 13.138282348644031,
      "sharpe": 1.5656634881106661,
      "pm": 16,
      "tm": 25
    },
    "4": {
      "combo": [
        "D8",
        "ALL_PSAR_EMA",
        "ALL_SUPERTREND",
        "ALL_WILLR_7"
      ],
      "n": 1515,
      "pf": 1.2212062044324292,
      "wr": 74.32343234323432,
      "mdd": -3.3845358161836243,
      "ret": 19.572715565408128,
      "sharpe": 1.6037091844852562,
      "pm": 17,
      "tm": 25
    },
    "5": {
      "combo": [
        "D8",
        "ALL_PSAR_EMA",
        "ALL_SUPERTREND",
        "ALL_WILLR_7",
        "ALL_WILLR_14"
      ],
      "n": 2051,
      "pf": 1.2079228743972432,
      "wr": 71.62359824475865,
      "mdd": -5.45441706308284,
      "ret": 29.514912485711687,
      "sharpe": 1.7335038803792862,
      "pm": 16,
      "tm": 25
    }
  },
  "Sharpe": {
    "2": {
      "combo": [
        "D8",
        "ALL_PSAR_EMA"
      ],
      "n": 505,
      "pf": 1.320815198322953,
      "wr": 74.05940594059406,
      "mdd": -1.5336036724230337,
      "ret": 8.823546817512266,
      "sharpe": 1.767950930024791,
      "pm": 17,
      "tm": 25
    },
    "3": {
      "combo": [
        "D8",
        "ALL_PSAR_EMA",
        "ALL_WILLR_7"
      ],
      "n": 1077,
      "pf": 1.2464769652934153,
      "wr": 73.4447539461467,
      "mdd": -3.8632727782544967,
      "ret": 15.794920683117017,
      "sharpe": 1.816777250167877,
      "pm": 16,
      "tm": 25
    },
    "4": {
      "combo": [
        "D8",
        "ALL_PSAR_EMA",
        "ALL_WILLR_7",
        "ALL_WILLR_14"
      ],
      "n": 1612,
      "pf": 1.2203318614524798,
      "wr": 70.28535980148884,
      "mdd": -5.522155909499149,
      "ret": 25.35623715318857,
      "sharpe": 1.7946292484203974,
      "pm": 16,
      "tm": 25
    },
    "5": {
      "combo": [
        "D8",
        "ALL_PSAR_EMA",
        "ALL_WILLR_7",
        "ALL_WILLR_14",
        "ALL_SUPERTREND"
      ],
      "n": 2051,
      "pf": 1.2079228743972432,
      "wr": 71.62359824475865,
      "mdd": -5.45441706308284,
      "ret": 29.514912485711687,
      "sharpe": 1.7335038803792862,
      "pm": 16,
      "tm": 25
    }
  },
  "PF*WR": {
    "2": {
      "combo": [
        "D8",
        "ALL_PSAR_EMA"
      ],
      "n": 505,
      "pf": 1.320815198322953,
      "wr": 74.05940594059406,
      "mdd": -1.5336036724230337,
      "ret": 8.823546817512266,
      "sharpe": 1.767950930024791,
      "pm": 17,
      "tm": 25
    },
    "3": {
      "combo": [
        "D8",
        "ALL_PSAR_EMA",
        "ALL_SUPERTREND"
      ],
      "n": 965,
      "pf": 1.2591791348295294,
      "wr": 75.44041450777202,
      "mdd": -2.559989632789589,
      "ret": 13.138282348644031,
      "sharpe": 1.5656634881106661,
      "pm": 16,
      "tm": 25
    },
    "4": {
      "combo": [
        "D8",
        "ALL_PSAR_EMA",
        "ALL_SUPERTREND",
        "ALL_WILLR_7"
      ],
      "n": 1515,
      "pf": 1.2212062044324292,
      "wr": 74.32343234323432,
      "mdd": -3.3845358161836243,
      "ret": 19.572715565408128,
      "sharpe": 1.6037091844852562,
      "pm": 17,
      "tm": 25
    },
    "5": {
      "combo": [
        "D8",
        "ALL_PSAR_EMA",
        "ALL_SUPERTREND",
        "ALL_WILLR_7",
        "ALL_WILLR_14"
      ],
      "n": 2051,
      "pf": 1.2079228743972432,
      "wr": 71.62359824475865,
      "mdd": -5.45441706308284,
      "ret": 29.514912485711687,
      "sharpe": 1.7335038803792862,
      "pm": 16,
      "tm": 25
    }
  },
  "Diverse": {
    "2": {
      "combo": [
        "D8",
        "ALL_PSAR_EMA"
      ],
      "n": 505,
      "pf": 1.320815198322953,
      "wr": 74.05940594059406,
      "mdd": -1.5336036724230337,
      "ret": 8.823546817512266,
      "sharpe": 1.767950930024791,
      "pm": 17,
      "tm": 25
    },
    "3": {
      "combo": [
        "D8",
        "ALL_PSAR_EMA",
        "ALL_WILLR_14"
      ],
      "n": 1095,
      "pf": 1.2362268677968582,
      "wr": 68.85844748858447,
      "mdd": -3.924069904935519,
      "ret": 18.308713951640268,
      "sharpe": 1.7711750042046912,
      "pm": 17,
      "tm": 25
    },
    "4": {
      "combo": [
        "D8",
        "ALL_PSAR_EMA",
        "ALL_WILLR_14",
        "ALL_WILLR_7"
      ],
      "n": 1612,
      "pf": 1.2203318614524798,
      "wr": 70.28535980148884,
      "mdd": -5.522155909499149,
      "ret": 25.35623715318857,
      "sharpe": 1.7946292484203974,
      "pm": 16,
      "tm": 25
    },
    "5": {
      "combo": [
        "D8",
        "ALL_PSAR_EMA",
        "ALL_WILLR_14",
        "ALL_WILLR_7",
        "ALL_SUPERTREND"
      ],
      "n": 2051,
      "pf": 1.2079228743972432,
      "wr": 71.62359824475865,
      "mdd": -5.45441706308284,
      "ret": 29.514912485711687,
      "sharpe": 1.7335038803792862,
      "pm": 16,