{
  "Calmar": {
    "2": {
      "combo": [
        "ALL_PSAR_EMA",
        "ALL_STOCH_PIVOT"
      ],
      "n": 294,
      "pf": 2.0778626480766844,
      "wr": 80.27210884353741,
      "mdd": -0.22835757809713525,
      "ret": 3.172534404678474,
      "sharpe": 7.474683854429109,
      "pm": 13,
      "tm": 13
    },
    "3": {
      "combo": [
        "ALL_PSAR_EMA",
        "ALL_STOCH_PIVOT",
        "ALL_ICHI_TK"
      ],
      "n": 491,
      "pf": 1.7477460564170353,
      "wr": 75.56008146639512,
      "mdd": -0.4012121072855491,
      "ret": 4.572013862779873,
      "sharpe": 7.453312539501927,
      "pm": 12,
      "tm": 13
    },
    "4": {
      "combo": [
        "ALL_PSAR_EMA",
        "ALL_STOCH_PIVOT",
        "ALL_ICHI_TK",
        "ALL_SUPERTREND"
      ],
      "n": 664,
      "pf": 1.7847270113152718,
      "wr": 75.6024096385542,
      "mdd": -0.6670611525148018,
      "ret": 6.52417171572172,
      "sharpe": 7.1009144391018,
      "pm": 12,
      "tm": 13
    },
    "5": {
      "combo": [
        "ALL_PSAR_EMA",
        "ALL_STOCH_PIVOT",
        "ALL_ICHI_TK",
        "ALL_SUPERTREND",
        "LON_ASIAN_BRK"
      ],
      "n": 774,
      "pf": 1.6816431185534548,
      "wr": 74.8062015503876,
      "mdd": -0.7814733760217256,
      "ret": 6.827003861966732,
      "sharpe": 6.524180413519544,
      "pm": 12,
      "tm": 13
    },
    "6": {
      "combo": [
        "ALL_PSAR_EMA",
        "ALL_STOCH_PIVOT",
        "ALL_ICHI_TK",
        "ALL_SUPERTREND",
        "LON_ASIAN_BRK",
        "ALL_FIB_618"
      ],
      "n": 902,
      "pf": 1.6699744769318041,
      "wr": 74.94456762749445,
      "mdd": -0.9681025858940557,
      "ret": 7.804451543605988,
      "sharpe": 6.970840446677387,
      "pm": 12,
      "tm": 13
    }
  },
  "PF": {
    "2": {
      "combo": [
        "ALL_PSAR_EMA",
        "ALL_STOCH_PIVOT"
      ],
      "n": 294,
      "pf": 2.0778626480766844,
      "wr": 80.27210884353741,
      "mdd": -0.22835757809713525,
      "ret": 3.172534404678474,
      "sharpe": 7.474683854429109,
      "pm": 13,
      "tm": 13
    },
    "3": {
      "combo": [
        "ALL_PSAR_EMA",
        "ALL_STOCH_PIVOT",
        "ALL_SUPERTREND"
      ],
      "n": 473,
      "pf": 2.013203462280757,
      "wr": 78.8583509513742,
      "mdd": -0.4774554007307396,
      "ret": 5.181011672995053,
      "sharpe": 6.734487054070377,
      "pm": 13,
      "tm": 13
    },
    "4": {
      "combo": [
        "ALL_PSAR_EMA",
        "ALL_STOCH_PIVOT",
        "ALL_SUPERTREND",
        "ALL_FIB_618"
      ],
      "n": 604,
      "pf": 1.9059975182083442,
      "wr": 78.1456953642384,
      "mdd": -0.6724793747428335,
      "ret": 6.136389425385598,
      "sharpe": 6.901955654516755,
      "pm": 12,
      "tm": 13
    },
    "5": {
      "combo": [
        "ALL_PSAR_EMA",
        "ALL_STOCH_PIVOT",
        "ALL_SUPERTREND",
        "ALL_FIB_618",
        "ALL_ICHI_TK"
      ],
      "n": 794,
      "pf": 1.7592643202813707,
      "wr": 75.6926952141058,
      "mdd": -0.9034786180269517,
      "ret": 7.551373718136572,
      "sharpe": 7.417715623594767,
      "pm": 12,
      "tm": 13
    },
    "6": {
      "combo": [
        "ALL_PSAR_EMA",
        "ALL_STOCH_PIVOT",
        "ALL_SUPERTREND",
        "ALL_FIB_618",
        "ALL_ICHI_TK",
        "LON_ASIAN_BRK"
      ],
      "n": 902,
      "pf": 1.6699744769318041,
      "wr": 74.94456762749445,
      "mdd": -0.9681025858940557,
      "ret": 7.804451543605988,
      "sharpe": 6.970840446677387,
      "pm": 12,
      "tm": 13
    }
  },
  "MinDD": {
    "2": {
      "combo": [
        "ALL_PSAR_EMA",
        "ALL_STOCH_PIVOT"
      ],
      "n": 294,
      "pf": 2.0778626480766844,
      "wr": 80.27210884353741,
      "mdd": -0.22835757809713525,
      "ret": 3.172534404678474,
      "sharpe": 7.474683854429109,
      "pm": 13,
      "tm": 13
    },
    "3": {
      "combo": [
        "ALL_PSAR_EMA",
        "ALL_STOCH_PIVOT",
        "ALL_ICHI_TK"
      ],
      "n": 491,
      "pf": 1.7477460564170353,
      "wr": 75.56008146639512,
      "mdd": -0.4012121072855491,
      "ret": 4.572013862779873,
      "sharpe": 7.453312539501927,
      "pm": 12,
      "tm": 13
    },
    "4": {
      "combo": [
        "ALL_PSAR_EMA",
        "ALL_STOCH_PIVOT",
        "ALL_ICHI_TK",
        "LON_ASIAN_BRK"
      ],
      "n": 606,
      "pf": 1.6187082010448766,
      "wr": 74.58745874587459,
      "mdd": -0.5159305371801555,
      "ret": 4.858334356608757,
      "sharpe": 6.591024878653754,
      "pm": 11,
      "tm": 13
    },
    "5": {
      "combo": [
        "ALL_PSAR_EMA",
        "ALL_STOCH_PIVOT",
        "ALL_ICHI_TK",
        "LON_ASIAN_BRK",
        "ALL_FIB_618"
      ],
      "n": 735,
      "pf": 1.61590598714767,
      "wr": 74.82993197278913,
      "mdd": -0.7030343569232278,
      "ret": 5.830858581695458,
      "sharpe": 7.19547361173653,
      "pm": 11,
      "tm": 13
    },
    "6": {
      "combo": [
        "ALL_PSAR_EMA",
        "ALL_STOCH_PIVOT",
        "ALL_ICHI_TK",
        "LON_ASIAN_BRK",
        "ALL_FIB_618",
        "ALL_SUPERTREND"
      ],
      "n": 902,
      "pf": 1.6699744769318041,
      "wr": 74.94456762749445,
      "mdd": -0.9681025858940557,
      "ret": 7.804451543605988,
      "sharpe": 6.970840446677387,
      "pm": 12,
      "tm": 13
    }
  },
  "Sharpe": {
    "2": {
      "combo": [
        "ALL_PSAR_EMA",
        "ALL_STOCH_PIVOT"
      ],
      "n": 294,
      "pf": 2.0778626480766844,
      "wr": 80.27210884353741,
      "mdd": -0.22835757809713525,
      "ret": 3.172534404678474,
      "sharpe": 7.474683854429109,
      "pm": 13,
      "tm": 13
    },
    "3": {
      "combo": [
        "ALL_PSAR_EMA",
        "ALL_STOCH_PIVOT",
        "ALL_ICHI_TK"
      ],
      "n": 491,
      "pf": 1.7477460564170353,
      "wr": 75.56008146639512,
      "mdd": -0.4012121072855491,
      "ret": 4.572013862779873,
      "sharpe": 7.453312539501927,
      "pm": 12,
      "tm": 13
    },
    "4": {
      "combo": [
        "ALL_PSAR_EMA",
        "ALL_STOCH_PIVOT",
        "ALL_ICHI_TK",
        "ALL_FIB_618"
      ],
      "n": 622,
      "pf": 1.723997427370947,
      "wr": 75.72347266881029,
      "mdd": -0.6382374169011352,
      "ret": 5.593451530684484,
      "sharpe": 7.767085083072949,
      "pm": 12,
      "tm": 13
    },
    "5": {
      "combo": [
        "ALL_PSAR_EMA",
        "ALL_STOCH_PIVOT",
        "ALL_ICHI_TK",
        "ALL_FIB_618",
        "ALL_SUPERTREND"
      ],
      "n": 794,
      "pf": 1.7592643202813707,
      "wr": 75.6926952141058,
      "mdd": -0.9034786180269517,
      "ret": 7.551373718136572,
      "sharpe": 7.417715623594767,
      "pm": 12,
      "tm": 13
    },
    "6": {
      "combo": [
        "ALL_PSAR_EMA",
        "ALL_STOCH_PIVOT",
        "ALL_ICHI_TK",
        "ALL_FIB_618",
        "ALL_SUPERTREND",
        "LON_ASIAN_BRK"
      ],
      "n": 902,
      "pf": 1.6699744769318041,
      "wr": 74.94456762749445,
      "mdd": -0.9681025858940557,
      "ret": 7.804451543605988,
      "sharpe": 6.970840446677387,
      "pm": 12,
      "tm": 13
    }
  },
  "PF*WR": {
    "2": {
      "combo": [
        "ALL_PSAR_EMA",
        "ALL_STOCH_PIVOT"
      ],
      "n": 294,
      "pf": 2.0778626480766844,
      "wr": 80.27210884353741,
      "mdd": -0.22835757809713525,
      "ret": 3.172534404678474,
      "sharpe": 7.474683854429109,
      "pm": 13,
      "tm": 13
    },
    "3": {
      "combo": [
        "ALL_PSAR_EMA",
        "ALL_STOCH_PIVOT",
        "ALL_SUPERTREND"
      ],
      "n": 473,
      "pf": 2.013203462280757,
      "wr": 78.8583509513742,
      "mdd": -0.4774554007307396,
      "ret": 5.181011672995053,
      "sharpe": 6.734487054070377,
      "pm": 13,
      "tm": 13
    },
    "4": {
      "combo": [
        "ALL_PSAR_EMA",
        "ALL_STOCH_PIVOT",
        "ALL_SUPERTREND",
        "ALL_FIB_618"
      ],
      "n": 604,
      "pf": 1.9059975182083442,
      "wr": 78.1456953642384,