{
  "Calmar": {
    "2": {
      "combo": [
        "D8",
        "ALL_MACD_ADX"
      ],
      "n": 320,
      "pf": 1.7836120288639588,
      "wr": 83.75,
      "mdd": -0.19211816231136486,
      "ret": 2.056274209552488,
      "sharpe": 6.616867675186261,
      "pm": 13,
      "tm": 13
    },
    "3": {
      "combo": [
        "D8",
        "ALL_MACD_ADX",
        "IDX_VWAP_BOUNCE"
      ],
      "n": 458,
      "pf": 1.6741178380653285,
      "wr": 79.03930131004367,
      "mdd": -0.27345742449343796,
      "ret": 3.2897217100903946,
      "sharpe": 6.169440445750753,
      "pm": 11,
      "tm": 13
    },
    "4": {
      "combo": [
        "D8",
        "ALL_MACD_ADX",
        "IDX_VWAP_BOUNCE",
        "ALL_MACD_STD_SIG"
      ],
      "n": 736,
      "pf": 1.659685763843716,
      "wr": 79.8913043478261,
      "mdd": -0.5152858210411153,
      "ret": 5.009344210904601,
      "sharpe": 7.11026813537394,
      "pm": 12,
      "tm": 13
    }
  },
  "PF": {
    "2": {
      "combo": [
        "D8",
        "ALL_MACD_ADX"
      ],
      "n": 320,
      "pf": 1.7836120288639588,
      "wr": 83.75,
      "mdd": -0.19211816231136486,
      "ret": 2.056274209552488,
      "sharpe": 6.616867675186261,
      "pm": 13,
      "tm": 13
    },
    "3": {
      "combo": [
        "D8",
        "ALL_MACD_ADX",
        "ALL_MACD_STD_SIG"
      ],
      "n": 599,
      "pf": 1.7113120425898407,
      "wr": 82.63772954924875,
      "mdd": -0.447204049430352,
      "ret": 3.7683599024092254,
      "sharpe": 6.964577842705106,
      "pm": 12,
      "tm": 13
    },
    "4": {
      "combo": [
        "D8",
        "ALL_MACD_ADX",
        "ALL_MACD_STD_SIG",
        "IDX_VWAP_BOUNCE"
      ],
      "n": 736,
      "pf": 1.659685763843716,
      "wr": 79.8913043478261,
      "mdd": -0.5152858210411153,
      "ret": 5.009344210904601,
      "sharpe": 7.11026813537394,
      "pm": 12,
      "tm": 13
    }
  },
  "MinDD": {
    "2": {
      "combo": [
        "D8",
        "ALL_MACD_ADX"
      ],
      "n": 320,
      "pf": 1.7836120288639588,
      "wr": 83.75,
      "mdd": -0.19211816231136486,
      "ret": 2.056274209552488,
      "sharpe": 6.616867675186261,
      "pm": 13,
      "tm": 13
    },
    "3": {
      "combo": [
        "D8",
        "ALL_MACD_ADX",
        "IDX_VWAP_BOUNCE"
      ],
      "n": 458,
      "pf": 1.6741178380653285,
      "wr": 79.03930131004367,
      "mdd": -0.27345742449343796,
      "ret": 3.2897217100903946,
      "sharpe": 6.169440445750753,
      "pm": 11,
      "tm": 13
    },
    "4": {
      "combo": [
        "D8",
        "ALL_MACD_ADX",
        "IDX_VWAP_BOUNCE",
        "ALL_MACD_STD_SIG"
      ],
      "n": 736,
      "pf": 1.659685763843716,
      "wr": 79.8913043478261,
      "mdd": -0.5152858210411153,
      "ret": 5.009344210904601,
      "sharpe": 7.11026813537394,
      "pm": 12,
      "tm": 13
    }
  },
  "Sharpe": {
    "2": {
      "combo": [
        "D8",
        "ALL_MACD_ADX"
      ],
      "n": 320,
      "pf": 1.7836120288639588,
      "wr": 83.75,
      "mdd": -0.19211816231136486,
      "ret": 2.056274209552488,
      "sharpe": 6.616867675186261,
      "pm": 13,
      "tm": 13
    },
    "3": {
      "combo": [
        "D8",
        "ALL_MACD_ADX",
        "ALL_MACD_STD_SIG"
      ],
      "n": 599,
      "pf": 1.7113120425898407,
      "wr": 82.63772954924875,
      "mdd": -0.447204049430352,
      "ret": 3.7683599024092254,
      "sharpe": 6.964577842705106,
      "pm": 12,
      "tm": 13
    },
    "4": {
      "combo": [
        "D8",
        "ALL_MACD_ADX",
        "ALL_MACD_STD_SIG",
        "IDX_VWAP_BOUNCE"
      ],
      "n": 736,
      "pf": 1.659685763843716,
      "wr": 79.8913043478261,
      "mdd": -0.5152858210411153,
      "ret": 5.009344210904601,
      "sharpe": 7.11026813537394,
      "pm": 12,
      "tm": 13
    }
  },
  "PF*WR": {
    "2": {
      "combo": [
        "D8",
        "ALL_MACD_ADX"
      ],
      "n": 320,
      "pf": 1.7836120288639588,
      "wr": 83.75,
      "mdd": -0.19211816231136486,
      "ret": 2.056274209552488,
      "sharpe": 6.616867675186261,
      "pm": 13,
      "tm": 13
    },
    "3": {
      "combo": [
        "D8",
        "ALL_MACD_ADX",
        "ALL_MACD_STD_SIG"
      ],
      "n": 599,
      "pf": 1.7113120425898407,
      "wr": 82.63772954924875,
      "mdd": -0.447204049430352,
      "ret": 3.7683599024092254,
      "sharpe": 6.964577842705106,
      "pm": 12,
      "tm": 13
    },
    "4": {
      "combo": [
        "D8",
        "ALL_MACD_ADX",
        "ALL_MACD_STD_SIG",
        "IDX_VWAP_BOUNCE"
      ],
      "n": 736,
      "pf": 1.659685763843716,
      "wr": 79.8913043478261,
      "mdd": -0.5152858210411153,
      "ret": 5.009344210904601,
      "sharpe": 7.11026813537394,
      "pm": 12,
      "tm": 13
    }
  },
  "Diverse": {
    "2": {
      "combo": [
        "D8",
        "ALL_MACD_STD_SIG"
      ],
      "n": 331,
      "pf": 1.6488232398013183,
      "wr": 81.2688821752266,
      "mdd": -0.38503932815038067,
      "ret": 2.0333704075625283,
      "sharpe": 5.715574260550378,
      "pm": 12,
      "tm": 13
    },
    "3": {
      "combo": [
        "D8",
        "ALL_MACD_STD_SIG",
        "IDX_VWAP_BOUNCE"
      ],
      "n": 467,
      "pf": 1.5841017360715308,
      "wr": 77.30192719486081,
      "mdd": -0.5276041325171762,
      "ret": 3.1513445426621622,
      "sharpe": 5.494179203597064,
      "pm": 9,
      "tm": 13
    },
    "4": {
      "combo": [
        "D8",
        "ALL_MACD_STD_SIG",
        "IDX_VWAP_BOUNCE",
        "ALL_MACD_ADX"
      ],
      "n": 736,
      "pf": 1.659685763843716,
      "wr": 79.8913043478261,
      "mdd": -0.5152858210411153,
      "ret": 5.009344210904601,
      "sharpe": 7.11026813537394,
      "pm": 12,
      "tm": 13
    }
  }
}