{
  "Calmar": {
    "2": {
      "combo": [
        "D8",
        "ALL_AO_SAUCER"
      ],
      "n": 665,
      "pf": 1.7156697511812269,
      "wr": 80.15037593984962,
      "mdd": -1.6455040808040864,
      "ret": 21.10497211980568,
      "sharpe": 3.378217074662098,
      "pm": 20,
      "tm": 25
    },
    "3": {
      "combo": [
        "D8",
        "ALL_AO_SAUCER",
        "PO3_SWEEP"
      ],
      "n": 866,
      "pf": 1.730953201219107,
      "wr": 81.5242494226328,
      "mdd": -1.4210589162819804,
      "ret": 26.559608812766733,
      "sharpe": 3.7847443809318735,
      "pm": 23,
      "tm": 25
    }
  },
  "PF": {
    "2": {
      "combo": [
        "D8",
        "PO3_SWEEP"
      ],
      "n": 261,
      "pf": 2.0107125743732213,
      "wr": 81.99233716475096,
      "mdd": -1.1078002442314245,
      "ret": 9.945232575368893,
      "sharpe": 3.793817167053177,
      "pm": 21,
      "tm": 25
    },
    "3": {
      "combo": [
        "D8",
        "PO3_SWEEP",
        "ALL_AO_SAUCER"
      ],
      "n": 866,
      "pf": 1.730953201219107,
      "wr": 81.5242494226328,
      "mdd": -1.4210589162819804,
      "ret": 26.559608812766733,
      "sharpe": 3.7847443809318735,
      "pm": 23,
      "tm": 25
    }
  },
  "MinDD": {
    "2": {
      "combo": [
        "D8",
        "PO3_SWEEP"
      ],
      "n": 261,
      "pf": 2.0107125743732213,
      "wr": 81.99233716475096,
      "mdd": -1.1078002442314245,
      "ret": 9.945232575368893,
      "sharpe": 3.793817167053177,
      "pm": 21,
      "tm": 25
    },
    "3": {
      "combo": [
        "D8",
        "PO3_SWEEP",
        "ALL_AO_SAUCER"
      ],
      "n": 866,
      "pf": 1.730953201219107,
      "wr": 81.5242494226328,
      "mdd": -1.4210589162819804,
      "ret": 26.559608812766733,
      "sharpe": 3.7847443809318735,
      "pm": 23,
      "tm": 25
    }
  },
  "Sharpe": {
    "2": {
      "combo": [
        "D8",
        "PO3_SWEEP"
      ],
      "n": 261,
      "pf": 2.0107125743732213,
      "wr": 81.99233716475096,
      "mdd": -1.1078002442314245,
      "ret": 9.945232575368893,
      "sharpe": 3.793817167053177,
      "pm": 21,
      "tm": 25
    },
    "3": {
      "combo": [
        "D8",
        "PO3_SWEEP",
        "ALL_AO_SAUCER"
      ],
      "n": 866,
      "pf": 1.730953201219107,
      "wr": 81.5242494226328,
      "mdd": -1.4210589162819804,
      "ret": 26.559608812766733,
      "sharpe": 3.7847443809318735,
      "pm": 23,
      "tm": 25
    }
  },
  "PF*WR": {
    "2": {
      "combo": [
        "D8",
        "PO3_SWEEP"
      ],
      "n": 261,
      "pf": 2.0107125743732213,
      "wr": 81.99233716475096,
      "mdd": -1.1078002442314245,
      "ret": 9.945232575368893,
      "sharpe": 3.793817167053177,
      "pm": 21,
      "tm": 25
    },
    "3": {
      "combo": [
        "D8",
        "PO3_SWEEP",
        "ALL_AO_SAUCER"
      ],
      "n": 866,
      "pf": 1.730953201219107,
      "wr": 81.5242494226328,
      "mdd": -1.4210589162819804,
      "ret": 26.559608812766733,
      "sharpe": 3.7847443809318735,
      "pm": 23,
      "tm": 25
    }
  },
  "Diverse": {
    "2": {
      "combo": [
        "D8",
        "PO3_SWEEP"
      ],
      "n": 261,
      "pf": 2.0107125743732213,
      "wr": 81.99233716475096,
      "mdd": -1.1078002442314245,
      "ret": 9.945232575368893,
      "sharpe": 3.793817167053177,
      "pm": 21,
      "tm": 25
    },
    "3": {
      "combo": [
        "D8",
        "PO3_SWEEP",
        "ALL_AO_SAUCER"
      ],
      "n": 866,
      "pf": 1.730953201219107,
      "wr": 81.5242494226328,
      "mdd": -1.4210589162819804,
      "ret": 26.559608812766733,
      "sharpe": 3.7847443809318735,
      "pm": 23,
      "tm": 25
    }
  }
}