{
  "Calmar": {
    "2": {
      "combo": [
        "PO3_SWEEP",
        "D8"
      ],
      "n": 168,
      "pf": 2.0410254426483156,
      "wr": 77.38095238095238,
      "mdd": -0.21673541688217668,
      "ret": 1.998221181530025,
      "sharpe": 3.618745913253157,
      "pm": 11,
      "tm": 13
    },
    "3": {
      "combo": [
        "PO3_SWEEP",
        "D8",
        "ALL_CCI_100"
      ],
      "n": 532,
      "pf": 1.5035416324406454,
      "wr": 70.30075187969925,
      "mdd": -0.33872016294421975,
      "ret": 4.083107566722145,
      "sharpe": 2.7834958486253294,
      "pm": 11,
      "tm": 13
    },
    "4": {
      "combo": [
        "PO3_SWEEP",
        "D8",
        "ALL_CCI_100",
        "IDX_CONSEC_REV"
      ],
      "n": 882,
      "pf": 1.4306854009453802,
      "wr": 64.73922902494331,
      "mdd": -0.5379380602168965,
      "ret": 6.947802365245953,
      "sharpe": 3.186950627087513,
      "pm": 12,
      "tm": 13
    },
    "5": {
      "combo": [
        "PO3_SWEEP",
        "D8",
        "ALL_CCI_100",
        "IDX_CONSEC_REV",
        "ALL_MSTAR"
      ],
      "n": 1130,
      "pf": 1.5074310652048626,
      "wr": 58.14159292035398,
      "mdd": -0.7528379310697891,
      "ret": 12.678557350723654,
      "sharpe": 3.5803587182185677,
      "pm": 12,
      "tm": 13
    }
  },
  "PF": {
    "2": {
      "combo": [
        "PO3_SWEEP",
        "D8"
      ],
      "n": 168,
      "pf": 2.0410254426483156,
      "wr": 77.38095238095238,
      "mdd": -0.21673541688217668,
      "ret": 1.998221181530025,
      "sharpe": 3.618745913253157,
      "pm": 11,
      "tm": 13
    },
    "3": {
      "combo": [
        "PO3_SWEEP",
        "D8",
        "ALL_MSTAR"
      ],
      "n": 435,
      "pf": 1.7384909703051061,
      "wr": 52.18390804597701,
      "mdd": -0.9018765938033154,
      "ret": 7.909133315841769,
      "sharpe": 3.056936908738525,
      "pm": 10,
      "tm": 13
    },
    "4": {
      "combo": [
        "PO3_SWEEP",
        "D8",
        "ALL_MSTAR",
        "ALL_CCI_100"
      ],
      "n": 786,
      "pf": 1.587073447932446,
      "wr": 58.905852417302796,
      "mdd": -0.8598289127698021,
      "ret": 9.925700731163088,
      "sharpe": 3.1900244520911865,
      "pm": 11,
      "tm": 13
    },
    "5": {
      "combo": [
        "PO3_SWEEP",
        "D8",
        "ALL_MSTAR",
        "ALL_CCI_100",
        "IDX_CONSEC_REV"
      ],
      "n": 1130,
      "pf": 1.5074310652048626,
      "wr": 58.14159292035398,
      "mdd": -0.7528379310697891,
      "ret": 12.678557350723654,
      "sharpe": 3.5803587182185677,
      "pm": 12,
      "tm": 13
    }
  },
  "MinDD": {
    "2": {
      "combo": [
        "PO3_SWEEP",
        "D8"
      ],
      "n": 168,
      "pf": 2.0410254426483156,
      "wr": 77.38095238095238,
      "mdd": -0.21673541688217668,
      "ret": 1.998221181530025,
      "sharpe": 3.618745913253157,
      "pm": 11,
      "tm": 13
    },
    "3": {
      "combo": [
        "PO3_SWEEP",
        "D8",
        "ALL_CCI_100"
      ],
      "n": 532,
      "pf": 1.5035416324406454,
      "wr": 70.30075187969925,
      "mdd": -0.33872016294421975,
      "ret": 4.083107566722145,
      "sharpe": 2.7834958486253294,
      "pm": 11,
      "tm": 13
    },
    "4": {
      "combo": [
        "PO3_SWEEP",
        "D8",
        "ALL_CCI_100",
        "IDX_CONSEC_REV"
      ],
      "n": 882,
      "pf": 1.4306854009453802,
      "wr": 64.73922902494331,
      "mdd": -0.5379380602168965,
      "ret": 6.947802365245953,
      "sharpe": 3.186950627087513,
      "pm": 12,
      "tm": 13
    },
    "5": {
      "combo": [
        "PO3_SWEEP",
        "D8",
        "ALL_CCI_100",
        "IDX_CONSEC_REV",
        "ALL_MSTAR"
      ],
      "n": 1130,
      "pf": 1.5074310652048626,
      "wr": 58.14159292035398,
      "mdd": -0.7528379310697891,
      "ret": 12.678557350723654,
      "sharpe": 3.5803587182185677,
      "pm": 12,
      "tm": 13
    }
  },
  "Sharpe": {
    "2": {
      "combo": [
        "PO3_SWEEP",
        "D8"
      ],
      "n": 168,
      "pf": 2.0410254426483156,
      "wr": 77.38095238095238,
      "mdd": -0.21673541688217668,
      "ret": 1.998221181530025,
      "sharpe": 3.618745913253157,
      "pm": 11,
      "tm": 13
    },
    "3": {
      "combo": [
        "PO3_SWEEP",
        "D8",
        "ALL_MSTAR"
      ],
      "n": 435,
      "pf": 1.7384909703051061,
      "wr": 52.18390804597701,
      "mdd": -0.9018765938033154,
      "ret": 7.909133315841769,
      "sharpe": 3.056936908738525,
      "pm": 10,
      "tm": 13
    },
    "4": {
      "combo": [
        "PO3_SWEEP",
        "D8",
        "ALL_MSTAR",
        "IDX_CONSEC_REV"
      ],
      "n": 788,
      "pf": 1.5733300591741444,
      "wr": 54.18781725888325,
      "mdd": -0.7971100227291614,
      "ret": 10.779466994788818,
      "sharpe": 3.279525698087237,
      "pm": 10,
      "tm": 13
    },
    "5": {
      "combo": [
        "PO3_SWEEP",
        "D8",
        "ALL_MSTAR",
        "IDX_CONSEC_REV",
        "ALL_CCI_100"
      ],
      "n": 1130,
      "pf": 1.5074310652048626,
      "wr": 58.14159292035398,
      "mdd": -0.7528379310697891,
      "ret": 12.678557350723654,
      "sharpe": 3.5803587182185677,
      "pm": 12,
      "tm": 13
    }
  },
  "PF*WR": {
    "2": {
      "combo": [
        "PO3_SWEEP",
        "D8"
      ],
      "n": 168,
      "pf": 2.0410254426483156,
      "wr": 77.38095238095238,
      "mdd": -0.21673541688217668,
      "ret": 1.998221181530025,
      "sharpe": 3.618745913253157,
      "pm": 11,
      "tm": 13
    },
    "3": {
      "combo": [
        "PO3_SWEEP",
        "D8",
        "ALL_CCI_100"
      ],
      "n": 532,
      "pf": 1.5035416324406454,
      "wr": 70.30075187969925,
      "mdd": -0.33872016294421975,
      "ret": 4.083107566722145,
      "sharpe": 2.7834958486253294,
      "pm": 11,
      "tm": 13
    },
    "4": {
      "combo": [
        "PO3_SWEEP",
        "D8",
        "ALL_CCI_100",
        "ALL_MSTAR"
      ],
      "n": 786,
      "pf": 1.587073447932446,
      "wr": 58.905852417302796,
      "mdd": -0.8598289127698021,
      "ret": 9.925700731163088,
      "sharpe": 3.1900244520911865,
      "pm": 11,
      "tm": 13
    },
    "5": {
      "combo": [
        "PO3_SWEEP",
        "D8",
        "ALL_CCI_100",
        "ALL_MSTAR",
        "IDX_CONSEC_REV"
      ],
      "n": 1130,
      "pf": 1.5074310652048626,
      "wr": 58.14159292035398,
      "mdd": -0.7528379310697891,
      "ret": 12.678557350723654,
      "sharpe": 3.5803587182185677,
      "pm": 12,
      "tm": 13
    }
  },
  "Diverse": {
    "2": {
      "combo": [
        "PO3_SWEEP",
        "D8"
      ],
      "n": 168,
      "pf": 2.0410254426483156,
      "wr": 77.38095238095238,
      "mdd": -0.21673541688217668,
      "ret": 1.998221181530025,
      "sharpe": 3.618745913253157,
      "pm": 11,
      "tm": 13
    },
    "3": {
      "combo": [
        "PO3_SWEEP",
        "D8",
        "ALL_MSTAR"
      ],
      "n": 435,
      "pf": 1.7384909703051061,
      "wr": 52.18390804597701,
      "mdd": -0.9018765938033154,
      "ret": 7.909133315841769,
      "sharpe": 3.056936908738525,
      "pm": 10,
      "tm": 13
    },
    "4": {
      "combo": [
        "PO3_SWEEP",
        "D8",
        "ALL_MSTAR",
        "ALL_CCI_100"
      ],
      "n": 786,
      "pf": 1.587073447932446,
      "wr": 58.905852417302796,
      "mdd": -0.8598289127698021,
      "ret": 9.925700731163088,
      "sharpe": 3.1900244520911865,
      "pm": 11,
      "tm": 13
    },
    "5": {
      "combo": [
        "PO3_SWEEP",
        "D8",
        "ALL_MSTAR",
        "ALL_CCI_100",
        "IDX_CONSEC_REV"
      ],
      "n": 1130,
      "pf": 1.5074310652048626,
      "wr": 58.14159292035398,
      "mdd": -0.7528379310697891,
      "ret": 12.678557350723654,
      "sharpe": 3.5803587182185677,
      "pm": 12,
      "tm": 13
    }
  }
}