{
  "Calmar": {
    "2": {
      "combo": [
        "IDX_NY_MOM",
        "IDX_TREND_DAY"
      ],
      "n": 581,
      "pf": 1.3507038167558347,
      "wr": 68.50258175559381,
      "mdd": -0.8410596013774068,
      "ret": 3.2835443408405407,
      "sharpe": 2.16500172967588,
      "pm": 10,
      "tm": 13
    }
  },
  "PF": {
    "2": {
      "combo": [
        "IDX_NY_MOM",
        "IDX_TREND_DAY"
      ],
      "n": 581,
      "pf": 1.3507038167558347,
      "wr": 68.50258175559381,
      "mdd": -0.8410596013774068,
      "ret": 3.2835443408405407,
      "sharpe": 2.16500172967588,
      "pm": 10,
      "tm": 13
    }
  },
  "MinDD": {
    "2": {
      "combo": [
        "IDX_NY_MOM",
        "IDX_TREND_DAY"
      ],
      "n": 581,
      "pf": 1.3507038167558347,
      "wr": 68.50258175559381,
      "mdd": -0.8410596013774068,
      "ret": 3.2835443408405407,
      "sharpe": 2.16500172967588,
      "pm": 10,
      "tm": 13
    }
  },
  "Sharpe": {
    "2": {
      "combo": [
        "IDX_NY_MOM",
        "IDX_TREND_DAY"
      ],
      "n": 581,
      "pf": 1.3507038167558347,
      "wr": 68.50258175559381,
      "mdd": -0.8410596013774068,
      "ret": 3.2835443408405407,
      "sharpe": 2.16500172967588,
      "pm": 10,
      "tm": 13
    }
  },
  "PF*WR": {
    "2": {
      "combo": [
        "IDX_NY_MOM",
        "IDX_TREND_DAY"
      ],
      "n": 581,
      "pf": 1.3507038167558347,
      "wr": 68.50258175559381,
      "mdd": -0.8410596013774068,
      "ret": 3.2835443408405407,
      "sharpe": 2.16500172967588,
      "pm": 10,
      "tm": 13
    }
  },
  "Diverse": {
    "2": {
      "combo": [
        "IDX_NY_MOM",
        "IDX_TREND_DAY"
      ],
      "n": 581,
      "pf": 1.3507038167558347,
      "wr": 68.50258175559381,
      "mdd": -0.8410596013774068,
      "ret": 3.2835443408405407,
      "sharpe": 2.16500172967588,
      "pm": 10,
      "tm": 13
    }
  }
}