{
  "Calmar": {
    "2": {
      "combo": [
        "ALL_CCI_100",
        "LON_ASIAN_BRK"
      ],
      "n": 905,
      "pf": 1.438982987131832,
      "wr": 60.0,
      "mdd": -3.1088352339708485,
      "ret": 37.377925057932906,
      "sharpe": 2.6664627206755007,
      "pm": 19,
      "tm": 25
    },
    "3": {
      "combo": [
        "ALL_CCI_100",
        "LON_ASIAN_BRK",
        "ALL_MOM_14"
      ],
      "n": 1451,
      "pf": 1.3712950623200173,
      "wr": 58.097863542384566,
      "mdd": -4.24646947105765,
      "ret": 58.66971313974578,
      "sharpe": 2.7594642504388593,
      "pm": 19,
      "tm": 25
    },
    "4": {
      "combo": [
        "ALL_CCI_100",
        "LON_ASIAN_BRK",
        "ALL_MOM_14",
        "ALL_CMO_14_ZERO"
      ],
      "n": 2062,
      "pf": 1.3678819433574918,
      "wr": 57.66246362754607,
      "mdd": -5.7182934807867705,
      "ret": 97.24567107419678,
      "sharpe": 2.497248845284769,
      "pm": 18,
      "tm": 25
    }
  },
  "PF": {
    "2": {
      "combo": [
        "ALL_CCI_100",
        "LON_ASIAN_BRK"
      ],
      "n": 905,
      "pf": 1.438982987131832,
      "wr": 60.0,
      "mdd": -3.1088352339708485,
      "ret": 37.377925057932906,
      "sharpe": 2.6664627206755007,
      "pm": 19,
      "tm": 25
    },
    "3": {
      "combo": [
        "ALL_CCI_100",
        "LON_ASIAN_BRK",
        "ALL_MOM_14"
      ],
      "n": 1451,
      "pf": 1.3712950623200173,
      "wr": 58.097863542384566,
      "mdd": -4.24646947105765,
      "ret": 58.66971313974578,
      "sharpe": 2.7594642504388593,
      "pm": 19,
      "tm": 25
    },
    "4": {
      "combo": [
        "ALL_CCI_100",
        "LON_ASIAN_BRK",
        "ALL_MOM_14",
        "ALL_CMO_14_ZERO"
      ],
      "n": 2062,
      "pf": 1.3678819433574918,
      "wr": 57.66246362754607,
      "mdd": -5.7182934807867705,
      "ret": 97.24567107419678,
      "sharpe": 2.497248845284769,
      "pm": 18,
      "tm": 25
    }
  },
  "MinDD": {
    "2": {
      "combo": [
        "ALL_CCI_100",
        "LON_ASIAN_BRK"
      ],
      "n": 905,
      "pf": 1.438982987131832,
      "wr": 60.0,
      "mdd": -3.1088352339708485,
      "ret": 37.377925057932906,
      "sharpe": 2.6664627206755007,
      "pm": 19,
      "tm": 25
    },
    "3": {
      "combo": [
        "ALL_CCI_100",
        "LON_ASIAN_BRK",
        "ALL_MOM_14"
      ],
      "n": 1451,
      "pf": 1.3712950623200173,
      "wr": 58.097863542384566,
      "mdd": -4.24646947105765,
      "ret": 58.66971313974578,
      "sharpe": 2.7594642504388593,
      "pm": 19,
      "tm": 25
    },
    "4": {
      "combo": [
        "ALL_CCI_100",
        "LON_ASIAN_BRK",
        "ALL_MOM_14",
        "ALL_CMO_14_ZERO"
      ],
      "n": 2062,
      "pf": 1.3678819433574918,
      "wr": 57.66246362754607,
      "mdd": -5.7182934807867705,
      "ret": 97.24567107419678,
      "sharpe": 2.497248845284769,
      "pm": 18,
      "tm": 25
    }
  },
  "Sharpe": {
    "2": {
      "combo": [
        "ALL_CCI_100",
        "LON_ASIAN_BRK"
      ],
      "n": 905,
      "pf": 1.438982987131832,
      "wr": 60.0,
      "mdd": -3.1088352339708485,
      "ret": 37.377925057932906,
      "sharpe": 2.6664627206755007,
      "pm": 19,
      "tm": 25
    },
    "3": {
      "combo": [
        "ALL_CCI_100",
        "LON_ASIAN_BRK",
        "ALL_MOM_14"
      ],
      "n": 1451,
      "pf": 1.3712950623200173,
      "wr": 58.097863542384566,
      "mdd": -4.24646947105765,
      "ret": 58.66971313974578,
      "sharpe": 2.7594642504388593,
      "pm": 19,
      "tm": 25
    },
    "4": {
      "combo": [
        "ALL_CCI_100",
        "LON_ASIAN_BRK",
        "ALL_MOM_14",
        "ALL_CMO_14_ZERO"
      ],
      "n": 2062,
      "pf": 1.3678819433574918,
      "wr": 57.66246362754607,
      "mdd": -5.7182934807867705,
      "ret": 97.24567107419678,
      "sharpe": 2.497248845284769,
      "pm": 18,
      "tm": 25
    }
  },
  "PF*WR": {
    "2": {
      "combo": [
        "ALL_CCI_100",
        "LON_ASIAN_BRK"
      ],
      "n": 905,
      "pf": 1.438982987131832,
      "wr": 60.0,
      "mdd": -3.1088352339708485,
      "ret": 37.377925057932906,
      "sharpe": 2.6664627206755007,
      "pm": 19,
      "tm": 25
    },
    "3": {
      "combo": [
        "ALL_CCI_100",
        "LON_ASIAN_BRK",
        "ALL_MOM_14"
      ],
      "n": 1451,
      "pf": 1.3712950623200173,
      "wr": 58.097863542384566,
      "mdd": -4.24646947105765,
      "ret": 58.66971313974578,
      "sharpe": 2.7594642504388593,
      "pm": 19,
      "tm": 25
    },
    "4": {
      "combo": [
        "ALL_CCI_100",
        "LON_ASIAN_BRK",
        "ALL_MOM_14",
        "ALL_CMO_14_ZERO"
      ],
      "n": 2062,
      "pf": 1.3678819433574918,
      "wr": 57.66246362754607,
      "mdd": -5.7182934807867705,
      "ret": 97.24567107419678,
      "sharpe": 2.497248845284769,
      "pm": 18,
      "tm": 25
    }
  },
  "Diverse": {
    "2": {
      "combo": [
        "ALL_CCI_100",
        "LON_ASIAN_BRK"
      ],
      "n": 905,
      "pf": 1.438982987131832,
      "wr": 60.0,
      "mdd": -3.1088352339708485,
      "ret": 37.377925057932906,
      "sharpe": 2.6664627206755007,
      "pm": 19,
      "tm": 25
    },
    "3": {
      "combo": [
        "ALL_CCI_100",
        "LON_ASIAN_BRK",
        "ALL_MOM_14"
      ],
      "n": 1451,
      "pf": 1.3712950623200173,
      "wr": 58.097863542384566,
      "mdd": -4.24646947105765,
      "ret": 58.66971313974578,
      "sharpe": 2.7594642504388593,
      "pm": 19,
      "tm": 25
    },
    "4": {
      "combo": [
        "ALL_CCI_100",
        "LON_ASIAN_BRK",
        "ALL_MOM_14",
        "ALL_CMO_14_ZERO"
      ],
      "n": 2062,
      "pf": 1.3678819433574918,
      "wr": 57.66246362754607,
      "mdd": -5.7182934807867705,
      "ret": 97.24567107419678,
      "sharpe": 2.497248845284769,
      "pm": 18,
      "tm": 25
    }
  }
}