{
  "Calmar": {
    "2": {
      "combo": [
        "NY_HMA_CROSS",
        "IDX_LATE_REV"
      ],
      "n": 493,
      "pf": 1.5663349732213692,
      "wr": 69.5740365111562,
      "mdd": -0.6877530789718083,
      "ret": 4.365986498252358,
      "sharpe": 3.9371529296940677,
      "pm": 10,
      "tm": 12
    },
    "3": {
      "combo": [
        "NY_HMA_CROSS",
        "IDX_LATE_REV",
        "ALL_RSI_DIV"
      ],
      "n": 774,
      "pf": 1.4393567820303774,
      "wr": 69.76744186046511,
      "mdd": -0.5017062984129363,
      "ret": 5.308134640856326,
      "sharpe": 3.943405302414197,
      "pm": 10,
      "tm": 13
    },
    "4": {
      "combo": [
        "NY_HMA_CROSS",
        "IDX_LATE_REV",
        "ALL_RSI_DIV",
        "ALL_MSTAR"
      ],
      "n": 915,
      "pf": 1.35339984512008,
      "wr": 66.77595628415301,
      "mdd": -1.0274031464122373,
      "ret": 5.528964346498702,
      "sharpe": 3.619188723732924,
      "pm": 12,
      "tm": 13
    }
  },
  "PF": {
    "2": {
      "combo": [
        "NY_HMA_CROSS",
        "IDX_LATE_REV"
      ],
      "n": 493,
      "pf": 1.5663349732213692,
      "wr": 69.5740365111562,
      "mdd": -0.6877530789718083,
      "ret": 4.365986498252358,
      "sharpe": 3.9371529296940677,
      "pm": 10,
      "tm": 12
    },
    "3": {
      "combo": [
        "NY_HMA_CROSS",
        "IDX_LATE_REV",
        "ALL_RSI_DIV"
      ],
      "n": 774,
      "pf": 1.4393567820303774,
      "wr": 69.76744186046511,
      "mdd": -0.5017062984129363,
      "ret": 5.308134640856326,
      "sharpe": 3.943405302414197,
      "pm": 10,
      "tm": 13
    },
    "4": {
      "combo": [
        "NY_HMA_CROSS",
        "IDX_LATE_REV",
        "ALL_RSI_DIV",
        "ALL_MSTAR"
      ],
      "n": 915,
      "pf": 1.35339984512008,
      "wr": 66.77595628415301,
      "mdd": -1.0274031464122373,
      "ret": 5.528964346498702,
      "sharpe": 3.619188723732924,
      "pm": 12,
      "tm": 13
    }
  },
  "MinDD": {
    "2": {
      "combo": [
        "NY_HMA_CROSS",
        "ALL_RSI_DIV"
      ],
      "n": 534,
      "pf": 1.3997932841416099,
      "wr": 69.85018726591761,
      "mdd": -0.6225113820455617,
      "ret": 3.291882902273821,
      "sharpe": 3.056326844592989,
      "pm": 10,
      "tm": 13
    },
    "3": {
      "combo": [
        "NY_HMA_CROSS",
        "ALL_RSI_DIV",
        "IDX_LATE_REV"
      ],
      "n": 774,
      "pf": 1.4393567820303774,
      "wr": 69.76744186046511,
      "mdd": -0.5017062984129363,
      "ret": 5.308134640856326,
      "sharpe": 3.943405302414197,
      "pm": 10,
      "tm": 13
    },
    "4": {
      "combo": [
        "NY_HMA_CROSS",
        "ALL_RSI_DIV",
        "IDX_LATE_REV",
        "ALL_MSTAR"
      ],
      "n": 915,
      "pf": 1.35339984512008,
      "wr": 66.77595628415301,
      "mdd": -1.0274031464122373,
      "ret": 5.528964346498702,
      "sharpe": 3.619188723732924,
      "pm": 12,
      "tm": 13
    }
  },
  "Sharpe": {
    "2": {
      "combo": [
        "NY_HMA_CROSS",
        "IDX_LATE_REV"
      ],
      "n": 493,
      "pf": 1.5663349732213692,
      "wr": 69.5740365111562,
      "mdd": -0.6877530789718083,
      "ret": 4.365986498252358,
      "sharpe": 3.9371529296940677,
      "pm": 10,
      "tm": 12
    },
    "3": {
      "combo": [
        "NY_HMA_CROSS",
        "IDX_LATE_REV",
        "ALL_RSI_DIV"
      ],
      "n": 774,
      "pf": 1.4393567820303774,
      "wr": 69.76744186046511,
      "mdd": -0.5017062984129363,
      "ret": 5.308134640856326,
      "sharpe": 3.943405302414197,
      "pm": 10,
      "tm": 13
    },
    "4": {
      "combo": [
        "NY_HMA_CROSS",
        "IDX_LATE_REV",
        "ALL_RSI_DIV",
        "ALL_MSTAR"
      ],
      "n": 915,
      "pf": 1.35339984512008,
      "wr": 66.77595628415301,
      "mdd": -1.0274031464122373,
      "ret": 5.528964346498702,
      "sharpe": 3.619188723732924,
      "pm": 12,
      "tm": 13
    }
  },
  "PF*WR": {
    "2": {
      "combo": [
        "NY_HMA_CROSS",
        "IDX_LATE_REV"
      ],
      "n": 493,
      "pf": 1.5663349732213692,
      "wr": 69.5740365111562,
      "mdd": -0.6877530789718083,
      "ret": 4.365986498252358,
      "sharpe": 3.9371529296940677,
      "pm": 10,
      "tm": 12
    },
    "3": {
      "combo": [
        "NY_HMA_CROSS",
        "IDX_LATE_REV",
        "ALL_RSI_DIV"
      ],
      "n": 774,
      "pf": 1.4393567820303774,
      "wr": 69.76744186046511,
      "mdd": -0.5017062984129363,
      "ret": 5.308134640856326,
      "sharpe": 3.943405302414197,
      "pm": 10,
      "tm": 13
    },
    "4": {
      "combo": [
        "NY_HMA_CROSS",
        "IDX_LATE_REV",
        "ALL_RSI_DIV",
        "ALL_MSTAR"
      ],
      "n": 915,
      "pf": 1.35339984512008,
      "wr": 66.77595628415301,
      "mdd": -1.0274031464122373,
      "ret": 5.528964346498702,
      "sharpe": 3.619188723732924,
      "pm": 12,
      "tm": 13
    }
  },
  "Diverse": {
    "2": {
      "combo": [
        "NY_HMA_CROSS",
        "IDX_LATE_REV"
      ],
      "n": 493,
      "pf": 1.5663349732213692,
      "wr": 69.5740365111562,
      "mdd": -0.6877530789718083,
      "ret": 4.365986498252358,
      "sharpe": 3.9371529296940677,
      "pm": 10,
      "tm": 12
    },
    "3": {
      "combo": [
        "NY_HMA_CROSS",
        "IDX_LATE_REV",
        "ALL_MSTAR"
      ],
      "n": 657,
      "pf": 1.4257157511204006,
      "wr": 65.60121765601218,
      "mdd": -1.0111967798225132,
      "ret": 4.93560194527368,
      "sharpe": 3.871039462324338,
      "pm": 11,
      "tm": 13
    },
    "4": {
      "combo": [
        "NY_HMA_CROSS",
        "IDX_LATE_REV",
        "ALL_MSTAR",
        "ALL_RSI_DIV"
      ],
      "n": 915,
      "pf": 1.35339984512008,
      "wr": 66.77595628415301,
      "mdd": -1.0274031464122373,
      "ret": 5.528964346498702,
      "sharpe": 3.619188723732924,
      "pm": 12,
      "tm": 13
    }
  }
}