{
  "Calmar": {
    "2": {
      "combo": [
        "ALL_CONSEC_REV",
        "NY_HMA_CROSS"
      ],
      "n": 513,
      "pf": 1.504493481280521,
      "wr": 75.04873294346979,
      "mdd": -0.40611941504760646,
      "ret": 3.298809454262693,
      "sharpe": 3.6931730400418266,
      "pm": 11,
      "tm": 12
    },
    "3": {
      "combo": [
        "ALL_CONSEC_REV",
        "NY_HMA_CROSS",
        "IDX_TREND_DAY"
      ],
      "n": 745,
      "pf": 1.4903634687045502,
      "wr": 73.95973154362416,
      "mdd": -0.3263958952225309,
      "ret": 4.895727538664359,
      "sharpe": 4.487500951848505,
      "pm": 12,
      "tm": 12
    },
    "4": {
      "combo": [
        "ALL_CONSEC_REV",
        "NY_HMA_CROSS",
        "IDX_TREND_DAY",
        "ALL_RSI_DIV"
      ],
      "n": 1006,
      "pf": 1.4259473597111714,
      "wr": 73.1610337972167,
      "mdd": -0.6399840253973259,
      "ret": 5.950928155573973,
      "sharpe": 4.625070091510723,
      "pm": 10,
      "tm": 12
    }
  },
  "PF": {
    "2": {
      "combo": [
        "ALL_CONSEC_REV",
        "NY_HMA_CROSS"
      ],
      "n": 513,
      "pf": 1.504493481280521,
      "wr": 75.04873294346979,
      "mdd": -0.40611941504760646,
      "ret": 3.298809454262693,
      "sharpe": 3.6931730400418266,
      "pm": 11,
      "tm": 12
    },
    "3": {
      "combo": [
        "ALL_CONSEC_REV",
        "NY_HMA_CROSS",
        "IDX_TREND_DAY"
      ],
      "n": 745,
      "pf": 1.4903634687045502,
      "wr": 73.95973154362416,
      "mdd": -0.3263958952225309,
      "ret": 4.895727538664359,
      "sharpe": 4.487500951848505,
      "pm": 12,
      "tm": 12
    },
    "4": {
      "combo": [
        "ALL_CONSEC_REV",
        "NY_HMA_CROSS",
        "IDX_TREND_DAY",
        "ALL_RSI_DIV"
      ],
      "n": 1006,
      "pf": 1.4259473597111714,
      "wr": 73.1610337972167,
      "mdd": -0.6399840253973259,
      "ret": 5.950928155573973,
      "sharpe": 4.625070091510723,
      "pm": 10,
      "tm": 12
    }
  },
  "MinDD": {
    "2": {
      "combo": [
        "ALL_CONSEC_REV",
        "NY_HMA_CROSS"
      ],
      "n": 513,
      "pf": 1.504493481280521,
      "wr": 75.04873294346979,
      "mdd": -0.40611941504760646,
      "ret": 3.298809454262693,
      "sharpe": 3.6931730400418266,
      "pm": 11,
      "tm": 12
    },
    "3": {
      "combo": [
        "ALL_CONSEC_REV",
        "NY_HMA_CROSS",
        "IDX_TREND_DAY"
      ],
      "n": 745,
      "pf": 1.4903634687045502,
      "wr": 73.95973154362416,
      "mdd": -0.3263958952225309,
      "ret": 4.895727538664359,
      "sharpe": 4.487500951848505,
      "pm": 12,
      "tm": 12
    },
    "4": {
      "combo": [
        "ALL_CONSEC_REV",
        "NY_HMA_CROSS",
        "IDX_TREND_DAY",
        "ALL_RSI_DIV"
      ],
      "n": 1006,
      "pf": 1.4259473597111714,
      "wr": 73.1610337972167,
      "mdd": -0.6399840253973259,
      "ret": 5.950928155573973,
      "sharpe": 4.625070091510723,
      "pm": 10,
      "tm": 12
    }
  },
  "Sharpe": {
    "2": {
      "combo": [
        "ALL_CONSEC_REV",
        "NY_HMA_CROSS"
      ],
      "n": 513,
      "pf": 1.504493481280521,
      "wr": 75.04873294346979,
      "mdd": -0.40611941504760646,
      "ret": 3.298809454262693,
      "sharpe": 3.6931730400418266,
      "pm": 11,
      "tm": 12
    },
    "3": {
      "combo": [
        "ALL_CONSEC_REV",
        "NY_HMA_CROSS",
        "IDX_TREND_DAY"
      ],
      "n": 745,
      "pf": 1.4903634687045502,
      "wr": 73.95973154362416,
      "mdd": -0.3263958952225309,
      "ret": 4.895727538664359,
      "sharpe": 4.487500951848505,
      "pm": 12,
      "tm": 12
    },
    "4": {
      "combo": [
        "ALL_CONSEC_REV",
        "NY_HMA_CROSS",
        "IDX_TREND_DAY",
        "ALL_RSI_DIV"
      ],
      "n": 1006,
      "pf": 1.4259473597111714,
      "wr": 73.1610337972167,
      "mdd": -0.6399840253973259,
      "ret": 5.950928155573973,
      "sharpe": 4.625070091510723,
      "pm": 10,
      "tm": 12
    }
  },
  "PF*WR": {
    "2": {
      "combo": [
        "ALL_CONSEC_REV",
        "NY_HMA_CROSS"
      ],
      "n": 513,
      "pf": 1.504493481280521,
      "wr": 75.04873294346979,
      "mdd": -0.40611941504760646,
      "ret": 3.298809454262693,
      "sharpe": 3.6931730400418266,
      "pm": 11,
      "tm": 12
    },
    "3": {
      "combo": [
        "ALL_CONSEC_REV",
        "NY_HMA_CROSS",
        "IDX_TREND_DAY"
      ],
      "n": 745,
      "pf": 1.4903634687045502,
      "wr": 73.95973154362416,
      "mdd": -0.3263958952225309,
      "ret": 4.895727538664359,
      "sharpe": 4.487500951848505,
      "pm": 12,
      "tm": 12
    },
    "4": {
      "combo": [
        "ALL_CONSEC_REV",
        "NY_HMA_CROSS",
        "IDX_TREND_DAY",
        "ALL_RSI_DIV"
      ],
      "n": 1006,
      "pf": 1.4259473597111714,
      "wr": 73.1610337972167,
      "mdd": -0.6399840253973259,
      "ret": 5.950928155573973,
      "sharpe": 4.625070091510723,
      "pm": 10,
      "tm": 12
    }
  },
  "Diverse": {
    "2": {
      "combo": [
        "ALL_CONSEC_REV",
        "NY_HMA_CROSS"
      ],
      "n": 513,
      "pf": 1.504493481280521,
      "wr": 75.04873294346979,
      "mdd": -0.40611941504760646,
      "ret": 3.298809454262693,
      "sharpe": 3.6931730400418266,
      "pm": 11,
      "tm": 12
    },
    "3": {
      "combo": [
        "ALL_CONSEC_REV",
        "NY_HMA_CROSS",
        "IDX_TREND_DAY"
      ],
      "n": 745,
      "pf": 1.4903634687045502,
      "wr": 73.95973154362416,
      "mdd": -0.3263958952225309,
      "ret": 4.895727538664359,
      "sharpe": 4.487500951848505,
      "pm": 12,
      "tm": 12
    },
    "4": {
      "combo": [
        "ALL_CONSEC_REV",
        "NY_HMA_CROSS",
        "IDX_TREND_DAY",
        "ALL_RSI_DIV"
      ],
      "n": 1006,
      "pf": 1.4259473597111714,
      "wr": 73.1610337972167,
      "mdd": -0.6399840253973259,
      "ret": 5.950928155573973,
      "sharpe": 4.625070091510723,
      "pm": 10,
      "tm": 12
    }
  }
}