{
  "Calmar": {
    "2": {
      "combo": [
        "ALL_MACD_DIV",
        "ALL_CONSEC_REV"
      ],
      "n": 521,
      "pf": 1.469900788190246,
      "wr": 76.96737044145874,
      "mdd": -0.38467380292060566,
      "ret": 2.8518873201526005,
      "sharpe": 3.4627156907045777,
      "pm": 10,
      "tm": 13
    },
    "3": {
      "combo": [
        "ALL_MACD_DIV",
        "ALL_CONSEC_REV",
        "ALL_RSI_DIV"
      ],
      "n": 772,
      "pf": 1.3675651273275722,
      "wr": 74.48186528497409,
      "mdd": -0.9196687619724826,
      "ret": 3.675581986736317,
      "sharpe": 2.894976560531947,
      "pm": 10,
      "tm": 13
    }
  },
  "PF": {
    "2": {
      "combo": [
        "ALL_MACD_DIV",
        "ALL_CONSEC_REV"
      ],
      "n": 521,
      "pf": 1.469900788190246,
      "wr": 76.96737044145874,
      "mdd": -0.38467380292060566,
      "ret": 2.8518873201526005,
      "sharpe": 3.4627156907045777,
      "pm": 10,
      "tm": 13
    },
    "3": {
      "combo": [
        "ALL_MACD_DIV",
        "ALL_CONSEC_REV",
        "ALL_RSI_DIV"
      ],
      "n": 772,
      "pf": 1.3675651273275722,
      "wr": 74.48186528497409,
      "mdd": -0.9196687619724826,
      "ret": 3.675581986736317,
      "sharpe": 2.894976560531947,
      "pm": 10,
      "tm": 13
    }
  },
  "MinDD": {
    "2": {
      "combo": [
        "ALL_MACD_DIV",
        "ALL_CONSEC_REV"
      ],
      "n": 521,
      "pf": 1.469900788190246,
      "wr": 76.96737044145874,
      "mdd": -0.38467380292060566,
      "ret": 2.8518873201526005,
      "sharpe": 3.4627156907045777,
      "pm": 10,
      "tm": 13
    },
    "3": {
      "combo": [
        "ALL_MACD_DIV",
        "ALL_CONSEC_REV",
        "ALL_RSI_DIV"
      ],
      "n": 772,
      "pf": 1.3675651273275722,
      "wr": 74.48186528497409,
      "mdd": -0.9196687619724826,
      "ret": 3.675581986736317,
      "sharpe": 2.894976560531947,
      "pm": 10,
      "tm": 13
    }
  },
  "Sharpe": {
    "2": {
      "combo": [
        "ALL_MACD_DIV",
        "ALL_CONSEC_REV"
      ],
      "n": 521,
      "pf": 1.469900788190246,
      "wr": 76.96737044145874,
      "mdd": -0.38467380292060566,
      "ret": 2.8518873201526005,
      "sharpe": 3.4627156907045777,
      "pm": 10,
      "tm": 13
    },
    "3": {
      "combo": [
        "ALL_MACD_DIV",
        "ALL_CONSEC_REV",
        "ALL_RSI_DIV"
      ],
      "n": 772,
      "pf": 1.3675651273275722,
      "wr": 74.48186528497409,
      "mdd": -0.9196687619724826,
      "ret": 3.675581986736317,
      "sharpe": 2.894976560531947,
      "pm": 10,
      "tm": 13
    }
  },
  "PF*WR": {
    "2": {
      "combo": [
        "ALL_MACD_DIV",
        "ALL_CONSEC_REV"
      ],
      "n": 521,
      "pf": 1.469900788190246,
      "wr": 76.96737044145874,
      "mdd": -0.38467380292060566,
      "ret": 2.8518873201526005,
      "sharpe": 3.4627156907045777,
      "pm": 10,
      "tm": 13
    },
    "3": {
      "combo": [
        "ALL_MACD_DIV",
        "ALL_CONSEC_REV",
        "ALL_RSI_DIV"
      ],
      "n": 772,
      "pf": 1.3675651273275722,
      "wr": 74.48186528497409,
      "mdd": -0.9196687619724826,
      "ret": 3.675581986736317,
      "sharpe": 2.894976560531947,
      "pm": 10,
      "tm": 13
    }
  },
  "Diverse": {
    "2": {
      "combo": [
        "ALL_MACD_DIV",
        "ALL_CONSEC_REV"
      ],
      "n": 521,
      "pf": 1.469900788190246,
      "wr": 76.96737044145874,
      "mdd": -0.38467380292060566,
      "ret": 2.8518873201526005,
      "sharpe": 3.4627156907045777,
      "pm": 10,
      "tm": 13
    },
    "3": {
      "combo": [
        "ALL_MACD_DIV",
        "ALL_CONSEC_REV",
        "ALL_RSI_DIV"
      ],
      "n": 772,
      "pf": 1.3675651273275722,
      "wr": 74.48186528497409,
      "mdd": -0.9196687619724826,
      "ret": 3.675581986736317,
      "sharpe": 2.894976560531947,
      "pm": 10,
      "tm": 13
    }
  }
}