{
  "Calmar": {
    "2": {
      "combo": [
        "TOK_TRIX",
        "ALL_TRIX"
      ],
      "n": 431,
      "pf": 1.6077898376733328,
      "wr": 84.45475638051045,
      "mdd": -0.07773993638089188,
      "ret": 0.40811458117245636,
      "sharpe": 4.399052573278569,
      "pm": 9,
      "tm": 13
    },
    "3": {
      "combo": [
        "TOK_TRIX",
        "ALL_TRIX",
        "ALL_RSI_EXTREME"
      ],
      "n": 577,
      "pf": 1.3898201440919182,
      "wr": 78.50953206239168,
      "mdd": -0.11757442579222928,
      "ret": 0.4844525617932231,
      "sharpe": 3.5683632177552997,
      "pm": 8,
      "tm": 13
    },
    "4": {
      "combo": [
        "TOK_TRIX",
        "ALL_TRIX",
        "ALL_RSI_EXTREME",
        "IDX_RSI_REV"
      ],
      "n": 723,
      "pf": 1.3090683043510007,
      "wr": 74.96542185338866,
      "mdd": -0.25344645799118365,
      "ret": 0.560679288774918,
      "sharpe": 2.7089265912617027,
      "pm": 7,
      "tm": 13
    }
  },
  "PF": {
    "2": {
      "combo": [
        "TOK_TRIX",
        "ALL_TRIX"
      ],
      "n": 431,
      "pf": 1.6077898376733328,
      "wr": 84.45475638051045,
      "mdd": -0.07773993638089188,
      "ret": 0.40811458117245636,
      "sharpe": 4.399052573278569,
      "pm": 9,
      "tm": 13
    },
    "3": {
      "combo": [
        "TOK_TRIX",
        "ALL_TRIX",
        "ALL_RSI_EXTREME"
      ],
      "n": 577,
      "pf": 1.3898201440919182,
      "wr": 78.50953206239168,
      "mdd": -0.11757442579222928,
      "ret": 0.4844525617932231,
      "sharpe": 3.5683632177552997,
      "pm": 8,
      "tm": 13
    },
    "4": {
      "combo": [
        "TOK_TRIX",
        "ALL_TRIX",
        "ALL_RSI_EXTREME",
        "IDX_RSI_REV"
      ],
      "n": 723,
      "pf": 1.3090683043510007,
      "wr": 74.96542185338866,
      "mdd": -0.25344645799118365,
      "ret": 0.560679288774918,
      "sharpe": 2.7089265912617027,
      "pm": 7,
      "tm": 13
    }
  },
  "MinDD": {
    "2": {
      "combo": [
        "TOK_TRIX",
        "ALL_TRIX"
      ],
      "n": 431,
      "pf": 1.6077898376733328,
      "wr": 84.45475638051045,
      "mdd": -0.07773993638089188,
      "ret": 0.40811458117245636,
      "sharpe": 4.399052573278569,
      "pm": 9,
      "tm": 13
    },
    "3": {
      "combo": [
        "TOK_TRIX",
        "ALL_TRIX",
        "ALL_RSI_EXTREME"
      ],
      "n": 577,
      "pf": 1.3898201440919182,
      "wr": 78.50953206239168,
      "mdd": -0.11757442579222928,
      "ret": 0.4844525617932231,
      "sharpe": 3.5683632177552997,
      "pm": 8,
      "tm": 13
    },
    "4": {
      "combo": [
        "TOK_TRIX",
        "ALL_TRIX",
        "ALL_RSI_EXTREME",
        "IDX_RSI_REV"
      ],
      "n": 723,
      "pf": 1.3090683043510007,
      "wr": 74.96542185338866,
      "mdd": -0.25344645799118365,
      "ret": 0.560679288774918,
      "sharpe": 2.7089265912617027,
      "pm": 7,
      "tm": 13
    }
  },
  "Sharpe": {
    "2": {
      "combo": [
        "TOK_TRIX",
        "ALL_TRIX"
      ],
      "n": 431,
      "pf": 1.6077898376733328,
      "wr": 84.45475638051045,
      "mdd": -0.07773993638089188,
      "ret": 0.40811458117245636,
      "sharpe": 4.399052573278569,
      "pm": 9,
      "tm": 13
    },
    "3": {
      "combo": [
        "TOK_TRIX",
        "ALL_TRIX",
        "ALL_RSI_EXTREME"
      ],
      "n": 577,
      "pf": 1.3898201440919182,
      "wr": 78.50953206239168,
      "mdd": -0.11757442579222928,
      "ret": 0.4844525617932231,
      "sharpe": 3.5683632177552997,
      "pm": 8,
      "tm": 13
    },
    "4": {
      "combo": [
        "TOK_TRIX",
        "ALL_TRIX",
        "ALL_RSI_EXTREME",
        "IDX_RSI_REV"
      ],
      "n": 723,
      "pf": 1.3090683043510007,
      "wr": 74.96542185338866,
      "mdd": -0.25344645799118365,
      "ret": 0.560679288774918,
      "sharpe": 2.7089265912617027,
      "pm": 7,
      "tm": 13
    }
  },
  "PF*WR": {
    "2": {
      "combo": [
        "TOK_TRIX",
        "ALL_TRIX"
      ],
      "n": 431,
      "pf": 1.6077898376733328,
      "wr": 84.45475638051045,
      "mdd": -0.07773993638089188,
      "ret": 0.40811458117245636,
      "sharpe": 4.399052573278569,
      "pm": 9,
      "tm": 13
    },
    "3": {
      "combo": [
        "TOK_TRIX",
        "ALL_TRIX",
        "ALL_RSI_EXTREME"
      ],
      "n": 577,
      "pf": 1.3898201440919182,
      "wr": 78.50953206239168,
      "mdd": -0.11757442579222928,
      "ret": 0.4844525617932231,
      "sharpe": 3.5683632177552997,
      "pm": 8,
      "tm": 13
    },
    "4": {
      "combo": [
        "TOK_TRIX",
        "ALL_TRIX",
        "ALL_RSI_EXTREME",
        "IDX_RSI_REV"
      ],
      "n": 723,
      "pf": 1.3090683043510007,
      "wr": 74.96542185338866,
      "mdd": -0.25344645799118365,
      "ret": 0.560679288774918,
      "sharpe": 2.7089265912617027,
      "pm": 7,
      "tm": 13
    }
  },
  "Diverse": {
    "2": {
      "combo": [
        "TOK_TRIX",
        "ALL_RSI_EXTREME"
      ],
      "n": 316,
      "pf": 1.3070609034682,
      "wr": 75.0,
      "mdd": -0.1565863824754861,
      "ret": 0.24279564385305277,
      "sharpe": 2.3924771224647152,
      "pm": 7,
      "tm": 13
    },
    "3": {
      "combo": [
        "TOK_TRIX",
        "ALL_RSI_EXTREME",
        "ALL_TRIX"
      ],
      "n": 577,
      "pf": 1.3898201440919182,
      "wr": 78.50953206239168,
      "mdd": -0.11757442579222928,
      "ret": 0.4844525617932231,
      "sharpe": 3.5683632177552997,
      "pm": 8,
      "tm": 13
    },
    "4": {
      "combo": [
        "TOK_TRIX",
        "ALL_RSI_EXTREME",
        "ALL_TRIX",
        "IDX_RSI_REV"
      ],
      "n": 723,
      "pf": 1.3090683043510007,
      "wr": 74.96542185338866,
      "mdd": -0.25344645799118365,
      "ret": 0.560679288774918,
      "sharpe": 2.7089265912617027,
      "pm": 7,
      "tm": 13
    }
  }
}