{
  "Calmar": {
    "2": {
      "combo": [
        "D8",
        "IDX_GAP_FILL"
      ],
      "n": 577,
      "pf": 1.307548279192454,
      "wr": 62.391681109185434,
      "mdd": -3.0434382475341413,
      "ret": 14.768918919842486,
      "sharpe": 1.8215199975604808,
      "pm": 17,
      "tm": 25
    }
  },
  "PF": {
    "2": {
      "combo": [
        "D8",
        "IDX_GAP_FILL"
      ],
      "n": 577,
      "pf": 1.307548279192454,
      "wr": 62.391681109185434,
      "mdd": -3.0434382475341413,
      "ret": 14.768918919842486,
      "sharpe": 1.8215199975604808,
      "pm": 17,
      "tm": 25
    }
  },
  "MinDD": {
    "2": {
      "combo": [
        "D8",
        "IDX_GAP_FILL"
      ],
      "n": 577,
      "pf": 1.307548279192454,
      "wr": 62.391681109185434,
      "mdd": -3.0434382475341413,
      "ret": 14.768918919842486,
      "sharpe": 1.8215199975604808,
      "pm": 17,
      "tm": 25
    }
  },
  "Sharpe": {
    "2": {
      "combo": [
        "D8",
        "IDX_GAP_FILL"
      ],
      "n": 577,
      "pf": 1.307548279192454,
      "wr": 62.391681109185434,
      "mdd": -3.0434382475341413,
      "ret": 14.768918919842486,
      "sharpe": 1.8215199975604808,
      "pm": 17,
      "tm": 25
    }
  },
  "PF*WR": {
    "2": {
      "combo": [
        "D8",
        "IDX_GAP_FILL"
      ],
      "n": 577,
      "pf": 1.307548279192454,
      "wr": 62.391681109185434,
      "mdd": -3.0434382475341413,
      "ret": 14.768918919842486,
      "sharpe": 1.8215199975604808,
      "pm": 17,
      "tm": 25
    }
  },
  "Diverse": {
    "2": {
      "combo": [
        "D8",
        "IDX_GAP_FILL"
      ],
      "n": 577,
      "pf": 1.307548279192454,
      "wr": 62.391681109185434,
      "mdd": -3.0434382475341413,
      "ret": 14.768918919842486,
      "sharpe": 1.8215199975604808,
      "pm": 17,
      "tm": 25
    }
  }
}