{
  "Calmar": {
    "2": {
      "combo": [
        "ALL_FIB_618",
        "ALL_WILLR_7"
      ],
      "n": 500,
      "pf": 1.654895483623173,
      "wr": 66.0,
      "mdd": -0.0956307712477863,
      "ret": 1.1201744316087425,
      "sharpe": 3.8877890489317064,
      "pm": 12,
      "tm": 13
    },
    "3": {
      "combo": [
        "ALL_FIB_618",
        "ALL_WILLR_7",
        "ALL_FISHER_9"
      ],
      "n": 743,
      "pf": 1.5480249461490365,
      "wr": 63.66083445491252,
      "mdd": -0.114707289558474,
      "ret": 1.4921720640899,
      "sharpe": 3.4980191583474367,
      "pm": 11,
      "tm": 13
    },
    "4": {
      "combo": [
        "ALL_FIB_618",
        "ALL_WILLR_7",
        "ALL_FISHER_9",
        "TOK_NR4"
      ],
      "n": 913,
      "pf": 1.6164157022688903,
      "wr": 67.79846659364732,
      "mdd": -0.13317247595035236,
      "ret": 1.8310569056393433,
      "sharpe": 4.16188711539301,
      "pm": 11,
      "tm": 13
    },
    "5": {
      "combo": [
        "ALL_FIB_618",
        "ALL_WILLR_7",
        "ALL_FISHER_9",
        "TOK_NR4",
        "ALL_NR4"
      ],
      "n": 1149,
      "pf": 1.595419982131588,
      "wr": 69.88685813751087,
      "mdd": -0.15736178292101044,
      "ret": 2.0841223726376192,
      "sharpe": 4.257591053572453,
      "pm": 11,
      "tm": 13
    },
    "6": {
      "combo": [
        "ALL_FIB_618",
        "ALL_WILLR_7",
        "ALL_FISHER_9",
        "TOK_NR4",
        "ALL_NR4",
        "IDX_NR4"
      ],
      "n": 1390,
      "pf": 1.5860664558653619,
      "wr": 71.22302158273382,
      "mdd": -0.1815483611672727,
      "ret": 2.37465450692657,
      "sharpe": 4.229230599516931,
      "pm": 11,
      "tm": 13
    },
    "7": {
      "combo": [
        "ALL_FIB_618",
        "ALL_WILLR_7",
        "ALL_FISHER_9",
        "TOK_NR4",
        "ALL_NR4",
        "IDX_NR4",
        "IDX_LATE_REV"
      ],
      "n": 1559,
      "pf": 1.607495984389333,
      "wr": 72.03335471456062,
      "mdd": -0.25695117023801517,
      "ret": 2.6886997312450838,
      "sharpe": 4.5477938784347955,
      "pm": 11,
      "tm": 13
    }
  },
  "PF": {
    "2": {
      "combo": [
        "ALL_FIB_618",
        "IDX_LATE_REV"
      ],
      "n": 431,
      "pf": 1.8415752798939204,
      "wr": 73.54988399071925,
      "mdd": -0.11984987688119172,
      "ret": 0.9649384536178405,
      "sharpe": 3.569707012114364,
      "pm": 12,
      "tm": 13
    },
    "3": {
      "combo": [
        "ALL_FIB_618",
        "IDX_LATE_REV",
        "TOK_NR4"
      ],
      "n": 669,
      "pf": 1.7798516930833155,
      "wr": 75.7847533632287,
      "mdd": -0.13329858002132652,
      "ret": 1.2724833091329637,
      "sharpe": 4.199760644956806,
      "pm": 12,
      "tm": 13
    },
    "4": {
      "combo": [
        "ALL_FIB_618",
        "IDX_LATE_REV",
        "TOK_NR4",
        "ALL_FISHER_9"
      ],
      "n": 887,
      "pf": 1.7233347791721862,
      "wr": 72.26606538895152,
      "mdd": -0.19436560428994284,
      "ret": 1.7980789227114584,
      "sharpe": 4.372541633663589,
      "pm": 12,
      "tm": 13
    },
    "5": {
      "combo": [
        "ALL_FIB_618",
        "IDX_LATE_REV",
        "TOK_NR4",
        "ALL_FISHER_9",
        "ALL_NR4"
      ],
      "n": 1145,
      "pf": 1.670544199675098,
      "wr": 73.27510917030567,
      "mdd": -0.24959225960252007,
      "ret": 2.0760730621268157,
      "sharpe": 4.386804442063609,
      "pm": 11,
      "tm": 13
    },
    "6": {
      "combo": [
        "ALL_FIB_618",
        "IDX_LATE_REV",
        "TOK_NR4",
        "ALL_FISHER_9",
        "ALL_NR4",
        "IDX_NR4"
      ],
      "n": 1403,
      "pf": 1.6350292357727678,
      "wr": 73.91304347826086,
      "mdd": -0.30479997141573706,
      "ret": 2.354682084745873,
      "sharpe": 4.250055280744729,
      "pm": 11,
      "tm": 13
    },
    "7": {
      "combo": [
        "ALL_FIB_618",
        "IDX_LATE_REV",
        "TOK_NR4",
        "ALL_FISHER_9",
        "ALL_NR4",
        "IDX_NR4",
        "ALL_WILLR_7"
      ],
      "n": 1559,
      "pf": 1.607495984389333,
      "wr": 72.03335471456062,
      "mdd": -0.25695117023801517,
      "ret": 2.6886997312450838,
      "sharpe": 4.5477938784347955,
      "pm": 11,
      "tm": 13
    }
  },
  "MinDD": {
    "2": {
      "combo": [
        "ALL_FIB_618",
        "TOK_NR4"
      ],
      "n": 470,
      "pf": 1.7532995481601834,
      "wr": 75.1063829787234,
      "mdd": -0.09400263415533669,
      "ret": 0.885874765995497,
      "sharpe": 3.9904867913197384,
      "pm": 12,
      "tm": 13
    },
    "3": {
      "combo": [
        "ALL_FIB_618",
        "TOK_NR4",
        "ALL_FISHER_9"
      ],
      "n": 706,
      "pf": 1.6849402371660824,
      "wr": 70.25495750708215,
      "mdd": -0.09463619049454623,
      "ret": 1.450435217140519,
      "sharpe": 4.0926096675757,
      "pm": 10,
      "tm": 13
    },
    "4": {
      "combo": [
        "ALL_FIB_618",
        "TOK_NR4",
        "ALL_FISHER_9",
        "ALL_WILLR_7"
      ],
      "n": 913,
      "pf": 1.6164157022688903,
      "wr": 67.79846659364732,
      "mdd": -0.13317247595035236,
      "ret": 1.8310569056393433,
      "sharpe": 4.16188711539301,
      "pm": 11,
      "tm": 13
    },
    "5": {
      "combo": [
        "ALL_FIB_618",
        "TOK_NR4",
        "ALL_FISHER_9",
        "ALL_WILLR_7",
        "ALL_NR4"
      ],
      "n": 1149,
      "pf": 1.595419982131588,
      "wr": 69.88685813751087,
      "mdd": -0.15736178292101044,
      "ret": 2.0841223726376192,
      "sharpe": 4.257591053572453,
      "pm": 11,
      "tm": 13
    },
    "6": {
      "combo": [
        "ALL_FIB_618",
        "TOK_NR4",
        "ALL_FISHER_9",
        "ALL_WILLR_7",
        "ALL_NR4",
        "IDX_NR4"
      ],
      "n": 1390,
      "pf": 1.5860664558653619,
      "wr": 71.22302158273382,
      "mdd": -0.1815483611672727,
      "ret": 2.37465450692657,
      "sharpe": 4.229230599516931,
      "pm": 11,
      "tm": 13
    },
    "7": {
      "combo": [
        "ALL_FIB_618",
        "TOK_NR4",
        "ALL_FISHER_9",
        "ALL_WILLR_7",
        "ALL_NR4",
        "IDX_NR4",
        "IDX_LATE_REV"
      ],
      "n": 1559,
      "pf": 1.607495984389333,
      "wr": 72.03335471456062,
      "mdd": -0.25695117023801517,
      "ret": 2.6886997312450838,
      "sharpe": 4.5477938784347955,
      "pm": 11,
      "tm": 13
    }
  },
  "Sharpe": {
    "2": {
      "combo": [
        "ALL_FIB_618",
        "TOK_NR4"
      ],
      "n": 470,
      "pf": 1.7532995481601834,
      "wr": 75.1063829787234,
      "mdd": -0.09400263415533669,
      "ret": 0.885874765995497,
      "sharpe": 3.9904867913197384,
      "pm": 12,
      "tm": 13
    },
    "3": {
      "combo": [
        "ALL_FIB_618",
        "TOK_NR4",
        "ALL_WILLR_7"
      ],
      "n": 686,
      "pf": 1.6475941413186634,
      "wr": 70.11661807580175,
      "mdd": -0.12346199752479904,
      "ret": 1.3374973060487536,
      "sharpe": 4.375832648300716,
      "pm": 11,
      "tm": 13
    },
    "4": {
      "combo": [
        "ALL_FIB_618",
        "TOK_NR4",
        "ALL_WILLR_7",
        "IDX_LATE_REV"
      ],
      "n": 872,
      "pf": 1.6715180077593648,
      "wr": 71.78899082568807,
      "mdd": -0.15796870672065533,
      "ret": 1.667417319367203,
      "sharpe": 4.605923823424787,
      "pm": 12,
      "tm": 13
    },
    "5": {
      "combo": [
        "ALL_FIB_618",
        "TOK_NR4",
        "ALL_WILLR_7",
        "IDX_LATE_REV",
        "ALL_NR4"
      ],
      "n": 1118,
      "pf": 1.622169020757907,
      "wr": 72.80858676207514,
      "mdd": -0.19601246269853656,
      "ret": 1.9116741203507264,
      "sharpe": 4.629173676461473,
      "pm": 11,
      "tm": 13
    },
    "6": {
      "combo": [
        "ALL_FIB_618",
        "TOK_NR4",
        "ALL_WILLR_7",
        "IDX_LATE_REV",
        "ALL_NR4",
        "ALL_FISHER_9"
      ],
      "n": 1320,
      "pf": 1.6232694511644779,
      "wr": 71.13636363636363,