{
  "Calmar": {
    "2": {
      "combo": [
        "ALL_PSAR_EMA",
        "ALL_MSTAR"
      ],
      "n": 269,
      "pf": 1.8952447997760455,
      "wr": 78.81040892193309,
      "mdd": -0.054113099030056566,
      "ret": 0.5112694615296932,
      "sharpe": 6.689024459530993,
      "pm": 11,
      "tm": 13
    },
    "3": {
      "combo": [
        "ALL_PSAR_EMA",
        "ALL_MSTAR",
        "ALL_INSIDE_BRK"
      ],
      "n": 528,
      "pf": 1.5551351868283436,
      "wr": 68.18181818181817,
      "mdd": -0.08234278661338604,
      "ret": 0.9353499971232668,
      "sharpe": 5.840965771592235,
      "pm": 10,
      "tm": 13
    },
    "4": {
      "combo": [
        "ALL_PSAR_EMA",
        "ALL_MSTAR",
        "ALL_INSIDE_BRK",
        "ALL_SUPERTREND"
      ],
      "n": 711,
      "pf": 1.6088227856921167,
      "wr": 71.16736990154712,
      "mdd": -0.09093303701570465,
      "ret": 1.2530331826679904,
      "sharpe": 6.349300089581311,
      "pm": 10,
      "tm": 13
    }
  },
  "PF": {
    "2": {
      "combo": [
        "ALL_PSAR_EMA",
        "ALL_SUPERTREND"
      ],
      "n": 375,
      "pf": 1.8961778343502596,
      "wr": 80.0,
      "mdd": -0.0799760031998412,
      "ret": 0.6738253415109211,
      "sharpe": 5.445096796993567,
      "pm": 10,
      "tm": 13
    },
    "3": {
      "combo": [
        "ALL_PSAR_EMA",
        "ALL_SUPERTREND",
        "ALL_MSTAR"
      ],
      "n": 457,
      "pf": 1.884269575596462,
      "wr": 79.21225382932167,
      "mdd": -0.08996800559954332,
      "ret": 0.8425862984788401,
      "sharpe": 6.445481465108029,
      "pm": 11,
      "tm": 13
    },
    "4": {
      "combo": [
        "ALL_PSAR_EMA",
        "ALL_SUPERTREND",
        "ALL_MSTAR",
        "ALL_INSIDE_BRK"
      ],
      "n": 711,
      "pf": 1.6088227856921167,
      "wr": 71.16736990154712,
      "mdd": -0.09093303701570465,
      "ret": 1.2530331826679904,
      "sharpe": 6.349300089581311,
      "pm": 10,
      "tm": 13
    }
  },
  "MinDD": {
    "2": {
      "combo": [
        "ALL_PSAR_EMA",
        "ALL_MSTAR"
      ],
      "n": 269,
      "pf": 1.8952447997760455,
      "wr": 78.81040892193309,
      "mdd": -0.054113099030056566,
      "ret": 0.5112694615296932,
      "sharpe": 6.689024459530993,
      "pm": 11,
      "tm": 13
    },
    "3": {
      "combo": [
        "ALL_PSAR_EMA",
        "ALL_MSTAR",
        "ALL_INSIDE_BRK"
      ],
      "n": 528,
      "pf": 1.5551351868283436,
      "wr": 68.18181818181817,
      "mdd": -0.08234278661338604,
      "ret": 0.9353499971232668,
      "sharpe": 5.840965771592235,
      "pm": 10,
      "tm": 13
    },
    "4": {
      "combo": [
        "ALL_PSAR_EMA",
        "ALL_MSTAR",
        "ALL_INSIDE_BRK",
        "ALL_SUPERTREND"
      ],
      "n": 711,
      "pf": 1.6088227856921167,
      "wr": 71.16736990154712,
      "mdd": -0.09093303701570465,
      "ret": 1.2530331826679904,
      "sharpe": 6.349300089581311,
      "pm": 10,
      "tm": 13
    }
  },
  "Sharpe": {
    "2": {
      "combo": [
        "ALL_PSAR_EMA",
        "ALL_MSTAR"
      ],
      "n": 269,
      "pf": 1.8952447997760455,
      "wr": 78.81040892193309,
      "mdd": -0.054113099030056566,
      "ret": 0.5112694615296932,
      "sharpe": 6.689024459530993,
      "pm": 11,
      "tm": 13
    },
    "3": {
      "combo": [
        "ALL_PSAR_EMA",
        "ALL_MSTAR",
        "ALL_SUPERTREND"
      ],
      "n": 457,
      "pf": 1.884269575596462,
      "wr": 79.21225382932167,
      "mdd": -0.08996800559954332,
      "ret": 0.8425862984788401,
      "sharpe": 6.445481465108029,
      "pm": 11,
      "tm": 13
    },
    "4": {
      "combo": [
        "ALL_PSAR_EMA",
        "ALL_MSTAR",
        "ALL_SUPERTREND",
        "ALL_INSIDE_BRK"
      ],
      "n": 711,
      "pf": 1.6088227856921167,
      "wr": 71.16736990154712,
      "mdd": -0.09093303701570465,
      "ret": 1.2530331826679904,
      "sharpe": 6.349300089581311,
      "pm": 10,
      "tm": 13
    }
  },
  "PF*WR": {
    "2": {
      "combo": [
        "ALL_PSAR_EMA",
        "ALL_SUPERTREND"
      ],
      "n": 375,
      "pf": 1.8961778343502596,
      "wr": 80.0,
      "mdd": -0.0799760031998412,
      "ret": 0.6738253415109211,
      "sharpe": 5.445096796993567,
      "pm": 10,
      "tm": 13
    },
    "3": {
      "combo": [
        "ALL_PSAR_EMA",
        "ALL_SUPERTREND",
        "ALL_MSTAR"
      ],
      "n": 457,
      "pf": 1.884269575596462,
      "wr": 79.21225382932167,
      "mdd": -0.08996800559954332,
      "ret": 0.8425862984788401,
      "sharpe": 6.445481465108029,
      "pm": 11,
      "tm": 13
    },
    "4": {
      "combo": [
        "ALL_PSAR_EMA",
        "ALL_SUPERTREND",
        "ALL_MSTAR",
        "ALL_INSIDE_BRK"
      ],
      "n": 711,
      "pf": 1.6088227856921167,
      "wr": 71.16736990154712,
      "mdd": -0.09093303701570465,
      "ret": 1.2530331826679904,
      "sharpe": 6.349300089581311,
      "pm": 10,
      "tm": 13
    }
  },
  "Diverse": {
    "2": {
      "combo": [
        "ALL_PSAR_EMA",
        "ALL_MSTAR"
      ],
      "n": 269,
      "pf": 1.8952447997760455,
      "wr": 78.81040892193309,
      "mdd": -0.054113099030056566,
      "ret": 0.5112694615296932,
      "sharpe": 6.689024459530993,
      "pm": 11,
      "tm": 13
    },
    "3": {
      "combo": [
        "ALL_PSAR_EMA",
        "ALL_MSTAR",
        "ALL_INSIDE_BRK"
      ],
      "n": 528,
      "pf": 1.5551351868283436,
      "wr": 68.18181818181817,
      "mdd": -0.08234278661338604,
      "ret": 0.9353499971232668,
      "sharpe": 5.840965771592235,
      "pm": 10,
      "tm": 13
    },
    "4": {
      "combo": [
        "ALL_PSAR_EMA",
        "ALL_MSTAR",
        "ALL_INSIDE_BRK",
        "ALL_SUPERTREND"
      ],
      "n": 711,
      "pf": 1.6088227856921167,
      "wr": 71.16736990154712,
      "mdd": -0.09093303701570465,
      "ret": 1.2530331826679904,
      "sharpe": 6.349300089581311,
      "pm": 10,
      "tm": 13
    }
  }
}