{
  "Calmar": {
    "2": {
      "combo": [
        "D8",
        "ALL_RSI_DIV"
      ],
      "n": 658,
      "pf": 1.3806728665135517,
      "wr": 79.63525835866263,
      "mdd": -1.285033618837108,
      "ret": 10.788086893193016,
      "sharpe": 2.1862337568488597,
      "pm": 19,
      "tm": 25
    }
  },
  "PF": {
    "2": {
      "combo": [
        "D8",
        "ALL_RSI_DIV"
      ],
      "n": 658,
      "pf": 1.3806728665135517,
      "wr": 79.63525835866263,
      "mdd": -1.285033618837108,
      "ret": 10.788086893193016,
      "sharpe": 2.1862337568488597,
      "pm": 19,
      "tm": 25
    }
  },
  "MinDD": {
    "2": {
      "combo": [
        "D8",
        "ALL_RSI_DIV"
      ],
      "n": 658,
      "pf": 1.3806728665135517,
      "wr": 79.63525835866263,
      "mdd": -1.285033618837108,
      "ret": 10.788086893193016,
      "sharpe": 2.1862337568488597,
      "pm": 19,
      "tm": 25
    }
  },
  "Sharpe": {
    "2": {
      "combo": [
        "D8",
        "ALL_RSI_DIV"
      ],
      "n": 658,
      "pf": 1.3806728665135517,
      "wr": 79.63525835866263,
      "mdd": -1.285033618837108,
      "ret": 10.788086893193016,
      "sharpe": 2.1862337568488597,
      "pm": 19,
      "tm": 25
    }
  },
  "PF*WR": {
    "2": {
      "combo": [
        "D8",
        "ALL_RSI_DIV"
      ],
      "n": 658,
      "pf": 1.3806728665135517,
      "wr": 79.63525835866263,
      "mdd": -1.285033618837108,
      "ret": 10.788086893193016,
      "sharpe": 2.1862337568488597,
      "pm": 19,
      "tm": 25
    }
  },
  "Diverse": {
    "2": {
      "combo": [
        "D8",
        "ALL_RSI_DIV"
      ],
      "n": 658,
      "pf": 1.3806728665135517,
      "wr": 79.63525835866263,
      "mdd": -1.285033618837108,
      "ret": 10.788086893193016,
      "sharpe": 2.1862337568488597,
      "pm": 19,
      "tm": 25
    }
  }
}