{
  "Calmar": {
    "2": {
      "combo": [
        "ALL_KB_SQUEEZE",
        "ALL_CONSEC_REV"
      ],
      "n": 483,
      "pf": 1.5046293150739363,
      "wr": 65.21739130434783,
      "mdd": -0.6011936487130417,
      "ret": 4.345410636267959,
      "sharpe": 3.0499375126424217,
      "pm": 11,
      "tm": 13
    },
    "3": {
      "combo": [
        "ALL_KB_SQUEEZE",
        "ALL_CONSEC_REV",
        "ALL_MACD_FAST_SIG"
      ],
      "n": 781,
      "pf": 1.4700450620330234,
      "wr": 64.02048655569781,
      "mdd": -0.4837362184780778,
      "ret": 6.841011287123605,
      "sharpe": 3.9266508029920506,
      "pm": 12,
      "tm": 13
    },
    "4": {
      "combo": [
        "ALL_KB_SQUEEZE",
        "ALL_CONSEC_REV",
        "ALL_MACD_FAST_SIG",
        "IDX_CONSEC_REV"
      ],
      "n": 1031,
      "pf": 1.4979867081619853,
      "wr": 66.05237633365665,
      "mdd": -0.49492616156043184,
      "ret": 9.128707889952318,
      "sharpe": 4.2456953945200455,
      "pm": 11,
      "tm": 13
    },
    "5": {
      "combo": [
        "ALL_KB_SQUEEZE",
        "ALL_CONSEC_REV",
        "ALL_MACD_FAST_SIG",
        "IDX_CONSEC_REV",
        "ALL_SUPERTREND"
      ],
      "n": 1220,
      "pf": 1.5304607963164156,
      "wr": 66.9672131147541,
      "mdd": -0.42417292003622586,
      "ret": 11.288478204996194,
      "sharpe": 4.79670328582256,
      "pm": 13,
      "tm": 13
    },
    "6": {
      "combo": [
        "ALL_KB_SQUEEZE",
        "ALL_CONSEC_REV",
        "ALL_MACD_FAST_SIG",
        "IDX_CONSEC_REV",
        "ALL_SUPERTREND",
        "ALL_PSAR_EMA"
      ],
      "n": 1470,
      "pf": 1.5354873888159146,
      "wr": 67.4829931972789,
      "mdd": -0.5713052457355502,
      "ret": 13.634360319523067,
      "sharpe": 4.864861110679333,
      "pm": 13,
      "tm": 13
    },
    "7": {
      "combo": [
        "ALL_KB_SQUEEZE",
        "ALL_CONSEC_REV",
        "ALL_MACD_FAST_SIG",
        "IDX_CONSEC_REV",
        "ALL_SUPERTREND",
        "ALL_PSAR_EMA",
        "TOK_FISHER"
      ],
      "n": 1653,
      "pf": 1.5044691953329852,
      "wr": 67.5741076830006,
      "mdd": -0.5640652753000382,
      "ret": 14.445972583011724,
      "sharpe": 4.751498330392973,
      "pm": 13,
      "tm": 13
    },
    "8": {
      "combo": [
        "ALL_KB_SQUEEZE",
        "ALL_CONSEC_REV",
        "ALL_MACD_FAST_SIG",
        "IDX_CONSEC_REV",
        "ALL_SUPERTREND",
        "ALL_PSAR_EMA",
        "TOK_FISHER",
        "ALL_LR_BREAK"
      ],
      "n": 1837,
      "pf": 1.464670437888141,
      "wr": 65.8138268916712,
      "mdd": -0.7116801131706273,
      "ret": 15.675038043816386,
      "sharpe": 4.467800713795102,
      "pm": 13,
      "tm": 13
    },
    "9": {
      "combo": [
        "ALL_KB_SQUEEZE",
        "ALL_CONSEC_REV",
        "ALL_MACD_FAST_SIG",
        "IDX_CONSEC_REV",
        "ALL_SUPERTREND",
        "ALL_PSAR_EMA",
        "TOK_FISHER",
        "ALL_LR_BREAK",
        "ALL_ELDER_BULL"
      ],
      "n": 2016,
      "pf": 1.4898469018731735,
      "wr": 67.26190476190477,
      "mdd": -0.6970028516070503,
      "ret": 17.47705503309111,
      "sharpe": 4.916553737970935,
      "pm": 12,
      "tm": 13
    }
  },
  "PF": {
    "2": {
      "combo": [
        "ALL_KB_SQUEEZE",
        "ALL_SUPERTREND"
      ],
      "n": 484,
      "pf": 1.508010562996492,
      "wr": 67.35537190082644,
      "mdd": -0.5703140138451495,
      "ret": 4.096438307853794,
      "sharpe": 3.0344274002478793,
      "pm": 11,
      "tm": 12
    },
    "3": {
      "combo": [
        "ALL_KB_SQUEEZE",
        "ALL_SUPERTREND",
        "IDX_CONSEC_REV"
      ],
      "n": 712,
      "pf": 1.5618766066031813,
      "wr": 68.96067415730337,
      "mdd": -0.4177383060578427,
      "ret": 6.411352761222326,
      "sharpe": 4.051427317280057,
      "pm": 13,
      "tm": 13
    },
    "4": {
      "combo": [
        "ALL_KB_SQUEEZE",
        "ALL_SUPERTREND",
        "IDX_CONSEC_REV",
        "ALL_CONSEC_REV"
      ],
      "n": 945,
      "pf": 1.5873714818293674,
      "wr": 68.57142857142857,
      "mdd": -0.43297518192821877,
      "ret": 9.13621929052216,
      "sharpe": 4.39801514395284,
      "pm": 13,
      "tm": 13
    },
    "5": {
      "combo": [
        "ALL_KB_SQUEEZE",
        "ALL_SUPERTREND",
        "IDX_CONSEC_REV",
        "ALL_CONSEC_REV",
        "ALL_PSAR_EMA"
      ],
      "n": 1199,
      "pf": 1.581766501181178,
      "wr": 68.89074228523769,
      "mdd": -0.5531930813532128,
      "ret": 11.459490154687796,
      "sharpe": 4.513757677637224,
      "pm": 13,
      "tm": 13
    },
    "6": {
      "combo": [
        "ALL_KB_SQUEEZE",
        "ALL_SUPERTREND",
        "IDX_CONSEC_REV",
        "ALL_CONSEC_REV",
        "ALL_PSAR_EMA",
        "ALL_ELDER_BULL"
      ],
      "n": 1449,
      "pf": 1.5708099303188454,
      "wr": 70.1863354037267,
      "mdd": -0.7045795719347554,
      "ret": 13.10105181725805,
      "sharpe": 4.799940472193002,
      "pm": 13,
      "tm": 13
    },
    "7": {
      "combo": [
        "ALL_KB_SQUEEZE",
        "ALL_SUPERTREND",
        "IDX_CONSEC_REV",
        "ALL_CONSEC_REV",
        "ALL_PSAR_EMA",
        "ALL_ELDER_BULL",
        "TOK_FISHER"
      ],
      "n": 1625,
      "pf": 1.5419571460433672,
      "wr": 69.84615384615384,
      "mdd": -0.8988898134121308,
      "ret": 14.108090662933101,
      "sharpe": 4.89493169713059,
      "pm": 12,
      "tm": 13
    },
    "8": {
      "combo": [
        "ALL_KB_SQUEEZE",
        "ALL_SUPERTREND",
        "IDX_CONSEC_REV",
        "ALL_CONSEC_REV",
        "ALL_PSAR_EMA",
        "ALL_ELDER_BULL",
        "TOK_FISHER",
        "ALL_LR_BREAK"
      ],
      "n": 1795,
      "pf": 1.532427688913936,
      "wr": 68.18941504178272,
      "mdd": -0.8086744707065585,
      "ret": 16.310967251216468,
      "sharpe": 5.056896586600175,
      "pm": 12,
      "tm": 13
    },
    "9": {
      "combo": [
        "ALL_KB_SQUEEZE",
        "ALL_SUPERTREND",
        "IDX_CONSEC_REV",
        "ALL_CONSEC_REV",
        "ALL_PSAR_EMA",
        "ALL_ELDER_BULL",
        "TOK_FISHER",
        "ALL_LR_BREAK",
        "ALL_MACD_FAST_SIG"
      ],
      "n": 2016,
      "pf": 1.4898469018731735,
      "wr": 67.26190476190477,
      "mdd": -0.6970028516070503,
      "ret": 17.47705503309111,
      "sharpe": 4.916553737970935,
      "pm": 12,
      "tm": 13
    }
  },
  "MinDD": {
    "2": {
      "combo": [
        "ALL_KB_SQUEEZE",
        "TOK_FISHER"
      ],
      "n": 476,
      "pf": 1.4257783266919184,
      "wr": 67.22689075630252,
      "mdd": -0.5439814578245827,
      "ret": 3.3742971801964887,
      "sharpe": 2.4756876532270065,
      "pm": 9,
      "tm": 13
    },
    "3": {
      "combo": [
        "ALL_KB_SQUEEZE",
        "TOK_FISHER",
        "ALL_CONSEC_REV"
      ],
      "n": 721,
      "pf": 1.4815847329895313,
      "wr": 66.99029126213593,
      "mdd": -0.4196299067950115,
      "ret": 5.901470787779909,
      "sharpe": 3.534843077581524,
      "pm": 13,
      "tm": 13
    },
    "4": {
      "combo": [
        "ALL_KB_SQUEEZE",
        "TOK_FISHER",
        "ALL_CONSEC_REV",
        "ALL_SUPERTREND"
      ],
      "n": 938,
      "pf": 1.5107954175493945,
      "wr": 67.80383795309169,
      "mdd": -0.529534387965504,
      "ret": 7.999624521740291,
      "sharpe": 4.215146972082167,
      "pm": 13,
      "tm": 13
    },
    "5": {
      "combo": [
        "ALL_KB_SQUEEZE",
        "TOK_FISHER",
        "ALL_CONSEC_REV",
        "ALL_SUPERTREND",
        "ALL_MACD_FAST_SIG"
      ],
      "n": 1191,
      "pf": 1.4762917696980744,
      "wr": 66.33081444164569,
      "mdd": -0.43276784742811913,
      "ret": 10.015746648479995,
      "sharpe": 4.403438525361514,
      "pm": 13,
      "tm": 13
    },
    "6": {
      "combo": [
        "ALL_KB_SQUEEZE",
        "TOK_FISHER",
        "ALL_CONSEC_REV",
        "ALL_SUPERTREND",
        "ALL_MACD_FAST_SIG",
        "IDX_CONSEC_REV"
      ],
      "n": 1407,
      "pf": 1.4997353976338015,