{
  "Calmar": {
    "2": {
      "combo": [
        "TOK_FISHER",
        "ALL_RSI_EXTREME"
      ],
      "n": 516,
      "pf": 1.6061370675545992,
      "wr": 65.11627906976744,
      "mdd": -0.3889523347431224,
      "ret": 5.587479228478216,
      "sharpe": 4.19478256571279,
      "pm": 12,
      "tm": 13
    },
    "3": {
      "combo": [
        "TOK_FISHER",
        "ALL_RSI_EXTREME",
        "IDX_CONSEC_REV"
      ],
      "n": 770,
      "pf": 1.5993659247820202,
      "wr": 67.27272727272727,
      "mdd": -0.3706067751129309,
      "ret": 7.8088459987142995,
      "sharpe": 4.863091551798549,
      "pm": 12,
      "tm": 13
    },
    "4": {
      "combo": [
        "TOK_FISHER",
        "ALL_RSI_EXTREME",
        "IDX_CONSEC_REV",
        "ALL_ELDER_BULL"
      ],
      "n": 1016,
      "pf": 1.6133719531728021,
      "wr": 69.68503937007874,
      "mdd": -0.5726163420998726,
      "ret": 9.854135284250093,
      "sharpe": 5.417960428985718,
      "pm": 12,
      "tm": 13
    },
    "5": {
      "combo": [
        "TOK_FISHER",
        "ALL_RSI_EXTREME",
        "IDX_CONSEC_REV",
        "ALL_ELDER_BULL",
        "ALL_LR_BREAK"
      ],
      "n": 1194,
      "pf": 1.5165168559750957,
      "wr": 66.75041876046902,
      "mdd": -0.5685402221263586,
      "ret": 10.738211168270878,
      "sharpe": 4.781412735789244,
      "pm": 10,
      "tm": 13
    },
    "6": {
      "combo": [
        "TOK_FISHER",
        "ALL_RSI_EXTREME",
        "IDX_CONSEC_REV",
        "ALL_ELDER_BULL",
        "ALL_LR_BREAK",
        "IDX_RSI_REV"
      ],
      "n": 1451,
      "pf": 1.511721980847988,
      "wr": 67.60854583046175,
      "mdd": -0.7329241201981579,
      "ret": 12.769771263563975,
      "sharpe": 4.904718491616187,
      "pm": 11,
      "tm": 13
    },
    "7": {
      "combo": [
        "TOK_FISHER",
        "ALL_RSI_EXTREME",
        "IDX_CONSEC_REV",
        "ALL_ELDER_BULL",
        "ALL_LR_BREAK",
        "IDX_RSI_REV",
        "ALL_FISHER_9"
      ],
      "n": 1705,
      "pf": 1.4863165826955038,
      "wr": 67.56598240469208,
      "mdd": -0.9073622047239962,
      "ret": 14.377237995576492,
      "sharpe": 4.730229489176296,
      "pm": 10,
      "tm": 13
    },
    "8": {
      "combo": [
        "TOK_FISHER",
        "ALL_RSI_EXTREME",
        "IDX_CONSEC_REV",
        "ALL_ELDER_BULL",
        "ALL_LR_BREAK",
        "IDX_RSI_REV",
        "ALL_FISHER_9",
        "ALL_MACD_FAST_SIG"
      ],
      "n": 1912,
      "pf": 1.4526150205549222,
      "wr": 66.63179916317992,
      "mdd": -1.430871731015959,
      "ret": 15.565698399945626,
      "sharpe": 4.329244021765489,
      "pm": 11,
      "tm": 13
    }
  },
  "PF": {
    "2": {
      "combo": [
        "TOK_FISHER",
        "IDX_CONSEC_REV"
      ],
      "n": 514,
      "pf": 1.6604052603306665,
      "wr": 65.36964980544747,
      "mdd": -0.5727870983651753,
      "ret": 6.000642900451101,
      "sharpe": 4.248821535236216,
      "pm": 11,
      "tm": 13
    },
    "3": {
      "combo": [
        "TOK_FISHER",
        "IDX_CONSEC_REV",
        "ALL_ELDER_BULL"
      ],
      "n": 760,
      "pf": 1.654185915189056,
      "wr": 69.21052631578948,
      "mdd": -0.8710001206818444,
      "ret": 7.881347549234953,
      "sharpe": 4.822497875540938,
      "pm": 10,
      "tm": 13
    },
    "4": {
      "combo": [
        "TOK_FISHER",
        "IDX_CONSEC_REV",
        "ALL_ELDER_BULL",
        "ALL_RSI_EXTREME"
      ],
      "n": 1016,
      "pf": 1.6133719531728021,
      "wr": 69.68503937007874,
      "mdd": -0.5726163420998726,
      "ret": 9.854135284250093,
      "sharpe": 5.417960428985718,
      "pm": 12,
      "tm": 13
    },
    "5": {
      "combo": [
        "TOK_FISHER",
        "IDX_CONSEC_REV",
        "ALL_ELDER_BULL",
        "ALL_RSI_EXTREME",
        "IDX_RSI_REV"
      ],
      "n": 1277,
      "pf": 1.585511585256544,
      "wr": 70.00783085356304,
      "mdd": -0.7949593685660444,
      "ret": 11.860230225727078,
      "sharpe": 5.220990936489716,
      "pm": 11,
      "tm": 13
    },
    "6": {
      "combo": [
        "TOK_FISHER",
        "IDX_CONSEC_REV",
        "ALL_ELDER_BULL",
        "ALL_RSI_EXTREME",
        "IDX_RSI_REV",
        "ALL_MACD_FAST_SIG"
      ],
      "n": 1525,
      "pf": 1.5295377808681674,
      "wr": 68.45901639344262,
      "mdd": -1.0192804067861483,
      "ret": 13.59767217580328,
      "sharpe": 4.899586718082415,
      "pm": 11,
      "tm": 13
    },
    "7": {
      "combo": [
        "TOK_FISHER",
        "IDX_CONSEC_REV",
        "ALL_ELDER_BULL",
        "ALL_RSI_EXTREME",
        "IDX_RSI_REV",
        "ALL_MACD_FAST_SIG",
        "ALL_FISHER_9"
      ],
      "n": 1775,
      "pf": 1.4974884958203005,
      "wr": 68.22535211267605,
      "mdd": -1.3871715693533,
      "ret": 15.08718219824531,
      "sharpe": 4.569846254532176,
      "pm": 11,
      "tm": 13
    },
    "8": {
      "combo": [
        "TOK_FISHER",
        "IDX_CONSEC_REV",
        "ALL_ELDER_BULL",
        "ALL_RSI_EXTREME",
        "IDX_RSI_REV",
        "ALL_MACD_FAST_SIG",
        "ALL_FISHER_9",
        "ALL_LR_BREAK"
      ],
      "n": 1912,
      "pf": 1.4526150205549222,
      "wr": 66.63179916317992,
      "mdd": -1.430871731015959,
      "ret": 15.565698399945626,
      "sharpe": 4.329244021765489,
      "pm": 11,
      "tm": 13
    }
  },
  "MinDD": {
    "2": {
      "combo": [
        "TOK_FISHER",
        "ALL_RSI_EXTREME"
      ],
      "n": 516,
      "pf": 1.6061370675545992,
      "wr": 65.11627906976744,
      "mdd": -0.3889523347431224,
      "ret": 5.587479228478216,
      "sharpe": 4.19478256571279,
      "pm": 12,
      "tm": 13
    },
    "3": {
      "combo": [
        "TOK_FISHER",
        "ALL_RSI_EXTREME",
        "IDX_CONSEC_REV"
      ],
      "n": 770,
      "pf": 1.5993659247820202,
      "wr": 67.27272727272727,
      "mdd": -0.3706067751129309,
      "ret": 7.8088459987142995,
      "sharpe": 4.863091551798549,
      "pm": 12,
      "tm": 13
    },
    "4": {
      "combo": [
        "TOK_FISHER",
        "ALL_RSI_EXTREME",
        "IDX_CONSEC_REV",
        "ALL_ELDER_BULL"
      ],
      "n": 1016,
      "pf": 1.6133719531728021,
      "wr": 69.68503937007874,
      "mdd": -0.5726163420998726,
      "ret": 9.854135284250093,
      "sharpe": 5.417960428985718,
      "pm": 12,
      "tm": 13
    },
    "5": {
      "combo": [
        "TOK_FISHER",
        "ALL_RSI_EXTREME",
        "IDX_CONSEC_REV",
        "ALL_ELDER_BULL",
        "ALL_LR_BREAK"
      ],
      "n": 1194,
      "pf": 1.5165168559750957,
      "wr": 66.75041876046902,
      "mdd": -0.5685402221263586,
      "ret": 10.738211168270878,
      "sharpe": 4.781412735789244,
      "pm": 10,
      "tm": 13
    },
    "6": {
      "combo": [
        "TOK_FISHER",
        "ALL_RSI_EXTREME",
        "IDX_CONSEC_REV",
        "ALL_ELDER_BULL",
        "ALL_LR_BREAK",
        "IDX_RSI_REV"
      ],
      "n": 1451,
      "pf": 1.511721980847988,
      "wr": 67.60854583046175,
      "mdd": -0.7329241201981579,
      "ret": 12.769771263563975,
      "sharpe": 4.904718491616187,
      "pm": 11,
      "tm": 13
    },
    "7": {
      "combo": [
        "TOK_FISHER",
        "ALL_RSI_EXTREME",
        "IDX_CONSEC_REV",
        "ALL_ELDER_BULL",
        "ALL_LR_BREAK",
        "IDX_RSI_REV",
        "ALL_FISHER_9"
      ],
      "n": 1705,
      "pf": 1.4863165826955038,
      "wr": 67.56598240469208,
      "mdd": -0.9073622047239962,
      "ret": 14.377237995576492,
      "sharpe": 4.730229489176296,
      "pm": 10,
      "tm": 13
    },
    "8": {
      "combo": [
        "TOK_FISHER",
        "ALL_RSI_EXTREME",
        "IDX_CONSEC_REV",
        "ALL_ELDER_BULL",
        "ALL_LR_BREAK",
        "IDX_RSI_REV",
        "ALL_FISHER_9",
        "ALL_MACD_FAST_SIG"
      ],
      "n": 1912,
      "pf": 1.4526150205549222,
      "wr": 66.63179916317992,
      "mdd": -1.430871731015959,
      "ret": 15.565698399945626,
      "sharpe": 4.329244021765489,
      "pm": 11,