{
  "Calmar": {
    "2": {
      "combo": [
        "TOK_2BAR",
        "ALL_KB_SQUEEZE"
      ],
      "n": 218,
      "pf": 1.665746682848952,
      "wr": 70.64220183486239,
      "mdd": -0.057486480804012884,
      "ret": 0.42696642447692285,
      "sharpe": 4.603798835046869,
      "pm": 12,
      "tm": 13
    },
    "3": {
      "combo": [
        "TOK_2BAR",
        "ALL_KB_SQUEEZE",
        "NY_ELDER"
      ],
      "n": 446,
      "pf": 1.6074320993407978,
      "wr": 72.86995515695067,
      "mdd": -0.08104494783225338,
      "ret": 0.737837273661149,
      "sharpe": 6.178001797186628,
      "pm": 11,
      "tm": 13
    },
    "4": {
      "combo": [
        "TOK_2BAR",
        "ALL_KB_SQUEEZE",
        "NY_ELDER",
        "TOK_TRIX"
      ],
      "n": 595,
      "pf": 1.6137142890352392,
      "wr": 70.08403361344537,
      "mdd": -0.12105169877417157,
      "ret": 1.0974826547383418,
      "sharpe": 7.302643237986016,
      "pm": 13,
      "tm": 13
    }
  },
  "PF": {
    "2": {
      "combo": [
        "TOK_2BAR",
        "ALL_KB_SQUEEZE"
      ],
      "n": 218,
      "pf": 1.665746682848952,
      "wr": 70.64220183486239,
      "mdd": -0.057486480804012884,
      "ret": 0.42696642447692285,
      "sharpe": 4.603798835046869,
      "pm": 12,
      "tm": 13
    },
    "3": {
      "combo": [
        "TOK_2BAR",
        "ALL_KB_SQUEEZE",
        "TOK_TRIX"
      ],
      "n": 370,
      "pf": 1.6074853722000966,
      "wr": 66.48648648648648,
      "mdd": -0.09854719611197356,
      "ret": 0.7552693346207816,
      "sharpe": 5.497757896508642,
      "pm": 11,
      "tm": 13
    },
    "4": {
      "combo": [
        "TOK_2BAR",
        "ALL_KB_SQUEEZE",
        "TOK_TRIX",
        "NY_ELDER"
      ],
      "n": 595,
      "pf": 1.6137142890352392,
      "wr": 70.08403361344537,
      "mdd": -0.12105169877417157,
      "ret": 1.0974826547383418,
      "sharpe": 7.302643237986016,
      "pm": 13,
      "tm": 13
    }
  },
  "MinDD": {
    "2": {
      "combo": [
        "TOK_2BAR",
        "ALL_KB_SQUEEZE"
      ],
      "n": 218,
      "pf": 1.665746682848952,
      "wr": 70.64220183486239,
      "mdd": -0.057486480804012884,
      "ret": 0.42696642447692285,
      "sharpe": 4.603798835046869,
      "pm": 12,
      "tm": 13
    },
    "3": {
      "combo": [
        "TOK_2BAR",
        "ALL_KB_SQUEEZE",
        "NY_ELDER"
      ],
      "n": 446,
      "pf": 1.6074320993407978,
      "wr": 72.86995515695067,
      "mdd": -0.08104494783225338,
      "ret": 0.737837273661149,
      "sharpe": 6.178001797186628,
      "pm": 11,
      "tm": 13
    },
    "4": {
      "combo": [
        "TOK_2BAR",
        "ALL_KB_SQUEEZE",
        "NY_ELDER",
        "TOK_TRIX"
      ],
      "n": 595,
      "pf": 1.6137142890352392,
      "wr": 70.08403361344537,
      "mdd": -0.12105169877417157,
      "ret": 1.0974826547383418,
      "sharpe": 7.302643237986016,
      "pm": 13,
      "tm": 13
    }
  },
  "Sharpe": {
    "2": {
      "combo": [
        "TOK_2BAR",
        "NY_ELDER"
      ],
      "n": 291,
      "pf": 1.546530879119027,
      "wr": 79.03780068728523,
      "mdd": -0.06860781061166639,
      "ret": 0.3340588964754861,
      "sharpe": 5.249890940685485,
      "pm": 10,
      "tm": 13
    },
    "3": {
      "combo": [
        "TOK_2BAR",
        "NY_ELDER",
        "TOK_TRIX"
      ],
      "n": 442,
      "pf": 1.5757193911829028,
      "wr": 73.07692307692307,
      "mdd": -0.09270186142734446,
      "ret": 0.6869651871830429,
      "sharpe": 6.493628202354217,
      "pm": 12,
      "tm": 13
    },
    "4": {
      "combo": [
        "TOK_2BAR",
        "NY_ELDER",
        "TOK_TRIX",
        "ALL_KB_SQUEEZE"
      ],
      "n": 595,
      "pf": 1.6137142890352392,
      "wr": 70.08403361344537,
      "mdd": -0.12105169877417157,
      "ret": 1.0974826547383418,
      "sharpe": 7.302643237986016,
      "pm": 13,
      "tm": 13
    }
  },
  "PF*WR": {
    "2": {
      "combo": [
        "TOK_2BAR",
        "NY_ELDER"
      ],
      "n": 291,
      "pf": 1.546530879119027,
      "wr": 79.03780068728523,
      "mdd": -0.06860781061166639,
      "ret": 0.3340588964754861,
      "sharpe": 5.249890940685485,
      "pm": 10,
      "tm": 13
    },
    "3": {
      "combo": [
        "TOK_2BAR",
        "NY_ELDER",
        "ALL_KB_SQUEEZE"
      ],
      "n": 446,
      "pf": 1.6074320993407978,
      "wr": 72.86995515695067,
      "mdd": -0.08104494783225338,
      "ret": 0.737837273661149,
      "sharpe": 6.178001797186628,
      "pm": 11,
      "tm": 13
    },
    "4": {
      "combo": [
        "TOK_2BAR",
        "NY_ELDER",
        "ALL_KB_SQUEEZE",
        "TOK_TRIX"
      ],
      "n": 595,
      "pf": 1.6137142890352392,
      "wr": 70.08403361344537,
      "mdd": -0.12105169877417157,
      "ret": 1.0974826547383418,
      "sharpe": 7.302643237986016,
      "pm": 13,
      "tm": 13
    }
  },
  "Diverse": {
    "2": {
      "combo": [
        "TOK_2BAR",
        "ALL_KB_SQUEEZE"
      ],
      "n": 218,
      "pf": 1.665746682848952,
      "wr": 70.64220183486239,
      "mdd": -0.057486480804012884,
      "ret": 0.42696642447692285,
      "sharpe": 4.603798835046869,
      "pm": 12,
      "tm": 13
    },
    "3": {
      "combo": [
        "TOK_2BAR",
        "ALL_KB_SQUEEZE",
        "TOK_TRIX"
      ],
      "n": 370,
      "pf": 1.6074853722000966,
      "wr": 66.48648648648648,
      "mdd": -0.09854719611197356,
      "ret": 0.7552693346207816,
      "sharpe": 5.497757896508642,
      "pm": 11,
      "tm": 13
    },
    "4": {
      "combo": [
        "TOK_2BAR",
        "ALL_KB_SQUEEZE",
        "TOK_TRIX",
        "NY_ELDER"
      ],
      "n": 595,
      "pf": 1.6137142890352392,
      "wr": 70.08403361344537,
      "mdd": -0.12105169877417157,
      "ret": 1.0974826547383418,
      "sharpe": 7.302643237986016,
      "pm": 13,
      "tm": 13
    }
  }
}