{
  "Calmar": {
    "2": {
      "combo": [
        "ALL_MACD_HIST",
        "ALL_FIB_618"
      ],
      "n": 540,
      "pf": 1.5178322794179033,
      "wr": 74.81481481481481,
      "mdd": -0.2851752643976439,
      "ret": 3.5959971499279932,
      "sharpe": 3.894873908106852,
      "pm": 13,
      "tm": 13
    },
    "3": {
      "combo": [
        "ALL_MACD_HIST",
        "ALL_FIB_618",
        "IDX_PREV_HL"
      ],
      "n": 745,
      "pf": 1.4463392477541455,
      "wr": 71.94630872483222,
      "mdd": -0.4159232933233596,
      "ret": 4.774894250835423,
      "sharpe": 3.8720420392408337,
      "pm": 12,
      "tm": 13
    },
    "4": {
      "combo": [
        "ALL_MACD_HIST",
        "ALL_FIB_618",
        "IDX_PREV_HL",
        "ALL_EMA_TREND_PB"
      ],
      "n": 958,
      "pf": 1.3263291065178884,
      "wr": 68.4759916492693,
      "mdd": -0.5930767161668605,
      "ret": 5.071442875585432,
      "sharpe": 3.198990390025074,
      "pm": 12,
      "tm": 13
    },
    "5": {
      "combo": [
        "ALL_MACD_HIST",
        "ALL_FIB_618",
        "IDX_PREV_HL",
        "ALL_EMA_TREND_PB",
        "IDX_VWAP_BOUNCE"
      ],
      "n": 1187,
      "pf": 1.3271249942617453,
      "wr": 66.97556866048863,
      "mdd": -0.6238743338458234,
      "ret": 6.649625336895595,
      "sharpe": 3.5702819058905044,
      "pm": 11,
      "tm": 13
    },
    "6": {
      "combo": [
        "ALL_MACD_HIST",
        "ALL_FIB_618",
        "IDX_PREV_HL",
        "ALL_EMA_TREND_PB",
        "IDX_VWAP_BOUNCE",
        "ALL_MSTAR"
      ],
      "n": 1348,
      "pf": 1.3493307438506612,
      "wr": 66.61721068249258,
      "mdd": -0.8905468918804202,
      "ret": 8.228728424441812,
      "sharpe": 3.9987229902181123,
      "pm": 11,
      "tm": 13
    }
  },
  "PF": {
    "2": {
      "combo": [
        "ALL_MACD_HIST",
        "ALL_FIB_618"
      ],
      "n": 540,
      "pf": 1.5178322794179033,
      "wr": 74.81481481481481,
      "mdd": -0.2851752643976439,
      "ret": 3.5959971499279932,
      "sharpe": 3.894873908106852,
      "pm": 13,
      "tm": 13
    },
    "3": {
      "combo": [
        "ALL_MACD_HIST",
        "ALL_FIB_618",
        "ALL_MSTAR"
      ],
      "n": 701,
      "pf": 1.5077712357465485,
      "wr": 72.32524964336662,
      "mdd": -0.5172453873712417,
      "ret": 5.0746202776333815,
      "sharpe": 4.078724963348176,
      "pm": 13,
      "tm": 13
    },
    "4": {
      "combo": [
        "ALL_MACD_HIST",
        "ALL_FIB_618",
        "ALL_MSTAR",
        "IDX_PREV_HL"
      ],
      "n": 906,
      "pf": 1.4547690360392411,
      "wr": 70.52980132450331,
      "mdd": -0.748997928893168,
      "ret": 6.270343747961626,
      "sharpe": 4.131442305387912,
      "pm": 12,
      "tm": 13
    },
    "5": {
      "combo": [
        "ALL_MACD_HIST",
        "ALL_FIB_618",
        "ALL_MSTAR",
        "IDX_PREV_HL",
        "IDX_VWAP_BOUNCE"
      ],
      "n": 1135,
      "pf": 1.4233316148014215,
      "wr": 68.54625550660793,
      "mdd": -1.2076928332085344,
      "ret": 7.866634088273947,
      "sharpe": 4.300011318431177,
      "pm": 12,
      "tm": 13
    },
    "6": {
      "combo": [
        "ALL_MACD_HIST",
        "ALL_FIB_618",
        "ALL_MSTAR",
        "IDX_PREV_HL",
        "IDX_VWAP_BOUNCE",
        "ALL_EMA_TREND_PB"
      ],
      "n": 1348,
      "pf": 1.3493307438506612,
      "wr": 66.61721068249258,
      "mdd": -0.8905468918804202,
      "ret": 8.228728424441812,
      "sharpe": 3.9987229902181123,
      "pm": 11,
      "tm": 13
    }
  },
  "MinDD": {
    "2": {
      "combo": [
        "ALL_MACD_HIST",
        "ALL_FIB_618"
      ],
      "n": 540,
      "pf": 1.5178322794179033,
      "wr": 74.81481481481481,
      "mdd": -0.2851752643976439,
      "ret": 3.5959971499279932,
      "sharpe": 3.894873908106852,
      "pm": 13,
      "tm": 13
    },
    "3": {
      "combo": [
        "ALL_MACD_HIST",
        "ALL_FIB_618",
        "IDX_PREV_HL"
      ],
      "n": 745,
      "pf": 1.4463392477541455,
      "wr": 71.94630872483222,
      "mdd": -0.4159232933233596,
      "ret": 4.774894250835423,
      "sharpe": 3.8720420392408337,
      "pm": 12,
      "tm": 13
    },
    "4": {
      "combo": [
        "ALL_MACD_HIST",
        "ALL_FIB_618",
        "IDX_PREV_HL",
        "ALL_EMA_TREND_PB"
      ],
      "n": 958,
      "pf": 1.3263291065178884,
      "wr": 68.4759916492693,
      "mdd": -0.5930767161668605,
      "ret": 5.071442875585432,
      "sharpe": 3.198990390025074,
      "pm": 12,
      "tm": 13
    },
    "5": {
      "combo": [
        "ALL_MACD_HIST",
        "ALL_FIB_618",
        "IDX_PREV_HL",
        "ALL_EMA_TREND_PB",
        "IDX_VWAP_BOUNCE"
      ],
      "n": 1187,
      "pf": 1.3271249942617453,
      "wr": 66.97556866048863,
      "mdd": -0.6238743338458234,
      "ret": 6.649625336895595,
      "sharpe": 3.5702819058905044,
      "pm": 11,
      "tm": 13
    },
    "6": {
      "combo": [
        "ALL_MACD_HIST",
        "ALL_FIB_618",
        "IDX_PREV_HL",
        "ALL_EMA_TREND_PB",
        "IDX_VWAP_BOUNCE",
        "ALL_MSTAR"
      ],
      "n": 1348,
      "pf": 1.3493307438506612,
      "wr": 66.61721068249258,
      "mdd": -0.8905468918804202,
      "ret": 8.228728424441812,
      "sharpe": 3.9987229902181123,
      "pm": 11,
      "tm": 13
    }
  },
  "Sharpe": {
    "2": {
      "combo": [
        "ALL_MACD_HIST",
        "ALL_FIB_618"
      ],
      "n": 540,
      "pf": 1.5178322794179033,
      "wr": 74.81481481481481,
      "mdd": -0.2851752643976439,
      "ret": 3.5959971499279932,
      "sharpe": 3.894873908106852,
      "pm": 13,
      "tm": 13
    },
    "3": {
      "combo": [
        "ALL_MACD_HIST",
        "ALL_FIB_618",
        "ALL_MSTAR"
      ],
      "n": 701,
      "pf": 1.5077712357465485,
      "wr": 72.32524964336662,
      "mdd": -0.5172453873712417,
      "ret": 5.0746202776333815,
      "sharpe": 4.078724963348176,
      "pm": 13,
      "tm": 13
    },
    "4": {
      "combo": [
        "ALL_MACD_HIST",
        "ALL_FIB_618",
        "ALL_MSTAR",
        "IDX_VWAP_BOUNCE"
      ],
      "n": 940,
      "pf": 1.4529349809002943,
      "wr": 69.36170212765957,
      "mdd": -0.9345842789223973,
      "ret": 6.781194521121331,
      "sharpe": 4.2815144714438444,
      "pm": 11,
      "tm": 13
    },
    "5": {
      "combo": [
        "ALL_MACD_HIST",
        "ALL_FIB_618",
        "ALL_MSTAR",
        "IDX_VWAP_BOUNCE",
        "IDX_PREV_HL"
      ],
      "n": 1135,
      "pf": 1.4233316148014215,
      "wr": 68.54625550660793,
      "mdd": -1.2076928332085344,
      "ret": 7.866634088273947,
      "sharpe": 4.300011318431177,
      "pm": 12,
      "tm": 13
    },
    "6": {
      "combo": [
        "ALL_MACD_HIST",
        "ALL_FIB_618",
        "ALL_MSTAR",
        "IDX_VWAP_BOUNCE",
        "IDX_PREV_HL",
        "ALL_EMA_TREND_PB"
      ],
      "n": 1348,
      "pf": 1.3493307438506612,
      "wr": 66.61721068249258,
      "mdd": -0.8905468918804202,
      "ret": 8.228728424441812,
      "sharpe": 3.9987229902181123,
      "pm": 11,
      "tm": 13
    }
  },
  "PF*WR": {
    "2": {
      "combo": [
        "ALL_MACD_HIST",
        "ALL_FIB_618"
      ],
      "n": 540,
      "pf": 1.5178322794179033,
      "wr": 74.81481481481481,
      "mdd": -0.2851752643976439,
      "ret": 3.5959971499279932,
      "sharpe": 3.894873908106852,
      "pm": 13,
      "tm": 13
    },
    "3": {
      "combo": [
        "ALL_MACD_HIST",
        "ALL_FIB_618",
        "ALL_MSTAR"
      ],
      "n": 701,
      "pf": 1.5077712357465485,
      "wr": 72.32524964336662,
      "mdd": -0.5172453873712417,
      "ret": 5.0746202776333815,
      "sharpe": 4.078724963348176,
      "pm": 13,
      "tm": 13
    },
    "4": {
      "combo": [
        "ALL_MACD_HIST",
        "ALL_FIB_618",
        "ALL_MSTAR",
        "IDX_PREV_HL"
      ],
      "n": 906,
      "pf": 1.4547690360392411,
      "wr": 70.52980132450331,
      "mdd": -0.748997928893168,