{
  "Calmar": {
    "2": {
      "combo": [
        "IDX_PREV_HL",
        "ALL_FIB_618"
      ],
      "n": 453,
      "pf": 1.4163416652409284,
      "wr": 67.3289183222958,
      "mdd": -0.44618121595833143,
      "ret": 3.124009212855046,
      "sharpe": 2.954377890696042,
      "pm": 9,
      "tm": 12
    },
    "3": {
      "combo": [
        "IDX_PREV_HL",
        "ALL_FIB_618",
        "TOK_FISHER"
      ],
      "n": 689,
      "pf": 1.4276300558257398,
      "wr": 62.554426705370105,
      "mdd": -0.49987069646703136,
      "ret": 5.610954757139872,
      "sharpe": 4.106438155279804,
      "pm": 11,
      "tm": 12
    },
    "4": {
      "combo": [
        "IDX_PREV_HL",
        "ALL_FIB_618",
        "TOK_FISHER",
        "IDX_3SOLDIERS"
      ],
      "n": 871,
      "pf": 1.397887839325888,
      "wr": 66.24569460390356,
      "mdd": -0.6703949817888534,
      "ret": 5.972798628313787,
      "sharpe": 3.828228722772734,
      "pm": 10,
      "tm": 12
    }
  },
  "PF": {
    "2": {
      "combo": [
        "IDX_PREV_HL",
        "IDX_3SOLDIERS"
      ],
      "n": 501,
      "pf": 1.4184503172304512,
      "wr": 71.6566866267465,
      "mdd": -0.7121171941050531,
      "ret": 3.007779720273,
      "sharpe": 2.9832907738313743,
      "pm": 9,
      "tm": 12
    },
    "3": {
      "combo": [
        "IDX_PREV_HL",
        "IDX_3SOLDIERS",
        "ALL_FIB_618"
      ],
      "n": 732,
      "pf": 1.4530949102652133,
      "wr": 71.31147540983606,
      "mdd": -0.6195636877648215,
      "ret": 4.865226831613734,
      "sharpe": 3.685006203780885,
      "pm": 10,
      "tm": 12
    },
    "4": {
      "combo": [
        "IDX_PREV_HL",
        "IDX_3SOLDIERS",
        "ALL_FIB_618",
        "TOK_FISHER"
      ],
      "n": 871,
      "pf": 1.397887839325888,
      "wr": 66.24569460390356,
      "mdd": -0.6703949817888534,
      "ret": 5.972798628313787,
      "sharpe": 3.828228722772734,
      "pm": 10,
      "tm": 12
    }
  },
  "MinDD": {
    "2": {
      "combo": [
        "IDX_PREV_HL",
        "ALL_FIB_618"
      ],
      "n": 453,
      "pf": 1.4163416652409284,
      "wr": 67.3289183222958,
      "mdd": -0.44618121595833143,
      "ret": 3.124009212855046,
      "sharpe": 2.954377890696042,
      "pm": 9,
      "tm": 12
    },
    "3": {
      "combo": [
        "IDX_PREV_HL",
        "ALL_FIB_618",
        "TOK_FISHER"
      ],
      "n": 689,
      "pf": 1.4276300558257398,
      "wr": 62.554426705370105,
      "mdd": -0.49987069646703136,
      "ret": 5.610954757139872,
      "sharpe": 4.106438155279804,
      "pm": 11,
      "tm": 12
    },
    "4": {
      "combo": [
        "IDX_PREV_HL",
        "ALL_FIB_618",
        "TOK_FISHER",
        "IDX_3SOLDIERS"
      ],
      "n": 871,
      "pf": 1.397887839325888,
      "wr": 66.24569460390356,
      "mdd": -0.6703949817888534,
      "ret": 5.972798628313787,
      "sharpe": 3.828228722772734,
      "pm": 10,
      "tm": 12
    }
  },
  "Sharpe": {
    "2": {
      "combo": [
        "IDX_PREV_HL",
        "IDX_3SOLDIERS"
      ],
      "n": 501,
      "pf": 1.4184503172304512,
      "wr": 71.6566866267465,
      "mdd": -0.7121171941050531,
      "ret": 3.007779720273,
      "sharpe": 2.9832907738313743,
      "pm": 9,
      "tm": 12
    },
    "3": {
      "combo": [
        "IDX_PREV_HL",
        "IDX_3SOLDIERS",
        "ALL_FIB_618"
      ],
      "n": 732,
      "pf": 1.4530949102652133,
      "wr": 71.31147540983606,
      "mdd": -0.6195636877648215,
      "ret": 4.865226831613734,
      "sharpe": 3.685006203780885,
      "pm": 10,
      "tm": 12
    },
    "4": {
      "combo": [
        "IDX_PREV_HL",
        "IDX_3SOLDIERS",
        "ALL_FIB_618",
        "TOK_FISHER"
      ],
      "n": 871,
      "pf": 1.397887839325888,
      "wr": 66.24569460390356,
      "mdd": -0.6703949817888534,
      "ret": 5.972798628313787,
      "sharpe": 3.828228722772734,
      "pm": 10,
      "tm": 12
    }
  },
  "PF*WR": {
    "2": {
      "combo": [
        "IDX_PREV_HL",
        "IDX_3SOLDIERS"
      ],
      "n": 501,
      "pf": 1.4184503172304512,
      "wr": 71.6566866267465,
      "mdd": -0.7121171941050531,
      "ret": 3.007779720273,
      "sharpe": 2.9832907738313743,
      "pm": 9,
      "tm": 12
    },
    "3": {
      "combo": [
        "IDX_PREV_HL",
        "IDX_3SOLDIERS",
        "ALL_FIB_618"
      ],
      "n": 732,
      "pf": 1.4530949102652133,
      "wr": 71.31147540983606,
      "mdd": -0.6195636877648215,
      "ret": 4.865226831613734,
      "sharpe": 3.685006203780885,
      "pm": 10,
      "tm": 12
    },
    "4": {
      "combo": [
        "IDX_PREV_HL",
        "IDX_3SOLDIERS",
        "ALL_FIB_618",
        "TOK_FISHER"
      ],
      "n": 871,
      "pf": 1.397887839325888,
      "wr": 66.24569460390356,
      "mdd": -0.6703949817888534,
      "ret": 5.972798628313787,
      "sharpe": 3.828228722772734,
      "pm": 10,
      "tm": 12
    }
  },
  "Diverse": {
    "2": {
      "combo": [
        "IDX_PREV_HL",
        "IDX_3SOLDIERS"
      ],
      "n": 501,
      "pf": 1.4184503172304512,
      "wr": 71.6566866267465,
      "mdd": -0.7121171941050531,
      "ret": 3.007779720273,
      "sharpe": 2.9832907738313743,
      "pm": 9,
      "tm": 12
    },
    "3": {
      "combo": [
        "IDX_PREV_HL",
        "IDX_3SOLDIERS",
        "TOK_FISHER"
      ],
      "n": 647,
      "pf": 1.363954528502996,
      "wr": 64.76043276661515,
      "mdd": -0.8921417952138581,
      "ret": 4.196848663728626,
      "sharpe": 3.1856461720208284,
      "pm": 9,
      "tm": 12
    },
    "4": {
      "combo": [
        "IDX_PREV_HL",
        "IDX_3SOLDIERS",
        "TOK_FISHER",
        "ALL_FIB_618"
      ],
      "n": 871,
      "pf": 1.397887839325888,
      "wr": 66.24569460390356,
      "mdd": -0.6703949817888534,
      "ret": 5.972798628313787,
      "sharpe": 3.828228722772734,
      "pm": 10,
      "tm": 12
    }
  }
}