{
  "Calmar": {
    "2": {
      "combo": [
        "D8",
        "ALL_DOJI_REV"
      ],
      "n": 409,
      "pf": 1.4253846487402773,
      "wr": 74.81662591687042,
      "mdd": -0.32950440186509156,
      "ret": 2.2194721254692995,
      "sharpe": 2.3488911134183703,
      "pm": 10,
      "tm": 13
    },
    "3": {
      "combo": [
        "D8",
        "ALL_DOJI_REV",
        "ALL_HAMMER"
      ],
      "n": 750,
      "pf": 1.3965032290886374,
      "wr": 75.33333333333333,
      "mdd": -0.4544450746628817,
      "ret": 3.7499914412087088,
      "sharpe": 2.8417735728860407,
      "pm": 11,
      "tm": 13
    },
    "4": {
      "combo": [
        "D8",
        "ALL_DOJI_REV",
        "ALL_HAMMER",
        "IDX_PREV_HL"
      ],
      "n": 986,
      "pf": 1.3917609841992002,
      "wr": 74.54361054766734,
      "mdd": -0.6214048027526443,
      "ret": 5.084080959441752,
      "sharpe": 3.1109092227620114,
      "pm": 10,
      "tm": 13
    }
  },
  "PF": {
    "2": {
      "combo": [
        "D8",
        "IDX_PREV_HL"
      ],
      "n": 280,
      "pf": 1.4703611407266348,
      "wr": 72.5,
      "mdd": -0.39286019812244743,
      "ret": 1.8354789472298725,
      "sharpe": 2.508253387915981,
      "pm": 9,
      "tm": 13
    },
    "3": {
      "combo": [
        "D8",
        "IDX_PREV_HL",
        "ALL_DOJI_REV"
      ],
      "n": 645,
      "pf": 1.4080855771081764,
      "wr": 73.7984496124031,
      "mdd": -0.6412452882622851,
      "ret": 3.5338779964949496,
      "sharpe": 2.678954998771477,
      "pm": 10,
      "tm": 13
    },
    "4": {
      "combo": [
        "D8",
        "IDX_PREV_HL",
        "ALL_DOJI_REV",
        "ALL_HAMMER"
      ],
      "n": 986,
      "pf": 1.3917609841992002,
      "wr": 74.54361054766734,
      "mdd": -0.6214048027526443,
      "ret": 5.084080959441752,
      "sharpe": 3.1109092227620114,
      "pm": 10,
      "tm": 13
    }
  },
  "MinDD": {
    "2": {
      "combo": [
        "D8",
        "ALL_DOJI_REV"
      ],
      "n": 409,
      "pf": 1.4253846487402773,
      "wr": 74.81662591687042,
      "mdd": -0.32950440186509156,
      "ret": 2.2194721254692995,
      "sharpe": 2.3488911134183703,
      "pm": 10,
      "tm": 13
    },
    "3": {
      "combo": [
        "D8",
        "ALL_DOJI_REV",
        "ALL_HAMMER"
      ],
      "n": 750,
      "pf": 1.3965032290886374,
      "wr": 75.33333333333333,
      "mdd": -0.4544450746628817,
      "ret": 3.7499914412087088,
      "sharpe": 2.8417735728860407,
      "pm": 11,
      "tm": 13
    },
    "4": {
      "combo": [
        "D8",
        "ALL_DOJI_REV",
        "ALL_HAMMER",
        "IDX_PREV_HL"
      ],
      "n": 986,
      "pf": 1.3917609841992002,
      "wr": 74.54361054766734,
      "mdd": -0.6214048027526443,
      "ret": 5.084080959441752,
      "sharpe": 3.1109092227620114,
      "pm": 10,
      "tm": 13
    }
  },
  "Sharpe": {
    "2": {
      "combo": [
        "D8",
        "IDX_PREV_HL"
      ],
      "n": 280,
      "pf": 1.4703611407266348,
      "wr": 72.5,
      "mdd": -0.39286019812244743,
      "ret": 1.8354789472298725,
      "sharpe": 2.508253387915981,
      "pm": 9,
      "tm": 13
    },
    "3": {
      "combo": [
        "D8",
        "IDX_PREV_HL",
        "ALL_HAMMER"
      ],
      "n": 646,
      "pf": 1.4015851534209767,
      "wr": 74.14860681114551,
      "mdd": -0.5618650901718759,
      "ret": 3.431666055535519,
      "sharpe": 2.7930778578662054,
      "pm": 10,
      "tm": 13
    },
    "4": {
      "combo": [
        "D8",
        "IDX_PREV_HL",
        "ALL_HAMMER",
        "ALL_DOJI_REV"
      ],
      "n": 986,
      "pf": 1.3917609841992002,
      "wr": 74.54361054766734,
      "mdd": -0.6214048027526443,
      "ret": 5.084080959441752,
      "sharpe": 3.1109092227620114,
      "pm": 10,
      "tm": 13
    }
  },
  "PF*WR": {
    "2": {
      "combo": [
        "D8",
        "ALL_DOJI_REV"
      ],
      "n": 409,
      "pf": 1.4253846487402773,
      "wr": 74.81662591687042,
      "mdd": -0.32950440186509156,
      "ret": 2.2194721254692995,
      "sharpe": 2.3488911134183703,
      "pm": 10,
      "tm": 13
    },
    "3": {
      "combo": [
        "D8",
        "ALL_DOJI_REV",
        "ALL_HAMMER"
      ],
      "n": 750,
      "pf": 1.3965032290886374,
      "wr": 75.33333333333333,
      "mdd": -0.4544450746628817,
      "ret": 3.7499914412087088,
      "sharpe": 2.8417735728860407,
      "pm": 11,
      "tm": 13
    },
    "4": {
      "combo": [
        "D8",
        "ALL_DOJI_REV",
        "ALL_HAMMER",
        "IDX_PREV_HL"
      ],
      "n": 986,
      "pf": 1.3917609841992002,
      "wr": 74.54361054766734,
      "mdd": -0.6214048027526443,
      "ret": 5.084080959441752,
      "sharpe": 3.1109092227620114,
      "pm": 10,
      "tm": 13
    }
  },
  "Diverse": {
    "2": {
      "combo": [
        "D8",
        "IDX_PREV_HL"
      ],
      "n": 280,
      "pf": 1.4703611407266348,
      "wr": 72.5,
      "mdd": -0.39286019812244743,
      "ret": 1.8354789472298725,
      "sharpe": 2.508253387915981,
      "pm": 9,
      "tm": 13
    },
    "3": {
      "combo": [
        "D8",
        "IDX_PREV_HL",
        "ALL_DOJI_REV"
      ],
      "n": 645,
      "pf": 1.4080855771081764,
      "wr": 73.7984496124031,
      "mdd": -0.6412452882622851,
      "ret": 3.5338779964949496,
      "sharpe": 2.678954998771477,
      "pm": 10,
      "tm": 13
    },
    "4": {
      "combo": [
        "D8",
        "IDX_PREV_HL",
        "ALL_DOJI_REV",
        "ALL_HAMMER"
      ],
      "n": 986,
      "pf": 1.3917609841992002,
      "wr": 74.54361054766734,
      "mdd": -0.6214048027526443,
      "ret": 5.084080959441752,
      "sharpe": 3.1109092227620114,
      "pm": 10,
      "tm": 13
    }
  }
}