{
  "Calmar": {
    "2": {
      "combo": [
        "IDX_CONSEC_REV",
        "ALL_SUPERTREND"
      ],
      "n": 501,
      "pf": 1.5397911971847644,
      "wr": 67.26546906187625,
      "mdd": -0.4058212023106218,
      "ret": 4.529577513522731,
      "sharpe": 3.6249035270665786,
      "pm": 12,
      "tm": 13
    },
    "3": {
      "combo": [
        "IDX_CONSEC_REV",
        "ALL_SUPERTREND",
        "ALL_RSI_EXTREME"
      ],
      "n": 720,
      "pf": 1.5591469808133682,
      "wr": 69.02777777777777,
      "mdd": -0.511112183594834,
      "ret": 6.463714485755641,
      "sharpe": 4.415320147730557,
      "pm": 12,
      "tm": 13
    },
    "4": {
      "combo": [
        "IDX_CONSEC_REV",
        "ALL_SUPERTREND",
        "ALL_RSI_EXTREME",
        "ALL_PSAR_EMA"
      ],
      "n": 974,
      "pf": 1.5280577667312478,
      "wr": 68.6858316221766,
      "mdd": -0.6583179399062027,
      "ret": 8.387614639352396,
      "sharpe": 4.170450636739916,
      "pm": 13,
      "tm": 13
    },
    "5": {
      "combo": [
        "IDX_CONSEC_REV",
        "ALL_SUPERTREND",
        "ALL_RSI_EXTREME",
        "ALL_PSAR_EMA",
        "IDX_RSI_REV"
      ],
      "n": 1194,
      "pf": 1.5375293630958395,
      "wr": 69.43048576214406,
      "mdd": -0.7728946313039243,
      "ret": 10.355427788943242,
      "sharpe": 4.308821682607095,
      "pm": 12,
      "tm": 13
    },
    "6": {
      "combo": [
        "IDX_CONSEC_REV",
        "ALL_SUPERTREND",
        "ALL_RSI_EXTREME",
        "ALL_PSAR_EMA",
        "IDX_RSI_REV",
        "ALL_LR_BREAK"
      ],
      "n": 1447,
      "pf": 1.492314901343835,
      "wr": 67.38078783690395,
      "mdd": -1.1112590626835872,
      "ret": 12.370968166092469,
      "sharpe": 4.433763113271599,
      "pm": 10,
      "tm": 13
    }
  },
  "PF": {
    "2": {
      "combo": [
        "IDX_CONSEC_REV",
        "ALL_SUPERTREND"
      ],
      "n": 501,
      "pf": 1.5397911971847644,
      "wr": 67.26546906187625,
      "mdd": -0.4058212023106218,
      "ret": 4.529577513522731,
      "sharpe": 3.6249035270665786,
      "pm": 12,
      "tm": 13
    },
    "3": {
      "combo": [
        "IDX_CONSEC_REV",
        "ALL_SUPERTREND",
        "ALL_RSI_EXTREME"
      ],
      "n": 720,
      "pf": 1.5591469808133682,
      "wr": 69.02777777777777,
      "mdd": -0.511112183594834,
      "ret": 6.463714485755641,
      "sharpe": 4.415320147730557,
      "pm": 12,
      "tm": 13
    },
    "4": {
      "combo": [
        "IDX_CONSEC_REV",
        "ALL_SUPERTREND",
        "ALL_RSI_EXTREME",
        "IDX_RSI_REV"
      ],
      "n": 941,
      "pf": 1.565511176777873,
      "wr": 69.92561105207227,
      "mdd": -0.7119341793442595,
      "ret": 8.409149432602513,
      "sharpe": 4.288536677020509,
      "pm": 12,
      "tm": 13
    },
    "5": {
      "combo": [
        "IDX_CONSEC_REV",
        "ALL_SUPERTREND",
        "ALL_RSI_EXTREME",
        "IDX_RSI_REV",
        "ALL_PSAR_EMA"
      ],
      "n": 1194,
      "pf": 1.5375293630958395,
      "wr": 69.43048576214406,
      "mdd": -0.7728946313039243,
      "ret": 10.355427788943242,
      "sharpe": 4.308821682607095,
      "pm": 12,
      "tm": 13
    },
    "6": {
      "combo": [
        "IDX_CONSEC_REV",
        "ALL_SUPERTREND",
        "ALL_RSI_EXTREME",
        "IDX_RSI_REV",
        "ALL_PSAR_EMA",
        "ALL_LR_BREAK"
      ],
      "n": 1447,
      "pf": 1.492314901343835,
      "wr": 67.38078783690395,
      "mdd": -1.1112590626835872,
      "ret": 12.370968166092469,
      "sharpe": 4.433763113271599,
      "pm": 10,
      "tm": 13
    }
  },
  "MinDD": {
    "2": {
      "combo": [
        "IDX_CONSEC_REV",
        "ALL_PSAR_EMA"
      ],
      "n": 502,
      "pf": 1.5321855910308364,
      "wr": 67.13147410358566,
      "mdd": -0.4058212023106117,
      "ret": 4.492049559541323,
      "sharpe": 3.575927304347705,
      "pm": 12,
      "tm": 13
    },
    "3": {
      "combo": [
        "IDX_CONSEC_REV",
        "ALL_PSAR_EMA",
        "ALL_RSI_EXTREME"
      ],
      "n": 720,
      "pf": 1.5524379525746306,
      "wr": 68.88888888888889,
      "mdd": -0.5111121835949054,
      "ret": 6.413116401812615,
      "sharpe": 4.374007878776719,
      "pm": 12,
      "tm": 13
    },
    "4": {
      "combo": [
        "IDX_CONSEC_REV",
        "ALL_PSAR_EMA",
        "ALL_RSI_EXTREME",
        "ALL_SUPERTREND"
      ],
      "n": 974,
      "pf": 1.5280577667312478,
      "wr": 68.6858316221766,
      "mdd": -0.6583179399062027,
      "ret": 8.387614639352396,
      "sharpe": 4.170450636739916,
      "pm": 13,
      "tm": 13
    },
    "5": {
      "combo": [
        "IDX_CONSEC_REV",
        "ALL_PSAR_EMA",
        "ALL_RSI_EXTREME",
        "ALL_SUPERTREND",
        "IDX_RSI_REV"
      ],
      "n": 1194,
      "pf": 1.5375293630958395,
      "wr": 69.43048576214406,
      "mdd": -0.7728946313039243,
      "ret": 10.355427788943242,
      "sharpe": 4.308821682607095,
      "pm": 12,
      "tm": 13
    },
    "6": {
      "combo": [
        "IDX_CONSEC_REV",
        "ALL_PSAR_EMA",
        "ALL_RSI_EXTREME",
        "ALL_SUPERTREND",
        "IDX_RSI_REV",
        "ALL_LR_BREAK"
      ],
      "n": 1447,
      "pf": 1.492314901343835,
      "wr": 67.38078783690395,
      "mdd": -1.1112590626835872,
      "ret": 12.370968166092469,
      "sharpe": 4.433763113271599,
      "pm": 10,
      "tm": 13
    }
  },
  "Sharpe": {
    "2": {
      "combo": [
        "IDX_CONSEC_REV",
        "ALL_SUPERTREND"
      ],
      "n": 501,
      "pf": 1.5397911971847644,
      "wr": 67.26546906187625,
      "mdd": -0.4058212023106218,
      "ret": 4.529577513522731,
      "sharpe": 3.6249035270665786,
      "pm": 12,
      "tm": 13
    },
    "3": {
      "combo": [
        "IDX_CONSEC_REV",
        "ALL_SUPERTREND",
        "ALL_RSI_EXTREME"
      ],
      "n": 720,
      "pf": 1.5591469808133682,
      "wr": 69.02777777777777,
      "mdd": -0.511112183594834,
      "ret": 6.463714485755641,
      "sharpe": 4.415320147730557,
      "pm": 12,
      "tm": 13
    },
    "4": {
      "combo": [
        "IDX_CONSEC_REV",
        "ALL_SUPERTREND",
        "ALL_RSI_EXTREME",
        "IDX_RSI_REV"
      ],
      "n": 941,
      "pf": 1.565511176777873,
      "wr": 69.92561105207227,
      "mdd": -0.7119341793442595,
      "ret": 8.409149432602513,
      "sharpe": 4.288536677020509,
      "pm": 12,
      "tm": 13
    },
    "5": {
      "combo": [
        "IDX_CONSEC_REV",
        "ALL_SUPERTREND",
        "ALL_RSI_EXTREME",
        "IDX_RSI_REV",
        "ALL_LR_BREAK"
      ],
      "n": 1195,
      "pf": 1.5028120175585464,
      "wr": 67.36401673640168,
      "mdd": -0.9785697974023291,
      "ret": 10.390895996413121,
      "sharpe": 4.396863426460553,
      "pm": 9,
      "tm": 13
    },
    "6": {
      "combo": [
        "IDX_CONSEC_REV",
        "ALL_SUPERTREND",
        "ALL_RSI_EXTREME",
        "IDX_RSI_REV",
        "ALL_LR_BREAK",
        "ALL_PSAR_EMA"
      ],
      "n": 1447,
      "pf": 1.492314901343835,
      "wr": 67.38078783690395,
      "mdd": -1.1112590626835872,
      "ret": 12.370968166092469,
      "sharpe": 4.433763113271599,
      "pm": 10,
      "tm": 13
    }
  },
  "PF*WR": {
    "2": {
      "combo": [
        "IDX_CONSEC_REV",
        "ALL_RSI_EXTREME"
      ],
      "n": 532,
      "pf": 1.504232591500307,
      "wr": 68.98496240601504,
      "mdd": -0.5635080749144942,
      "ret": 4.2816863235614875,
      "sharpe": 3.3404765292222125,
      "pm": 11,
      "tm": 13
    },
    "3": {
      "combo": [
        "IDX_CONSEC_REV",
        "ALL_RSI_EXTREME",
        "ALL_SUPERTREND"
      ],
      "n": 720,
      "pf": 1.5591469808133682,
      "wr": 69.02777777777777,
      "mdd": -0.511112183594834,
      "ret": 6.463714485755641,
      "sharpe": 4.415320147730557,
      "pm": 12,
      "tm": 13
    },
    "4": {
      "combo": [
        "IDX_CONSEC_REV",
        "ALL_RSI_EXTREME",
        "ALL_SUPERTREND",
        "IDX_RSI_REV"
      ],
      "n": 941,