{
  "Calmar": {
    "2": {
      "combo": [
        "TOK_BIG",
        "ALL_EMA_921"
      ],
      "n": 372,
      "pf": 1.8702517575042221,
      "wr": 69.08602150537635,
      "mdd": -0.06128789412561987,
      "ret": 1.0044315473364258,
      "sharpe": 7.655787810458509,
      "pm": 12,
      "tm": 13
    },
    "3": {
      "combo": [
        "TOK_BIG",
        "ALL_EMA_921",
        "ALL_MSTAR"
      ],
      "n": 454,
      "pf": 1.7776186837100025,
      "wr": 69.8237885462555,
      "mdd": -0.060510400655935666,
      "ret": 1.0700663429735577,
      "sharpe": 7.975808257189707,
      "pm": 12,
      "tm": 13
    },
    "4": {
      "combo": [
        "TOK_BIG",
        "ALL_EMA_921",
        "ALL_MSTAR",
        "ALL_ELDER_BULL"
      ],
      "n": 604,
      "pf": 1.8494966492891478,
      "wr": 73.84105960264901,
      "mdd": -0.08070604288507714,
      "ret": 1.3495649864260486,
      "sharpe": 8.819161279310745,
      "pm": 12,
      "tm": 13
    },
    "5": {
      "combo": [
        "TOK_BIG",
        "ALL_EMA_921",
        "ALL_MSTAR",
        "ALL_ELDER_BULL",
        "ALL_MACD_ADX"
      ],
      "n": 765,
      "pf": 1.629323748435661,
      "wr": 69.15032679738562,
      "mdd": -0.12923561497117628,
      "ret": 1.4932086116755383,
      "sharpe": 8.178161941529007,
      "pm": 12,
      "tm": 13
    }
  },
  "PF": {
    "2": {
      "combo": [
        "TOK_BIG",
        "ALL_EMA_921"
      ],
      "n": 372,
      "pf": 1.8702517575042221,
      "wr": 69.08602150537635,
      "mdd": -0.06128789412561987,
      "ret": 1.0044315473364258,
      "sharpe": 7.655787810458509,
      "pm": 12,
      "tm": 13
    },
    "3": {
      "combo": [
        "TOK_BIG",
        "ALL_EMA_921",
        "ALL_ELDER_BULL"
      ],
      "n": 529,
      "pf": 1.8621570014699096,
      "wr": 73.15689981096408,
      "mdd": -0.07376289211874879,
      "ret": 1.2296039549996494,
      "sharpe": 8.150996867786073,
      "pm": 11,
      "tm": 13
    },
    "4": {
      "combo": [
        "TOK_BIG",
        "ALL_EMA_921",
        "ALL_ELDER_BULL",
        "ALL_MSTAR"
      ],
      "n": 604,
      "pf": 1.8494966492891478,
      "wr": 73.84105960264901,
      "mdd": -0.08070604288507714,
      "ret": 1.3495649864260486,
      "sharpe": 8.819161279310745,
      "pm": 12,
      "tm": 13
    },
    "5": {
      "combo": [
        "TOK_BIG",
        "ALL_EMA_921",
        "ALL_ELDER_BULL",
        "ALL_MSTAR",
        "ALL_MACD_ADX"
      ],
      "n": 765,
      "pf": 1.629323748435661,
      "wr": 69.15032679738562,
      "mdd": -0.12923561497117628,
      "ret": 1.4932086116755383,
      "sharpe": 8.178161941529007,
      "pm": 12,
      "tm": 13
    }
  },
  "MinDD": {
    "2": {
      "combo": [
        "TOK_BIG",
        "ALL_EMA_921"
      ],
      "n": 372,
      "pf": 1.8702517575042221,
      "wr": 69.08602150537635,
      "mdd": -0.06128789412561987,
      "ret": 1.0044315473364258,
      "sharpe": 7.655787810458509,
      "pm": 12,
      "tm": 13
    },
    "3": {
      "combo": [
        "TOK_BIG",
        "ALL_EMA_921",
        "ALL_MSTAR"
      ],
      "n": 454,
      "pf": 1.7776186837100025,
      "wr": 69.8237885462555,
      "mdd": -0.060510400655935666,
      "ret": 1.0700663429735577,
      "sharpe": 7.975808257189707,
      "pm": 12,
      "tm": 13
    },
    "4": {
      "combo": [
        "TOK_BIG",
        "ALL_EMA_921",
        "ALL_MSTAR",
        "ALL_ELDER_BULL"
      ],
      "n": 604,
      "pf": 1.8494966492891478,
      "wr": 73.84105960264901,
      "mdd": -0.08070604288507714,
      "ret": 1.3495649864260486,
      "sharpe": 8.819161279310745,
      "pm": 12,
      "tm": 13
    },
    "5": {
      "combo": [
        "TOK_BIG",
        "ALL_EMA_921",
        "ALL_MSTAR",
        "ALL_ELDER_BULL",
        "ALL_MACD_ADX"
      ],
      "n": 765,
      "pf": 1.629323748435661,
      "wr": 69.15032679738562,
      "mdd": -0.12923561497117628,
      "ret": 1.4932086116755383,
      "sharpe": 8.178161941529007,
      "pm": 12,
      "tm": 13
    }
  },
  "Sharpe": {
    "2": {
      "combo": [
        "TOK_BIG",
        "ALL_EMA_921"
      ],
      "n": 372,
      "pf": 1.8702517575042221,
      "wr": 69.08602150537635,
      "mdd": -0.06128789412561987,
      "ret": 1.0044315473364258,
      "sharpe": 7.655787810458509,
      "pm": 12,
      "tm": 13
    },
    "3": {
      "combo": [
        "TOK_BIG",
        "ALL_EMA_921",
        "ALL_ELDER_BULL"
      ],
      "n": 529,
      "pf": 1.8621570014699096,
      "wr": 73.15689981096408,
      "mdd": -0.07376289211874879,
      "ret": 1.2296039549996494,
      "sharpe": 8.150996867786073,
      "pm": 11,
      "tm": 13
    },
    "4": {
      "combo": [
        "TOK_BIG",
        "ALL_EMA_921",
        "ALL_ELDER_BULL",
        "ALL_MSTAR"
      ],
      "n": 604,
      "pf": 1.8494966492891478,
      "wr": 73.84105960264901,
      "mdd": -0.08070604288507714,
      "ret": 1.3495649864260486,
      "sharpe": 8.819161279310745,
      "pm": 12,
      "tm": 13
    },
    "5": {
      "combo": [
        "TOK_BIG",
        "ALL_EMA_921",
        "ALL_ELDER_BULL",
        "ALL_MSTAR",
        "ALL_MACD_ADX"
      ],
      "n": 765,
      "pf": 1.629323748435661,
      "wr": 69.15032679738562,
      "mdd": -0.12923561497117628,
      "ret": 1.4932086116755383,
      "sharpe": 8.178161941529007,
      "pm": 12,
      "tm": 13
    }
  },
  "PF*WR": {
    "2": {
      "combo": [
        "TOK_BIG",
        "ALL_EMA_921"
      ],
      "n": 372,
      "pf": 1.8702517575042221,
      "wr": 69.08602150537635,
      "mdd": -0.06128789412561987,
      "ret": 1.0044315473364258,
      "sharpe": 7.655787810458509,
      "pm": 12,
      "tm": 13
    },
    "3": {
      "combo": [
        "TOK_BIG",
        "ALL_EMA_921",
        "ALL_ELDER_BULL"
      ],
      "n": 529,
      "pf": 1.8621570014699096,
      "wr": 73.15689981096408,
      "mdd": -0.07376289211874879,
      "ret": 1.2296039549996494,
      "sharpe": 8.150996867786073,
      "pm": 11,
      "tm": 13
    },
    "4": {
      "combo": [
        "TOK_BIG",
        "ALL_EMA_921",
        "ALL_ELDER_BULL",
        "ALL_MSTAR"
      ],
      "n": 604,
      "pf": 1.8494966492891478,
      "wr": 73.84105960264901,
      "mdd": -0.08070604288507714,
      "ret": 1.3495649864260486,
      "sharpe": 8.819161279310745,
      "pm": 12,
      "tm": 13
    },
    "5": {
      "combo": [
        "TOK_BIG",
        "ALL_EMA_921",
        "ALL_ELDER_BULL",
        "ALL_MSTAR",
        "ALL_MACD_ADX"
      ],
      "n": 765,
      "pf": 1.629323748435661,
      "wr": 69.15032679738562,
      "mdd": -0.12923561497117628,
      "ret": 1.4932086116755383,
      "sharpe": 8.178161941529007,
      "pm": 12,
      "tm": 13
    }
  },
  "Diverse": {
    "2": {
      "combo": [
        "TOK_BIG",
        "ALL_EMA_921"
      ],
      "n": 372,
      "pf": 1.8702517575042221,
      "wr": 69.08602150537635,
      "mdd": -0.06128789412561987,
      "ret": 1.0044315473364258,
      "sharpe": 7.655787810458509,
      "pm": 12,
      "tm": 13
    },
    "3": {
      "combo": [
        "TOK_BIG",
        "ALL_EMA_921",
        "ALL_ELDER_BULL"
      ],
      "n": 529,
      "pf": 1.8621570014699096,
      "wr": 73.15689981096408,
      "mdd": -0.07376289211874879,
      "ret": 1.2296039549996494,
      "sharpe": 8.150996867786073,
      "pm": 11,
      "tm": 13
    },
    "4": {
      "combo": [
        "TOK_BIG",
        "ALL_EMA_921",
        "ALL_ELDER_BULL",
        "ALL_MSTAR"
      ],
      "n": 604,
      "pf": 1.8494966492891478,
      "wr": 73.84105960264901,
      "mdd": -0.08070604288507714,
      "ret": 1.3495649864260486,
      "sharpe": 8.819161279310745,
      "pm": 12,
      "tm": 13
    },
    "5": {
      "combo": [
        "TOK_BIG",
        "ALL_EMA_921",
        "ALL_ELDER_BULL",
        "ALL_MSTAR",
        "ALL_MACD_ADX"
      ],
      "n": 765,
      "pf": 1.629323748435661,
      "wr": 69.15032679738562,
      "mdd": -0.12923561497117628,