{
  "Calmar": {
    "2": {
      "combo": [
        "D8",
        "ALL_STOCH_PIVOT"
      ],
      "n": 289,
      "pf": 1.6916557447665501,
      "wr": 82.69896193771626,
      "mdd": -0.4052162029068756,
      "ret": 1.7544291701572365,
      "sharpe": 3.7296585021560897,
      "pm": 10,
      "tm": 13
    },
    "3": {
      "combo": [
        "D8",
        "ALL_STOCH_PIVOT",
        "IDX_NY_MOM"
      ],
      "n": 581,
      "pf": 1.3524147806997786,
      "wr": 73.66609294320138,
      "mdd": -0.625982410226329,
      "ret": 2.749968239355017,
      "sharpe": 2.7022387946979425,
      "pm": 10,
      "tm": 13
    }
  },
  "PF": {
    "2": {
      "combo": [
        "D8",
        "ALL_STOCH_PIVOT"
      ],
      "n": 289,
      "pf": 1.6916557447665501,
      "wr": 82.69896193771626,
      "mdd": -0.4052162029068756,
      "ret": 1.7544291701572365,
      "sharpe": 3.7296585021560897,
      "pm": 10,
      "tm": 13
    },
    "3": {
      "combo": [
        "D8",
        "ALL_STOCH_PIVOT",
        "IDX_NY_MOM"
      ],
      "n": 581,
      "pf": 1.3524147806997786,
      "wr": 73.66609294320138,
      "mdd": -0.625982410226329,
      "ret": 2.749968239355017,
      "sharpe": 2.7022387946979425,
      "pm": 10,
      "tm": 13
    }
  },
  "MinDD": {
    "2": {
      "combo": [
        "D8",
        "ALL_STOCH_PIVOT"
      ],
      "n": 289,
      "pf": 1.6916557447665501,
      "wr": 82.69896193771626,
      "mdd": -0.4052162029068756,
      "ret": 1.7544291701572365,
      "sharpe": 3.7296585021560897,
      "pm": 10,
      "tm": 13
    },
    "3": {
      "combo": [
        "D8",
        "ALL_STOCH_PIVOT",
        "IDX_NY_MOM"
      ],
      "n": 581,
      "pf": 1.3524147806997786,
      "wr": 73.66609294320138,
      "mdd": -0.625982410226329,
      "ret": 2.749968239355017,
      "sharpe": 2.7022387946979425,
      "pm": 10,
      "tm": 13
    }
  },
  "Sharpe": {
    "2": {
      "combo": [
        "D8",
        "ALL_STOCH_PIVOT"
      ],
      "n": 289,
      "pf": 1.6916557447665501,
      "wr": 82.69896193771626,
      "mdd": -0.4052162029068756,
      "ret": 1.7544291701572365,
      "sharpe": 3.7296585021560897,
      "pm": 10,
      "tm": 13
    },
    "3": {
      "combo": [
        "D8",
        "ALL_STOCH_PIVOT",
        "IDX_NY_MOM"
      ],
      "n": 581,
      "pf": 1.3524147806997786,
      "wr": 73.66609294320138,
      "mdd": -0.625982410226329,
      "ret": 2.749968239355017,
      "sharpe": 2.7022387946979425,
      "pm": 10,
      "tm": 13
    }
  },
  "PF*WR": {
    "2": {
      "combo": [
        "D8",
        "ALL_STOCH_PIVOT"
      ],
      "n": 289,
      "pf": 1.6916557447665501,
      "wr": 82.69896193771626,
      "mdd": -0.4052162029068756,
      "ret": 1.7544291701572365,
      "sharpe": 3.7296585021560897,
      "pm": 10,
      "tm": 13
    },
    "3": {
      "combo": [
        "D8",
        "ALL_STOCH_PIVOT",
        "IDX_NY_MOM"
      ],
      "n": 581,
      "pf": 1.3524147806997786,
      "wr": 73.66609294320138,
      "mdd": -0.625982410226329,
      "ret": 2.749968239355017,
      "sharpe": 2.7022387946979425,
      "pm": 10,
      "tm": 13
    }
  },
  "Diverse": {
    "2": {
      "combo": [
        "D8",
        "ALL_STOCH_PIVOT"
      ],
      "n": 289,
      "pf": 1.6916557447665501,
      "wr": 82.69896193771626,
      "mdd": -0.4052162029068756,
      "ret": 1.7544291701572365,
      "sharpe": 3.7296585021560897,
      "pm": 10,
      "tm": 13
    },
    "3": {
      "combo": [
        "D8",
        "ALL_STOCH_PIVOT",
        "IDX_NY_MOM"
      ],
      "n": 581,
      "pf": 1.3524147806997786,
      "wr": 73.66609294320138,
      "mdd": -0.625982410226329,
      "ret": 2.749968239355017,
      "sharpe": 2.7022387946979425,
      "pm": 10,
      "tm": 13
    }
  }
}