{
  "Calmar": {
    "2": {
      "combo": [
        "ALL_MSTAR",
        "ALL_CCI_100"
      ],
      "n": 320,
      "pf": 1.7398242048399315,
      "wr": 82.1875,
      "mdd": -0.20271527225708313,
      "ret": 2.123775054135229,
      "sharpe": 5.618462673937033,
      "pm": 12,
      "tm": 13
    },
    "3": {
      "combo": [
        "ALL_MSTAR",
        "ALL_CCI_100",
        "ALL_TRIX"
      ],
      "n": 525,
      "pf": 1.7899458154906547,
      "wr": 80.95238095238095,
      "mdd": -0.31037997656482563,
      "ret": 3.9943055931545386,
      "sharpe": 6.941075617670881,
      "pm": 11,
      "tm": 13
    },
    "4": {
      "combo": [
        "ALL_MSTAR",
        "ALL_CCI_100",
        "ALL_TRIX",
        "ALL_KB_SQUEEZE"
      ],
      "n": 648,
      "pf": 1.7271036521794207,
      "wr": 79.01234567901234,
      "mdd": -0.42771359806026993,
      "ret": 5.027530715733243,
      "sharpe": 7.339401063729993,
      "pm": 11,
      "tm": 13
    },
    "5": {
      "combo": [
        "ALL_MSTAR",
        "ALL_CCI_100",
        "ALL_TRIX",
        "ALL_KB_SQUEEZE",
        "ALL_RSI_50"
      ],
      "n": 878,
      "pf": 1.5785702874252727,
      "wr": 67.65375854214123,
      "mdd": -0.8047149864022554,
      "ret": 8.438528917703545,
      "sharpe": 6.2520943037505825,
      "pm": 11,
      "tm": 13
    },
    "6": {
      "combo": [
        "ALL_MSTAR",
        "ALL_CCI_100",
        "ALL_TRIX",
        "ALL_KB_SQUEEZE",
        "ALL_RSI_50",
        "TOK_BIG"
      ],
      "n": 1024,
      "pf": 1.5124290128943498,
      "wr": 65.0390625,
      "mdd": -0.7488266241438976,
      "ret": 9.471881872238052,
      "sharpe": 5.7491709038924546,
      "pm": 12,
      "tm": 13
    },
    "7": {
      "combo": [
        "ALL_MSTAR",
        "ALL_CCI_100",
        "ALL_TRIX",
        "ALL_KB_SQUEEZE",
        "ALL_RSI_50",
        "TOK_BIG",
        "IDX_CONSEC_REV"
      ],
      "n": 1151,
      "pf": 1.4813359691541736,
      "wr": 64.72632493483927,
      "mdd": -0.9396915505294203,
      "ret": 9.89465624451288,
      "sharpe": 5.595307393608438,
      "pm": 10,
      "tm": 13
    }
  },
  "PF": {
    "2": {
      "combo": [
        "ALL_MSTAR",
        "ALL_CCI_100"
      ],
      "n": 320,
      "pf": 1.7398242048399315,
      "wr": 82.1875,
      "mdd": -0.20271527225708313,
      "ret": 2.123775054135229,
      "sharpe": 5.618462673937033,
      "pm": 12,
      "tm": 13
    },
    "3": {
      "combo": [
        "ALL_MSTAR",
        "ALL_CCI_100",
        "ALL_TRIX"
      ],
      "n": 525,
      "pf": 1.7899458154906547,
      "wr": 80.95238095238095,
      "mdd": -0.31037997656482563,
      "ret": 3.9943055931545386,
      "sharpe": 6.941075617670881,
      "pm": 11,
      "tm": 13
    },
    "4": {
      "combo": [
        "ALL_MSTAR",
        "ALL_CCI_100",
        "ALL_TRIX",
        "ALL_KB_SQUEEZE"
      ],
      "n": 648,
      "pf": 1.7271036521794207,
      "wr": 79.01234567901234,
      "mdd": -0.42771359806026993,
      "ret": 5.027530715733243,
      "sharpe": 7.339401063729993,
      "pm": 11,
      "tm": 13
    },
    "5": {
      "combo": [
        "ALL_MSTAR",
        "ALL_CCI_100",
        "ALL_TRIX",
        "ALL_KB_SQUEEZE",
        "IDX_CONSEC_REV"
      ],
      "n": 792,
      "pf": 1.5978797164296665,
      "wr": 75.63131313131312,
      "mdd": -0.5552669737896425,
      "ret": 5.549313809486397,
      "sharpe": 6.467248650203172,
      "pm": 10,
      "tm": 13
    },
    "6": {
      "combo": [
        "ALL_MSTAR",
        "ALL_CCI_100",
        "ALL_TRIX",
        "ALL_KB_SQUEEZE",
        "IDX_CONSEC_REV",
        "TOK_BIG"
      ],
      "n": 933,
      "pf": 1.5173552705874387,
      "wr": 71.59699892818864,
      "mdd": -0.8775023298998066,
      "ret": 6.8014809222610495,
      "sharpe": 5.666511110113563,
      "pm": 10,
      "tm": 13
    },
    "7": {
      "combo": [
        "ALL_MSTAR",
        "ALL_CCI_100",
        "ALL_TRIX",
        "ALL_KB_SQUEEZE",
        "IDX_CONSEC_REV",
        "TOK_BIG",
        "ALL_RSI_50"
      ],
      "n": 1151,
      "pf": 1.4813359691541736,
      "wr": 64.72632493483927,
      "mdd": -0.9396915505294203,
      "ret": 9.89465624451288,
      "sharpe": 5.595307393608438,
      "pm": 10,
      "tm": 13
    }
  },
  "MinDD": {
    "2": {
      "combo": [
        "ALL_MSTAR",
        "ALL_CCI_100"
      ],
      "n": 320,
      "pf": 1.7398242048399315,
      "wr": 82.1875,
      "mdd": -0.20271527225708313,
      "ret": 2.123775054135229,
      "sharpe": 5.618462673937033,
      "pm": 12,
      "tm": 13
    },
    "3": {
      "combo": [
        "ALL_MSTAR",
        "ALL_CCI_100",
        "ALL_KB_SQUEEZE"
      ],
      "n": 448,
      "pf": 1.6910388147323172,
      "wr": 79.24107142857143,
      "mdd": -0.288050798084877,
      "ret": 3.255792656012534,
      "sharpe": 6.925398825969999,
      "pm": 12,
      "tm": 13
    },
    "4": {
      "combo": [
        "ALL_MSTAR",
        "ALL_CCI_100",
        "ALL_KB_SQUEEZE",
        "ALL_TRIX"
      ],
      "n": 648,
      "pf": 1.7271036521794207,
      "wr": 79.01234567901234,
      "mdd": -0.42771359806026993,
      "ret": 5.027530715733243,
      "sharpe": 7.339401063729993,
      "pm": 11,
      "tm": 13
    },
    "5": {
      "combo": [
        "ALL_MSTAR",
        "ALL_CCI_100",
        "ALL_KB_SQUEEZE",
        "ALL_TRIX",
        "IDX_CONSEC_REV"
      ],
      "n": 792,
      "pf": 1.5978797164296665,
      "wr": 75.63131313131312,
      "mdd": -0.5552669737896425,
      "ret": 5.549313809486397,
      "sharpe": 6.467248650203172,
      "pm": 10,
      "tm": 13
    },
    "6": {
      "combo": [
        "ALL_MSTAR",
        "ALL_CCI_100",
        "ALL_KB_SQUEEZE",
        "ALL_TRIX",
        "IDX_CONSEC_REV",
        "ALL_RSI_50"
      ],
      "n": 1016,
      "pf": 1.5166397998925105,
      "wr": 66.73228346456693,
      "mdd": -0.7772137220978027,
      "ret": 8.726141238022946,
      "sharpe": 5.9473690452405235,
      "pm": 11,
      "tm": 13
    },
    "7": {
      "combo": [
        "ALL_MSTAR",
        "ALL_CCI_100",
        "ALL_KB_SQUEEZE",
        "ALL_TRIX",
        "IDX_CONSEC_REV",
        "ALL_RSI_50",
        "TOK_BIG"
      ],
      "n": 1151,
      "pf": 1.4813359691541736,
      "wr": 64.72632493483927,
      "mdd": -0.9396915505294203,
      "ret": 9.89465624451288,
      "sharpe": 5.595307393608438,
      "pm": 10,
      "tm": 13
    }
  },
  "Sharpe": {
    "2": {
      "combo": [
        "ALL_MSTAR",
        "ALL_CCI_100"
      ],
      "n": 320,
      "pf": 1.7398242048399315,
      "wr": 82.1875,
      "mdd": -0.20271527225708313,
      "ret": 2.123775054135229,
      "sharpe": 5.618462673937033,
      "pm": 12,
      "tm": 13
    },
    "3": {
      "combo": [
        "ALL_MSTAR",
        "ALL_CCI_100",
        "ALL_TRIX"
      ],
      "n": 525,
      "pf": 1.7899458154906547,
      "wr": 80.95238095238095,
      "mdd": -0.31037997656482563,
      "ret": 3.9943055931545386,
      "sharpe": 6.941075617670881,
      "pm": 11,
      "tm": 13
    },
    "4": {
      "combo": [
        "ALL_MSTAR",
        "ALL_CCI_100",
        "ALL_TRIX",
        "ALL_KB_SQUEEZE"
      ],
      "n": 648,
      "pf": 1.7271036521794207,
      "wr": 79.01234567901234,
      "mdd": -0.42771359806026993,
      "ret": 5.027530715733243,
      "sharpe": 7.339401063729993,
      "pm": 11,
      "tm": 13
    },
    "5": {
      "combo": [
        "ALL_MSTAR",
        "ALL_CCI_100",
        "ALL_TRIX",
        "ALL_KB_SQUEEZE",
        "IDX_CONSEC_REV"
      ],
      "n": 792,
      "pf": 1.5978797164296665,
      "wr": 75.63131313131312,
      "mdd": -0.5552669737896425,
      "ret": 5.549313809486397,
      "sharpe": 6.467248650203172,
      "pm": 10,
      "tm": 13
    },
    "6": {
      "combo": [
        "ALL_MSTAR",
        "ALL_CCI_100",
        "ALL_TRIX",
        "ALL_KB_SQUEEZE",
        "IDX_CONSEC_REV",
        "ALL_RSI_50"
      ],
      "n": 1016,
      "pf": 1.5166397998925105,