{
  "Calmar": {
    "2": {
      "combo": [
        "D8",
        "IDX_NY_MOM"
      ],
      "n": 521,
      "pf": 1.614181945121014,
      "wr": 74.28023032629558,
      "mdd": -1.2216067796135361,
      "ret": 17.92137806315947,
      "sharpe": 3.0106383757836768,
      "pm": 21,
      "tm": 25
    }
  },
  "PF": {
    "2": {
      "combo": [
        "D8",
        "IDX_NY_MOM"
      ],
      "n": 521,
      "pf": 1.614181945121014,
      "wr": 74.28023032629558,
      "mdd": -1.2216067796135361,
      "ret": 17.92137806315947,
      "sharpe": 3.0106383757836768,
      "pm": 21,
      "tm": 25
    }
  },
  "MinDD": {
    "2": {
      "combo": [
        "D8",
        "IDX_NY_MOM"
      ],
      "n": 521,
      "pf": 1.614181945121014,
      "wr": 74.28023032629558,
      "mdd": -1.2216067796135361,
      "ret": 17.92137806315947,
      "sharpe": 3.0106383757836768,
      "pm": 21,
      "tm": 25
    }
  },
  "Sharpe": {
    "2": {
      "combo": [
        "D8",
        "IDX_NY_MOM"
      ],
      "n": 521,
      "pf": 1.614181945121014,
      "wr": 74.28023032629558,
      "mdd": -1.2216067796135361,
      "ret": 17.92137806315947,
      "sharpe": 3.0106383757836768,
      "pm": 21,
      "tm": 25
    }
  },
  "PF*WR": {
    "2": {
      "combo": [
        "D8",
        "IDX_NY_MOM"
      ],
      "n": 521,
      "pf": 1.614181945121014,
      "wr": 74.28023032629558,
      "mdd": -1.2216067796135361,
      "ret": 17.92137806315947,
      "sharpe": 3.0106383757836768,
      "pm": 21,
      "tm": 25
    }
  },
  "Diverse": {
    "2": {
      "combo": [
        "D8",
        "IDX_NY_MOM"
      ],
      "n": 521,
      "pf": 1.614181945121014,
      "wr": 74.28023032629558,
      "mdd": -1.2216067796135361,
      "ret": 17.92137806315947,
      "sharpe": 3.0106383757836768,
      "pm": 21,
      "tm": 25
    }
  }
}