{
  "Calmar": {
    "2": {
      "combo": [
        "NY_HMA_CROSS",
        "ALL_MSTAR"
      ],
      "n": 326,
      "pf": 1.5677547003571766,
      "wr": 70.24539877300614,
      "mdd": -0.28773557884053036,
      "ret": 2.7937232255791025,
      "sharpe": 6.858286552972944,
      "pm": 12,
      "tm": 13
    },
    "3": {
      "combo": [
        "NY_HMA_CROSS",
        "ALL_MSTAR",
        "IDX_RSI_REV"
      ],
      "n": 459,
      "pf": 1.6141445551042737,
      "wr": 59.25925925925925,
      "mdd": -0.7495612291213943,
      "ret": 5.92552287857527,
      "sharpe": 5.086119652103212,
      "pm": 10,
      "tm": 13
    },
    "4": {
      "combo": [
        "NY_HMA_CROSS",
        "ALL_MSTAR",
        "IDX_RSI_REV",
        "ALL_RSI_EXTREME"
      ],
      "n": 592,
      "pf": 1.626853548381368,
      "wr": 53.20945945945946,
      "mdd": -1.6568271374227699,
      "ret": 9.114212928121837,
      "sharpe": 4.078525240408783,
      "pm": 9,
      "tm": 13
    }
  },
  "PF": {
    "2": {
      "combo": [
        "NY_HMA_CROSS",
        "IDX_RSI_REV"
      ],
      "n": 391,
      "pf": 1.6438125681789988,
      "wr": 60.10230179028133,
      "mdd": -0.6898471151404442,
      "ret": 5.16674752045398,
      "sharpe": 4.5208717891184955,
      "pm": 10,
      "tm": 13
    },
    "3": {
      "combo": [
        "NY_HMA_CROSS",
        "IDX_RSI_REV",
        "ALL_RSI_EXTREME"
      ],
      "n": 525,
      "pf": 1.640514800850128,
      "wr": 52.95238095238095,
      "mdd": -1.646884664226841,
      "ret": 8.278402660138134,
      "sharpe": 3.7231752318291127,
      "pm": 9,
      "tm": 13
    },
    "4": {
      "combo": [
        "NY_HMA_CROSS",
        "IDX_RSI_REV",
        "ALL_RSI_EXTREME",
        "ALL_MSTAR"
      ],
      "n": 592,
      "pf": 1.626853548381368,
      "wr": 53.20945945945946,
      "mdd": -1.6568271374227699,
      "ret": 9.114212928121837,
      "sharpe": 4.078525240408783,
      "pm": 9,
      "tm": 13
    }
  },
  "MinDD": {
    "2": {
      "combo": [
        "NY_HMA_CROSS",
        "ALL_MSTAR"
      ],
      "n": 326,
      "pf": 1.5677547003571766,
      "wr": 70.24539877300614,
      "mdd": -0.28773557884053036,
      "ret": 2.7937232255791025,
      "sharpe": 6.858286552972944,
      "pm": 12,
      "tm": 13
    },
    "3": {
      "combo": [
        "NY_HMA_CROSS",
        "ALL_MSTAR",
        "IDX_RSI_REV"
      ],
      "n": 459,
      "pf": 1.6141445551042737,
      "wr": 59.25925925925925,
      "mdd": -0.7495612291213943,
      "ret": 5.92552287857527,
      "sharpe": 5.086119652103212,
      "pm": 10,
      "tm": 13
    },
    "4": {
      "combo": [
        "NY_HMA_CROSS",
        "ALL_MSTAR",
        "IDX_RSI_REV",
        "ALL_RSI_EXTREME"
      ],
      "n": 592,
      "pf": 1.626853548381368,
      "wr": 53.20945945945946,
      "mdd": -1.6568271374227699,
      "ret": 9.114212928121837,
      "sharpe": 4.078525240408783,
      "pm": 9,
      "tm": 13
    }
  },
  "Sharpe": {
    "2": {
      "combo": [
        "NY_HMA_CROSS",
        "ALL_MSTAR"
      ],
      "n": 326,
      "pf": 1.5677547003571766,
      "wr": 70.24539877300614,
      "mdd": -0.28773557884053036,
      "ret": 2.7937232255791025,
      "sharpe": 6.858286552972944,
      "pm": 12,
      "tm": 13
    },
    "3": {
      "combo": [
        "NY_HMA_CROSS",
        "ALL_MSTAR",
        "IDX_RSI_REV"
      ],
      "n": 459,
      "pf": 1.6141445551042737,
      "wr": 59.25925925925925,
      "mdd": -0.7495612291213943,
      "ret": 5.92552287857527,
      "sharpe": 5.086119652103212,
      "pm": 10,
      "tm": 13
    },
    "4": {
      "combo": [
        "NY_HMA_CROSS",
        "ALL_MSTAR",
        "IDX_RSI_REV",
        "ALL_RSI_EXTREME"
      ],
      "n": 592,
      "pf": 1.626853548381368,
      "wr": 53.20945945945946,
      "mdd": -1.6568271374227699,
      "ret": 9.114212928121837,
      "sharpe": 4.078525240408783,
      "pm": 9,
      "tm": 13
    }
  },
  "PF*WR": {
    "2": {
      "combo": [
        "NY_HMA_CROSS",
        "ALL_MSTAR"
      ],
      "n": 326,
      "pf": 1.5677547003571766,
      "wr": 70.24539877300614,
      "mdd": -0.28773557884053036,
      "ret": 2.7937232255791025,
      "sharpe": 6.858286552972944,
      "pm": 12,
      "tm": 13
    },
    "3": {
      "combo": [
        "NY_HMA_CROSS",
        "ALL_MSTAR",
        "IDX_RSI_REV"
      ],
      "n": 459,
      "pf": 1.6141445551042737,
      "wr": 59.25925925925925,
      "mdd": -0.7495612291213943,
      "ret": 5.92552287857527,
      "sharpe": 5.086119652103212,
      "pm": 10,
      "tm": 13
    },
    "4": {
      "combo": [
        "NY_HMA_CROSS",
        "ALL_MSTAR",
        "IDX_RSI_REV",
        "ALL_RSI_EXTREME"
      ],
      "n": 592,
      "pf": 1.626853548381368,
      "wr": 53.20945945945946,
      "mdd": -1.6568271374227699,
      "ret": 9.114212928121837,
      "sharpe": 4.078525240408783,
      "pm": 9,
      "tm": 13
    }
  },
  "Diverse": {
    "2": {
      "combo": [
        "NY_HMA_CROSS",
        "IDX_RSI_REV"
      ],
      "n": 391,
      "pf": 1.6438125681789988,
      "wr": 60.10230179028133,
      "mdd": -0.6898471151404442,
      "ret": 5.16674752045398,
      "sharpe": 4.5208717891184955,
      "pm": 10,
      "tm": 13
    },
    "3": {
      "combo": [
        "NY_HMA_CROSS",
        "IDX_RSI_REV",
        "ALL_MSTAR"
      ],
      "n": 459,
      "pf": 1.6141445551042737,
      "wr": 59.25925925925925,
      "mdd": -0.7495612291213943,
      "ret": 5.92552287857527,
      "sharpe": 5.086119652103212,
      "pm": 10,
      "tm": 13
    },
    "4": {
      "combo": [
        "NY_HMA_CROSS",
        "IDX_RSI_REV",
        "ALL_MSTAR",
        "ALL_RSI_EXTREME"
      ],
      "n": 592,
      "pf": 1.626853548381368,
      "wr": 53.20945945945946,
      "mdd": -1.6568271374227699,
      "ret": 9.114212928121837,
      "sharpe": 4.078525240408783,
      "pm": 9,
      "tm": 13
    }
  }
}