{
  "Calmar": {
    "2": {
      "combo": [
        "ALL_MSTAR",
        "ALL_TRIX"
      ],
      "n": 304,
      "pf": 1.7527540938294013,
      "wr": 75.0,
      "mdd": -0.05805053780911614,
      "ret": 0.5728858623791311,
      "sharpe": 6.068327638984127,
      "pm": 12,
      "tm": 13
    },
    "3": {
      "combo": [
        "ALL_MSTAR",
        "ALL_TRIX",
        "ALL_PSAR_EMA"
      ],
      "n": 458,
      "pf": 1.5415892381485432,
      "wr": 71.17903930131004,
      "mdd": -0.0768663674196249,
      "ret": 0.7163324130627298,
      "sharpe": 5.3785645869582845,
      "pm": 9,
      "tm": 13
    },
    "4": {
      "combo": [
        "ALL_MSTAR",
        "ALL_TRIX",
        "ALL_PSAR_EMA",
        "TOK_2BAR"
      ],
      "n": 560,
      "pf": 1.5822418695470828,
      "wr": 71.96428571428571,
      "mdd": -0.11518633766583349,
      "ret": 0.9166660680014175,
      "sharpe": 5.810316433286811,
      "pm": 11,
      "tm": 13
    },
    "5": {
      "combo": [
        "ALL_MSTAR",
        "ALL_TRIX",
        "ALL_PSAR_EMA",
        "TOK_2BAR",
        "ALL_MTF_BRK"
      ],
      "n": 763,
      "pf": 1.5165815402275953,
      "wr": 71.16644823066841,
      "mdd": -0.19255135851575061,
      "ret": 1.1409119320410537,
      "sharpe": 6.142201606797938,
      "pm": 11,
      "tm": 13
    }
  },
  "PF": {
    "2": {
      "combo": [
        "ALL_MSTAR",
        "ALL_TRIX"
      ],
      "n": 304,
      "pf": 1.7527540938294013,
      "wr": 75.0,
      "mdd": -0.05805053780911614,
      "ret": 0.5728858623791311,
      "sharpe": 6.068327638984127,
      "pm": 12,
      "tm": 13
    },
    "3": {
      "combo": [
        "ALL_MSTAR",
        "ALL_TRIX",
        "TOK_2BAR"
      ],
      "n": 412,
      "pf": 1.7664630447076763,
      "wr": 75.24271844660194,
      "mdd": -0.08852047076039439,
      "ret": 0.7834862447150518,
      "sharpe": 6.327674546262498,
      "pm": 11,
      "tm": 13
    },
    "4": {
      "combo": [
        "ALL_MSTAR",
        "ALL_TRIX",
        "TOK_2BAR",
        "ALL_MTF_BRK"
      ],
      "n": 617,
      "pf": 1.6182033888763359,
      "wr": 73.09562398703403,
      "mdd": -0.17794337211344868,
      "ret": 1.029807255980064,
      "sharpe": 6.431094591053466,
      "pm": 10,
      "tm": 13
    },
    "5": {
      "combo": [
        "ALL_MSTAR",
        "ALL_TRIX",
        "TOK_2BAR",
        "ALL_MTF_BRK",
        "ALL_PSAR_EMA"
      ],
      "n": 763,
      "pf": 1.5165815402275953,
      "wr": 71.16644823066841,
      "mdd": -0.19255135851575061,
      "ret": 1.1409119320410537,
      "sharpe": 6.142201606797938,
      "pm": 11,
      "tm": 13
    }
  },
  "MinDD": {
    "2": {
      "combo": [
        "ALL_MSTAR",
        "ALL_TRIX"
      ],
      "n": 304,
      "pf": 1.7527540938294013,
      "wr": 75.0,
      "mdd": -0.05805053780911614,
      "ret": 0.5728858623791311,
      "sharpe": 6.068327638984127,
      "pm": 12,
      "tm": 13
    },
    "3": {
      "combo": [
        "ALL_MSTAR",
        "ALL_TRIX",
        "ALL_PSAR_EMA"
      ],
      "n": 458,
      "pf": 1.5415892381485432,
      "wr": 71.17903930131004,
      "mdd": -0.0768663674196249,
      "ret": 0.7163324130627298,
      "sharpe": 5.3785645869582845,
      "pm": 9,
      "tm": 13
    },
    "4": {
      "combo": [
        "ALL_MSTAR",
        "ALL_TRIX",
        "ALL_PSAR_EMA",
        "TOK_2BAR"
      ],
      "n": 560,
      "pf": 1.5822418695470828,
      "wr": 71.96428571428571,
      "mdd": -0.11518633766583349,
      "ret": 0.9166660680014175,
      "sharpe": 5.810316433286811,
      "pm": 11,
      "tm": 13
    },
    "5": {
      "combo": [
        "ALL_MSTAR",
        "ALL_TRIX",
        "ALL_PSAR_EMA",
        "TOK_2BAR",
        "ALL_MTF_BRK"
      ],
      "n": 763,
      "pf": 1.5165815402275953,
      "wr": 71.16644823066841,
      "mdd": -0.19255135851575061,
      "ret": 1.1409119320410537,
      "sharpe": 6.142201606797938,
      "pm": 11,
      "tm": 13
    }
  },
  "Sharpe": {
    "2": {
      "combo": [
        "ALL_MSTAR",
        "ALL_TRIX"
      ],
      "n": 304,
      "pf": 1.7527540938294013,
      "wr": 75.0,
      "mdd": -0.05805053780911614,
      "ret": 0.5728858623791311,
      "sharpe": 6.068327638984127,
      "pm": 12,
      "tm": 13
    },
    "3": {
      "combo": [
        "ALL_MSTAR",
        "ALL_TRIX",
        "ALL_MTF_BRK"
      ],
      "n": 538,
      "pf": 1.5990642386265908,
      "wr": 72.67657992565056,
      "mdd": -0.1369983833349041,
      "ret": 0.8831922042284132,
      "sharpe": 6.675605325151239,
      "pm": 11,
      "tm": 13
    },
    "4": {
      "combo": [
        "ALL_MSTAR",
        "ALL_TRIX",
        "ALL_MTF_BRK",
        "TOK_2BAR"
      ],
      "n": 617,
      "pf": 1.6182033888763359,
      "wr": 73.09562398703403,
      "mdd": -0.17794337211344868,
      "ret": 1.029807255980064,
      "sharpe": 6.431094591053466,
      "pm": 10,
      "tm": 13
    },
    "5": {
      "combo": [
        "ALL_MSTAR",
        "ALL_TRIX",
        "ALL_MTF_BRK",
        "TOK_2BAR",
        "ALL_PSAR_EMA"
      ],
      "n": 763,
      "pf": 1.5165815402275953,
      "wr": 71.16644823066841,
      "mdd": -0.19255135851575061,
      "ret": 1.1409119320410537,
      "sharpe": 6.142201606797938,
      "pm": 11,
      "tm": 13
    }
  },
  "PF*WR": {
    "2": {
      "combo": [
        "ALL_MSTAR",
        "ALL_TRIX"
      ],
      "n": 304,
      "pf": 1.7527540938294013,
      "wr": 75.0,
      "mdd": -0.05805053780911614,
      "ret": 0.5728858623791311,
      "sharpe": 6.068327638984127,
      "pm": 12,
      "tm": 13
    },
    "3": {
      "combo": [
        "ALL_MSTAR",
        "ALL_TRIX",
        "TOK_2BAR"
      ],
      "n": 412,
      "pf": 1.7664630447076763,
      "wr": 75.24271844660194,
      "mdd": -0.08852047076039439,
      "ret": 0.7834862447150518,
      "sharpe": 6.327674546262498,
      "pm": 11,
      "tm": 13
    },
    "4": {
      "combo": [
        "ALL_MSTAR",
        "ALL_TRIX",
        "TOK_2BAR",
        "ALL_MTF_BRK"
      ],
      "n": 617,
      "pf": 1.6182033888763359,
      "wr": 73.09562398703403,
      "mdd": -0.17794337211344868,
      "ret": 1.029807255980064,
      "sharpe": 6.431094591053466,
      "pm": 10,
      "tm": 13
    },
    "5": {
      "combo": [
        "ALL_MSTAR",
        "ALL_TRIX",
        "TOK_2BAR",
        "ALL_MTF_BRK",
        "ALL_PSAR_EMA"
      ],
      "n": 763,
      "pf": 1.5165815402275953,
      "wr": 71.16644823066841,
      "mdd": -0.19255135851575061,
      "ret": 1.1409119320410537,
      "sharpe": 6.142201606797938,
      "pm": 11,
      "tm": 13
    }
  },
  "Diverse": {
    "2": {
      "combo": [
        "ALL_MSTAR",
        "ALL_MTF_BRK"
      ],
      "n": 329,
      "pf": 1.3950582669804854,
      "wr": 69.30091185410335,
      "mdd": -0.14337274984704576,
      "ret": 0.3997032971688459,
      "sharpe": 4.374261611554786,
      "pm": 10,
      "tm": 13
    },
    "3": {
      "combo": [
        "ALL_MSTAR",
        "ALL_MTF_BRK",
        "ALL_TRIX"
      ],
      "n": 538,
      "pf": 1.5990642386265908,
      "wr": 72.67657992565056,
      "mdd": -0.1369983833349041,
      "ret": 0.8831922042284132,
      "sharpe": 6.675605325151239,
      "pm": 11,
      "tm": 13
    },
    "4": {
      "combo": [
        "ALL_MSTAR",
        "ALL_MTF_BRK",
        "ALL_TRIX",
        "TOK_2BAR"
      ],
      "n": 617,
      "pf": 1.6182033888763359,
      "wr": 73.09562398703403,
      "mdd": -0.17794337211344868,
      "ret": 1.029807255980064,
      "sharpe": 6.431094591053466,
      "pm": 10,
      "tm": 13
    },
    "5": {
      "combo": [
        "ALL_MSTAR",
        "ALL_MTF_BRK",
        "ALL_TRIX",
        "TOK_2BAR",
        "ALL_PSAR_EMA"
      ],
      "n": 763,
      "pf": 1.5165815402275953,
      "wr": 71.16644823066841,
      "mdd": -0.19255135851575061,
      "ret": 1.1409119320410537,
      "sharpe": 6.142201606797938,
      "pm": 11,
      "tm": 13
    }
  }
}