{
  "Calmar": {
    "2": {
      "combo": [
        "ALL_HAMMER",
        "ALL_CMO_14"
      ],
      "n": 709,
      "pf": 1.6489193667812603,
      "wr": 80.11283497884344,
      "mdd": -0.3264034896472644,
      "ret": 4.699822470352897,
      "sharpe": 4.183546351877731,
      "pm": 13,
      "tm": 13
    },
    "3": {
      "combo": [
        "ALL_HAMMER",
        "ALL_CMO_14",
        "TOK_2BAR"
      ],
      "n": 978,
      "pf": 1.5466134690877562,
      "wr": 76.27811860940696,
      "mdd": -0.3953183451854374,
      "ret": 6.532698748211333,
      "sharpe": 4.110287181984565,
      "pm": 11,
      "tm": 13
    },
    "4": {
      "combo": [
        "ALL_HAMMER",
        "ALL_CMO_14",
        "TOK_2BAR",
        "ALL_CCI_14_ZERO"
      ],
      "n": 1258,
      "pf": 1.434113138655929,
      "wr": 66.53418124006359,
      "mdd": -0.9492869912973335,
      "ret": 9.60264649092412,
      "sharpe": 3.378333721697894,
      "pm": 11,
      "tm": 13
    }
  },
  "PF": {
    "2": {
      "combo": [
        "ALL_HAMMER",
        "ALL_CMO_14"
      ],
      "n": 709,
      "pf": 1.6489193667812603,
      "wr": 80.11283497884344,
      "mdd": -0.3264034896472644,
      "ret": 4.699822470352897,
      "sharpe": 4.183546351877731,
      "pm": 13,
      "tm": 13
    },
    "3": {
      "combo": [
        "ALL_HAMMER",
        "ALL_CMO_14",
        "TOK_2BAR"
      ],
      "n": 978,
      "pf": 1.5466134690877562,
      "wr": 76.27811860940696,
      "mdd": -0.3953183451854374,
      "ret": 6.532698748211333,
      "sharpe": 4.110287181984565,
      "pm": 11,
      "tm": 13
    },
    "4": {
      "combo": [
        "ALL_HAMMER",
        "ALL_CMO_14",
        "TOK_2BAR",
        "ALL_CCI_14_ZERO"
      ],
      "n": 1258,
      "pf": 1.434113138655929,
      "wr": 66.53418124006359,
      "mdd": -0.9492869912973335,
      "ret": 9.60264649092412,
      "sharpe": 3.378333721697894,
      "pm": 11,
      "tm": 13
    }
  },
  "MinDD": {
    "2": {
      "combo": [
        "ALL_HAMMER",
        "ALL_CMO_14"
      ],
      "n": 709,
      "pf": 1.6489193667812603,
      "wr": 80.11283497884344,
      "mdd": -0.3264034896472644,
      "ret": 4.699822470352897,
      "sharpe": 4.183546351877731,
      "pm": 13,
      "tm": 13
    },
    "3": {
      "combo": [
        "ALL_HAMMER",
        "ALL_CMO_14",
        "TOK_2BAR"
      ],
      "n": 978,
      "pf": 1.5466134690877562,
      "wr": 76.27811860940696,
      "mdd": -0.3953183451854374,
      "ret": 6.532698748211333,
      "sharpe": 4.110287181984565,
      "pm": 11,
      "tm": 13
    },
    "4": {
      "combo": [
        "ALL_HAMMER",
        "ALL_CMO_14",
        "TOK_2BAR",
        "ALL_CCI_14_ZERO"
      ],
      "n": 1258,
      "pf": 1.434113138655929,
      "wr": 66.53418124006359,
      "mdd": -0.9492869912973335,
      "ret": 9.60264649092412,
      "sharpe": 3.378333721697894,
      "pm": 11,
      "tm": 13
    }
  },
  "Sharpe": {
    "2": {
      "combo": [
        "ALL_HAMMER",
        "ALL_CMO_14"
      ],
      "n": 709,
      "pf": 1.6489193667812603,
      "wr": 80.11283497884344,
      "mdd": -0.3264034896472644,
      "ret": 4.699822470352897,
      "sharpe": 4.183546351877731,
      "pm": 13,
      "tm": 13
    },
    "3": {
      "combo": [
        "ALL_HAMMER",
        "ALL_CMO_14",
        "TOK_2BAR"
      ],
      "n": 978,
      "pf": 1.5466134690877562,
      "wr": 76.27811860940696,
      "mdd": -0.3953183451854374,
      "ret": 6.532698748211333,
      "sharpe": 4.110287181984565,
      "pm": 11,
      "tm": 13
    },
    "4": {
      "combo": [
        "ALL_HAMMER",
        "ALL_CMO_14",
        "TOK_2BAR",
        "ALL_CCI_14_ZERO"
      ],
      "n": 1258,
      "pf": 1.434113138655929,
      "wr": 66.53418124006359,
      "mdd": -0.9492869912973335,
      "ret": 9.60264649092412,
      "sharpe": 3.378333721697894,
      "pm": 11,
      "tm": 13
    }
  },
  "PF*WR": {
    "2": {
      "combo": [
        "ALL_HAMMER",
        "ALL_CMO_14"
      ],
      "n": 709,
      "pf": 1.6489193667812603,
      "wr": 80.11283497884344,
      "mdd": -0.3264034896472644,
      "ret": 4.699822470352897,
      "sharpe": 4.183546351877731,
      "pm": 13,
      "tm": 13
    },
    "3": {
      "combo": [
        "ALL_HAMMER",
        "ALL_CMO_14",
        "TOK_2BAR"
      ],
      "n": 978,
      "pf": 1.5466134690877562,
      "wr": 76.27811860940696,
      "mdd": -0.3953183451854374,
      "ret": 6.532698748211333,
      "sharpe": 4.110287181984565,
      "pm": 11,
      "tm": 13
    },
    "4": {
      "combo": [
        "ALL_HAMMER",
        "ALL_CMO_14",
        "TOK_2BAR",
        "ALL_CCI_14_ZERO"
      ],
      "n": 1258,
      "pf": 1.434113138655929,
      "wr": 66.53418124006359,
      "mdd": -0.9492869912973335,
      "ret": 9.60264649092412,
      "sharpe": 3.378333721697894,
      "pm": 11,
      "tm": 13
    }
  },
  "Diverse": {
    "2": {
      "combo": [
        "ALL_HAMMER",
        "TOK_2BAR"
      ],
      "n": 647,
      "pf": 1.5098216745217659,
      "wr": 76.8160741885626,
      "mdd": -0.33510740376472253,
      "ret": 3.870738813764605,
      "sharpe": 3.237279518669769,
      "pm": 11,
      "tm": 13
    },
    "3": {
      "combo": [
        "ALL_HAMMER",
        "TOK_2BAR",
        "ALL_CMO_14"
      ],
      "n": 978,
      "pf": 1.5466134690877562,
      "wr": 76.27811860940696,
      "mdd": -0.3953183451854374,
      "ret": 6.532698748211333,
      "sharpe": 4.110287181984565,
      "pm": 11,
      "tm": 13
    },
    "4": {
      "combo": [
        "ALL_HAMMER",
        "TOK_2BAR",
        "ALL_CMO_14",
        "ALL_CCI_14_ZERO"
      ],
      "n": 1258,
      "pf": 1.434113138655929,
      "wr": 66.53418124006359,
      "mdd": -0.9492869912973335,
      "ret": 9.60264649092412,
      "sharpe": 3.378333721697894,
      "pm": 11,
      "tm": 13
    }
  }
}