{
  "Calmar": {
    "2": {
      "combo": [
        "D8",
        "ALL_ADX_FAST"
      ],
      "n": 332,
      "pf": 1.4934514329580828,
      "wr": 74.09638554216868,
      "mdd": -0.23071598565379933,
      "ret": 2.1241716813126694,
      "sharpe": 4.760245754436535,
      "pm": 10,
      "tm": 13
    },
    "3": {
      "combo": [
        "D8",
        "ALL_ADX_FAST",
        "ALL_PIVOT_BRK"
      ],
      "n": 501,
      "pf": 1.4618489626009137,
      "wr": 76.24750499001996,
      "mdd": -0.3529336636905042,
      "ret": 2.7709787923532714,
      "sharpe": 4.980823351036608,
      "pm": 11,
      "tm": 13
    }
  },
  "PF": {
    "2": {
      "combo": [
        "D8",
        "ALL_PIVOT_BRK"
      ],
      "n": 237,
      "pf": 1.5077501207621427,
      "wr": 79.74683544303798,
      "mdd": -0.3296680428738814,
      "ret": 1.2292329445102224,
      "sharpe": 3.689025090546974,
      "pm": 10,
      "tm": 13
    },
    "3": {
      "combo": [
        "D8",
        "ALL_PIVOT_BRK",
        "ALL_ADX_FAST"
      ],
      "n": 501,
      "pf": 1.4618489626009137,
      "wr": 76.24750499001996,
      "mdd": -0.3529336636905042,
      "ret": 2.7709787923532714,
      "sharpe": 4.980823351036608,
      "pm": 11,
      "tm": 13
    }
  },
  "MinDD": {
    "2": {
      "combo": [
        "D8",
        "ALL_ADX_FAST"
      ],
      "n": 332,
      "pf": 1.4934514329580828,
      "wr": 74.09638554216868,
      "mdd": -0.23071598565379933,
      "ret": 2.1241716813126694,
      "sharpe": 4.760245754436535,
      "pm": 10,
      "tm": 13
    },
    "3": {
      "combo": [
        "D8",
        "ALL_ADX_FAST",
        "ALL_PIVOT_BRK"
      ],
      "n": 501,
      "pf": 1.4618489626009137,
      "wr": 76.24750499001996,
      "mdd": -0.3529336636905042,
      "ret": 2.7709787923532714,
      "sharpe": 4.980823351036608,
      "pm": 11,
      "tm": 13
    }
  },
  "Sharpe": {
    "2": {
      "combo": [
        "D8",
        "ALL_ADX_FAST"
      ],
      "n": 332,
      "pf": 1.4934514329580828,
      "wr": 74.09638554216868,
      "mdd": -0.23071598565379933,
      "ret": 2.1241716813126694,
      "sharpe": 4.760245754436535,
      "pm": 10,
      "tm": 13
    },
    "3": {
      "combo": [
        "D8",
        "ALL_ADX_FAST",
        "ALL_PIVOT_BRK"
      ],
      "n": 501,
      "pf": 1.4618489626009137,
      "wr": 76.24750499001996,
      "mdd": -0.3529336636905042,
      "ret": 2.7709787923532714,
      "sharpe": 4.980823351036608,
      "pm": 11,
      "tm": 13
    }
  },
  "PF*WR": {
    "2": {
      "combo": [
        "D8",
        "ALL_PIVOT_BRK"
      ],
      "n": 237,
      "pf": 1.5077501207621427,
      "wr": 79.74683544303798,
      "mdd": -0.3296680428738814,
      "ret": 1.2292329445102224,
      "sharpe": 3.689025090546974,
      "pm": 10,
      "tm": 13
    },
    "3": {
      "combo": [
        "D8",
        "ALL_PIVOT_BRK",
        "ALL_ADX_FAST"
      ],
      "n": 501,
      "pf": 1.4618489626009137,
      "wr": 76.24750499001996,
      "mdd": -0.3529336636905042,
      "ret": 2.7709787923532714,
      "sharpe": 4.980823351036608,
      "pm": 11,
      "tm": 13
    }
  },
  "Diverse": {
    "2": {
      "combo": [
        "D8",
        "ALL_PIVOT_BRK"
      ],
      "n": 237,
      "pf": 1.5077501207621427,
      "wr": 79.74683544303798,
      "mdd": -0.3296680428738814,
      "ret": 1.2292329445102224,
      "sharpe": 3.689025090546974,
      "pm": 10,
      "tm": 13
    },
    "3": {
      "combo": [
        "D8",
        "ALL_PIVOT_BRK",
        "ALL_ADX_FAST"
      ],
      "n": 501,
      "pf": 1.4618489626009137,
      "wr": 76.24750499001996,
      "mdd": -0.3529336636905042,
      "ret": 2.7709787923532714,
      "sharpe": 4.980823351036608,
      "pm": 11,
      "tm": 13
    }
  }
}