{
  "Calmar": {
    "2": {
      "combo": [
        "TOK_2BAR",
        "ALL_MACD_HIST"
      ],
      "n": 632,
      "pf": 1.718852240037363,
      "wr": 79.11392405063292,
      "mdd": -0.5424121348847382,
      "ret": 4.833335534839513,
      "sharpe": 4.005900534181566,
      "pm": 10,
      "tm": 13
    },
    "3": {
      "combo": [
        "TOK_2BAR",
        "ALL_MACD_HIST",
        "ALL_INSIDE_BRK"
      ],
      "n": 839,
      "pf": 1.6014374112466097,
      "wr": 76.28128724672229,
      "mdd": -0.4719824488323327,
      "ret": 6.125110763604316,
      "sharpe": 3.984960371444966,
      "pm": 11,
      "tm": 13
    },
    "4": {
      "combo": [
        "TOK_2BAR",
        "ALL_MACD_HIST",
        "ALL_INSIDE_BRK",
        "IDX_CONSEC_REV"
      ],
      "n": 1127,
      "pf": 1.645695890199337,
      "wr": 75.51020408163265,
      "mdd": -0.5192832744256224,
      "ret": 9.291568221167894,
      "sharpe": 4.861546166373081,
      "pm": 12,
      "tm": 13
    },
    "5": {
      "combo": [
        "TOK_2BAR",
        "ALL_MACD_HIST",
        "ALL_INSIDE_BRK",
        "IDX_CONSEC_REV",
        "IDX_PREV_HL"
      ],
      "n": 1342,
      "pf": 1.5809379952522369,
      "wr": 73.91952309985098,
      "mdd": -0.5060176737425579,
      "ret": 9.940354468832462,
      "sharpe": 4.858274891932002,
      "pm": 11,
      "tm": 13
    },
    "6": {
      "combo": [
        "TOK_2BAR",
        "ALL_MACD_HIST",
        "ALL_INSIDE_BRK",
        "IDX_CONSEC_REV",
        "IDX_PREV_HL",
        "LON_STOCH"
      ],
      "n": 1693,
      "pf": 1.5091502425817007,
      "wr": 73.65623154164206,
      "mdd": -0.6719142625498359,
      "ret": 11.33877690778437,
      "sharpe": 5.141743171122173,
      "pm": 12,
      "tm": 13
    },
    "7": {
      "combo": [
        "TOK_2BAR",
        "ALL_MACD_HIST",
        "ALL_INSIDE_BRK",
        "IDX_CONSEC_REV",
        "IDX_PREV_HL",
        "LON_STOCH",
        "ALL_DOJI_REV"
      ],
      "n": 1933,
      "pf": 1.5006271245322755,
      "wr": 72.27108122090016,
      "mdd": -1.043490651639922,
      "ret": 13.715812552256102,
      "sharpe": 5.201107769321745,
      "pm": 12,
      "tm": 13
    }
  },
  "PF": {
    "2": {
      "combo": [
        "TOK_2BAR",
        "ALL_MACD_HIST"
      ],
      "n": 632,
      "pf": 1.718852240037363,
      "wr": 79.11392405063292,
      "mdd": -0.5424121348847382,
      "ret": 4.833335534839513,
      "sharpe": 4.005900534181566,
      "pm": 10,
      "tm": 13
    },
    "3": {
      "combo": [
        "TOK_2BAR",
        "ALL_MACD_HIST",
        "IDX_CONSEC_REV"
      ],
      "n": 955,
      "pf": 1.6564847391750719,
      "wr": 76.2303664921466,
      "mdd": -0.7095941185017505,
      "ret": 7.742694637960129,
      "sharpe": 4.613424692291089,
      "pm": 11,
      "tm": 13
    },
    "4": {
      "combo": [
        "TOK_2BAR",
        "ALL_MACD_HIST",
        "IDX_CONSEC_REV",
        "ALL_INSIDE_BRK"
      ],
      "n": 1127,
      "pf": 1.645695890199337,
      "wr": 75.51020408163265,
      "mdd": -0.5192832744256224,
      "ret": 9.291568221167894,
      "sharpe": 4.861546166373081,
      "pm": 12,
      "tm": 13
    },
    "5": {
      "combo": [
        "TOK_2BAR",
        "ALL_MACD_HIST",
        "IDX_CONSEC_REV",
        "ALL_INSIDE_BRK",
        "ALL_DOJI_REV"
      ],
      "n": 1368,
      "pf": 1.6060250022778024,
      "wr": 73.31871345029239,
      "mdd": -0.696727848243306,
      "ret": 11.714129476152142,
      "sharpe": 5.062824256786116,
      "pm": 12,
      "tm": 13
    },
    "6": {
      "combo": [
        "TOK_2BAR",
        "ALL_MACD_HIST",
        "IDX_CONSEC_REV",
        "ALL_INSIDE_BRK",
        "ALL_DOJI_REV",
        "IDX_PREV_HL"
      ],
      "n": 1584,
      "pf": 1.5565344984364509,
      "wr": 72.22222222222221,
      "mdd": -0.8213621579713875,
      "ret": 12.32107998887694,
      "sharpe": 5.018424059782463,
      "pm": 11,
      "tm": 13
    },
    "7": {
      "combo": [
        "TOK_2BAR",
        "ALL_MACD_HIST",
        "IDX_CONSEC_REV",
        "ALL_INSIDE_BRK",
        "ALL_DOJI_REV",
        "IDX_PREV_HL",
        "LON_STOCH"
      ],
      "n": 1933,
      "pf": 1.5006271245322755,
      "wr": 72.27108122090016,
      "mdd": -1.043490651639922,
      "ret": 13.715812552256102,
      "sharpe": 5.201107769321745,
      "pm": 12,
      "tm": 13
    }
  },
  "MinDD": {
    "2": {
      "combo": [
        "TOK_2BAR",
        "ALL_INSIDE_BRK"
      ],
      "n": 603,
      "pf": 1.2546403930687318,
      "wr": 73.79767827529021,
      "mdd": -0.4800688975634837,
      "ret": 2.010818140949763,
      "sharpe": 1.7075256888912902,
      "pm": 8,
      "tm": 13
    },
    "3": {
      "combo": [
        "TOK_2BAR",
        "ALL_INSIDE_BRK",
        "IDX_CONSEC_REV"
      ],
      "n": 888,
      "pf": 1.4270093622796742,
      "wr": 73.64864864864865,
      "mdd": -0.4285364666549841,
      "ret": 5.09219897207513,
      "sharpe": 3.3008817320833557,
      "pm": 12,
      "tm": 13
    },
    "4": {
      "combo": [
        "TOK_2BAR",
        "ALL_INSIDE_BRK",
        "IDX_CONSEC_REV",
        "IDX_PREV_HL"
      ],
      "n": 1103,
      "pf": 1.4065168586222991,
      "wr": 72.25747960108794,
      "mdd": -0.4144020929229096,
      "ret": 5.895935976635621,
      "sharpe": 3.5078921126358082,
      "pm": 12,
      "tm": 13
    },
    "5": {
      "combo": [
        "TOK_2BAR",
        "ALL_INSIDE_BRK",
        "IDX_CONSEC_REV",
        "IDX_PREV_HL",
        "ALL_MACD_HIST"
      ],
      "n": 1342,
      "pf": 1.5809379952522369,
      "wr": 73.91952309985098,
      "mdd": -0.5060176737425579,
      "ret": 9.940354468832462,
      "sharpe": 4.858274891932002,
      "pm": 11,
      "tm": 13
    },
    "6": {
      "combo": [
        "TOK_2BAR",
        "ALL_INSIDE_BRK",
        "IDX_CONSEC_REV",
        "IDX_PREV_HL",
        "ALL_MACD_HIST",
        "LON_STOCH"
      ],
      "n": 1693,
      "pf": 1.5091502425817007,
      "wr": 73.65623154164206,
      "mdd": -0.6719142625498359,
      "ret": 11.33877690778437,
      "sharpe": 5.141743171122173,
      "pm": 12,
      "tm": 13
    },
    "7": {
      "combo": [
        "TOK_2BAR",
        "ALL_INSIDE_BRK",
        "IDX_CONSEC_REV",
        "IDX_PREV_HL",
        "ALL_MACD_HIST",
        "LON_STOCH",
        "ALL_DOJI_REV"
      ],
      "n": 1933,
      "pf": 1.5006271245322755,
      "wr": 72.27108122090016,
      "mdd": -1.043490651639922,
      "ret": 13.715812552256102,
      "sharpe": 5.201107769321745,
      "pm": 12,
      "tm": 13
    }
  },
  "Sharpe": {
    "2": {
      "combo": [
        "TOK_2BAR",
        "ALL_MACD_HIST"
      ],
      "n": 632,
      "pf": 1.718852240037363,
      "wr": 79.11392405063292,
      "mdd": -0.5424121348847382,
      "ret": 4.833335534839513,
      "sharpe": 4.005900534181566,
      "pm": 10,
      "tm": 13
    },
    "3": {
      "combo": [
        "TOK_2BAR",
        "ALL_MACD_HIST",
        "IDX_CONSEC_REV"
      ],
      "n": 955,
      "pf": 1.6564847391750719,
      "wr": 76.2303664921466,
      "mdd": -0.7095941185017505,
      "ret": 7.742694637960129,
      "sharpe": 4.613424692291089,
      "pm": 11,
      "tm": 13
    },
    "4": {
      "combo": [
        "TOK_2BAR",
        "ALL_MACD_HIST",
        "IDX_CONSEC_REV",
        "ALL_INSIDE_BRK"
      ],
      "n": 1127,
      "pf": 1.645695890199337,
      "wr": 75.51020408163265,
      "mdd": -0.5192832744256224,
      "ret": 9.291568221167894,
      "sharpe": 4.861546166373081,
      "pm": 12,
      "tm": 13
    },
    "5": {
      "combo": [
        "TOK_2BAR",
        "ALL_MACD_HIST",
        "IDX_CONSEC_REV",
        "ALL_INSIDE_BRK",
        "LON_STOCH"
      ],
      "n": 1478,
      "pf": 1.5470134946563046,
      "wr": 74.83085250338294,
      "mdd": -0.7839760918950966,
      "ret": 10.681738210405282,
      "sharpe": 5.156560721212966,
      "pm": 12,
      "tm": 13
    },