{
  "Calmar": {
    "2": {
      "combo": [
        "D8",
        "ALL_STOCH_RSI"
      ],
      "n": 347,
      "pf": 1.4833037506005478,
      "wr": 61.95965417867435,
      "mdd": -0.3798723721312539,
      "ret": 3.252077061766438,
      "sharpe": 2.826382864685035,
      "pm": 11,
      "tm": 13
    },
    "3": {
      "combo": [
        "D8",
        "ALL_STOCH_RSI",
        "LON_STOCH"
      ],
      "n": 596,
      "pf": 1.4454419993869088,
      "wr": 62.248322147651,
      "mdd": -0.5662597359450697,
      "ret": 5.171382447027165,
      "sharpe": 3.376507757904138,
      "pm": 12,
      "tm": 13
    },
    "4": {
      "combo": [
        "D8",
        "ALL_STOCH_RSI",
        "LON_STOCH",
        "ALL_CCI_100"
      ],
      "n": 890,
      "pf": 1.3966949429969495,
      "wr": 61.348314606741575,
      "mdd": -0.673079665285629,
      "ret": 7.080562415539389,
      "sharpe": 3.4687796753646905,
      "pm": 12,
      "tm": 13
    },
    "5": {
      "combo": [
        "D8",
        "ALL_STOCH_RSI",
        "LON_STOCH",
        "ALL_CCI_100",
        "ALL_WILLR_7"
      ],
      "n": 1175,
      "pf": 1.406861368551324,
      "wr": 63.31914893617021,
      "mdd": -1.0130389994611657,
      "ret": 9.167973013029972,
      "sharpe": 3.641375238395017,
      "pm": 11,
      "tm": 13
    },
    "6": {
      "combo": [
        "D8",
        "ALL_STOCH_RSI",
        "LON_STOCH",
        "ALL_CCI_100",
        "ALL_WILLR_7",
        "ALL_RSI_50"
      ],
      "n": 1342,
      "pf": 1.3923455544388956,
      "wr": 65.424739195231,
      "mdd": -1.2035582047870643,
      "ret": 9.5604907932559,
      "sharpe": 3.8089549237991873,
      "pm": 13,
      "tm": 13
    },
    "7": {
      "combo": [
        "D8",
        "ALL_STOCH_RSI",
        "LON_STOCH",
        "ALL_CCI_100",
        "ALL_WILLR_7",
        "ALL_RSI_50",
        "ALL_DOJI_REV"
      ],
      "n": 1581,
      "pf": 1.3823492325436944,
      "wr": 65.90765338393422,
      "mdd": -1.1638942883635353,
      "ret": 10.950867329122485,
      "sharpe": 3.8845076201868514,
      "pm": 12,
      "tm": 13
    },
    "8": {
      "combo": [
        "D8",
        "ALL_STOCH_RSI",
        "LON_STOCH",
        "ALL_CCI_100",
        "ALL_WILLR_7",
        "ALL_RSI_50",
        "ALL_DOJI_REV",
        "ALL_ADX_RSI50"
      ],
      "n": 1849,
      "pf": 1.3882362423178607,
      "wr": 67.33369388858843,
      "mdd": -1.4294269675761997,
      "ret": 12.549659279144587,
      "sharpe": 4.017847285950306,
      "pm": 13,
      "tm": 13
    }
  },
  "PF": {
    "2": {
      "combo": [
        "D8",
        "ALL_WILLR_7"
      ],
      "n": 346,
      "pf": 1.5470096059224945,
      "wr": 67.91907514450867,
      "mdd": -0.5076540435462714,
      "ret": 3.0768787411636587,
      "sharpe": 3.081133896904888,
      "pm": 10,
      "tm": 13
    },
    "3": {
      "combo": [
        "D8",
        "ALL_WILLR_7",
        "ALL_RSI_50"
      ],
      "n": 588,
      "pf": 1.4940065071183837,
      "wr": 71.08843537414967,
      "mdd": -0.6424603419365926,
      "ret": 4.275412504619962,
      "sharpe": 3.492146599869111,
      "pm": 10,
      "tm": 13
    },
    "4": {
      "combo": [
        "D8",
        "ALL_WILLR_7",
        "ALL_RSI_50",
        "ALL_DOJI_REV"
      ],
      "n": 828,
      "pf": 1.4739524575506922,
      "wr": 70.89371980676329,
      "mdd": -0.7789494042353032,
      "ret": 5.902197482906369,
      "sharpe": 3.7141937582382303,
      "pm": 10,
      "tm": 13
    },
    "5": {
      "combo": [
        "D8",
        "ALL_WILLR_7",
        "ALL_RSI_50",
        "ALL_DOJI_REV",
        "ALL_ADX_RSI50"
      ],
      "n": 1101,
      "pf": 1.4647567952455267,
      "wr": 72.02543142597638,
      "mdd": -0.8559331746689827,
      "ret": 7.44413729536676,
      "sharpe": 3.7560623083179694,
      "pm": 10,
      "tm": 13
    },
    "6": {
      "combo": [
        "D8",
        "ALL_WILLR_7",
        "ALL_RSI_50",
        "ALL_DOJI_REV",
        "ALL_ADX_RSI50",
        "LON_STOCH"
      ],
      "n": 1350,
      "pf": 1.447320118627208,
      "wr": 70.2962962962963,
      "mdd": -0.803869718956751,
      "ret": 9.441485742199017,
      "sharpe": 4.273647932678357,
      "pm": 11,
      "tm": 13
    },
    "7": {
      "combo": [
        "D8",
        "ALL_WILLR_7",
        "ALL_RSI_50",
        "ALL_DOJI_REV",
        "ALL_ADX_RSI50",
        "LON_STOCH",
        "ALL_STOCH_RSI"
      ],
      "n": 1588,
      "pf": 1.433297781826748,
      "wr": 68.95465994962217,
      "mdd": -1.06266311231611,
      "ret": 11.410179194446231,
      "sharpe": 4.395794538247001,
      "pm": 12,
      "tm": 13
    },
    "8": {
      "combo": [
        "D8",
        "ALL_WILLR_7",
        "ALL_RSI_50",
        "ALL_DOJI_REV",
        "ALL_ADX_RSI50",
        "LON_STOCH",
        "ALL_STOCH_RSI",
        "ALL_CCI_100"
      ],
      "n": 1849,
      "pf": 1.3882362423178607,
      "wr": 67.33369388858843,
      "mdd": -1.4294269675761997,
      "ret": 12.549659279144587,
      "sharpe": 4.017847285950306,
      "pm": 13,
      "tm": 13
    }
  },
  "MinDD": {
    "2": {
      "combo": [
        "D8",
        "ALL_ADX_RSI50"
      ],
      "n": 327,
      "pf": 1.521440710275473,
      "wr": 72.78287461773701,
      "mdd": -0.32489027270018905,
      "ret": 2.3440100895275098,
      "sharpe": 2.727228341341227,
      "pm": 9,
      "tm": 13
    },
    "3": {
      "combo": [
        "D8",
        "ALL_ADX_RSI50",
        "ALL_STOCH_RSI"
      ],
      "n": 572,
      "pf": 1.458884269839243,
      "wr": 68.00699300699301,
      "mdd": -0.5188723567293774,
      "ret": 4.303367618729928,
      "sharpe": 3.437620974549078,
      "pm": 10,
      "tm": 13
    },
    "4": {
      "combo": [
        "D8",
        "ALL_ADX_RSI50",
        "ALL_STOCH_RSI",
        "LON_STOCH"
      ],
      "n": 821,
      "pf": 1.4360160598443577,
      "wr": 66.38246041412911,
      "mdd": -0.6775076276998012,
      "ret": 6.242188373636615,
      "sharpe": 3.925794233922768,
      "pm": 12,
      "tm": 13
    },
    "5": {
      "combo": [
        "D8",
        "ALL_ADX_RSI50",
        "ALL_STOCH_RSI",
        "LON_STOCH",
        "ALL_DOJI_REV"
      ],
      "n": 1070,
      "pf": 1.4240118292739787,
      "wr": 67.10280373831776,
      "mdd": -0.6512829291669228,
      "ret": 7.867798293121784,
      "sharpe": 4.135212080454587,
      "pm": 11,
      "tm": 13
    },
    "6": {
      "combo": [
        "D8",
        "ALL_ADX_RSI50",
        "ALL_STOCH_RSI",
        "LON_STOCH",
        "ALL_DOJI_REV",
        "ALL_WILLR_7"
      ],
      "n": 1323,
      "pf": 1.4177960937762086,
      "wr": 67.4225245653817,
      "mdd": -0.8358801687532487,
      "ret": 9.5450594695076,
      "sharpe": 4.135484122926312,
      "pm": 12,
      "tm": 13
    },
    "7": {
      "combo": [
        "D8",
        "ALL_ADX_RSI50",
        "ALL_STOCH_RSI",
        "LON_STOCH",
        "ALL_DOJI_REV",
        "ALL_WILLR_7",
        "ALL_RSI_50"
      ],
      "n": 1588,
      "pf": 1.433297781826748,
      "wr": 68.95465994962217,
      "mdd": -1.06266311231611,
      "ret": 11.410179194446231,
      "sharpe": 4.395794538247001,
      "pm": 12,
      "tm": 13
    },
    "8": {
      "combo": [
        "D8",
        "ALL_ADX_RSI50",
        "ALL_STOCH_RSI",
        "LON_STOCH",
        "ALL_DOJI_REV",
        "ALL_WILLR_7",
        "ALL_RSI_50",
        "ALL_CCI_100"
      ],
      "n": 1849,
      "pf": 1.3882362423178607,
      "wr": 67.33369388858843,
      "mdd": -1.4294269675761997,
      "ret": 12.549659279144587,
      "sharpe": 4.017847285950306,
      "pm": 13,
      "tm": 13
    }
  },
  "Sharpe": {
    "2": {
      "combo": [
        "D8",
        "ALL_WILLR_7"
      ],
      "n": 346,
      "pf": 1.5470096059224945,
      "wr": 67.91907514450867,
      "mdd": -0.5076540435462714,
      "ret": 3.0768787411636587,
      "sharpe": 3.081133896904888,
      "pm": 10,
      "tm": 13
    },