{
  "Calmar": {
    "2": {
      "combo": [
        "D8",
        "ALL_SUPERTREND"
      ],
      "n": 297,
      "pf": 1.7452593875261306,
      "wr": 60.60606060606061,
      "mdd": -0.5490861253483206,
      "ret": 4.445218548442499,
      "sharpe": 3.882007078801074,
      "pm": 9,
      "tm": 12
    },
    "3": {
      "combo": [
        "D8",
        "ALL_SUPERTREND",
        "LON_STOCH"
      ],
      "n": 540,
      "pf": 1.6261910831432962,
      "wr": 61.85185185185185,
      "mdd": -0.5987609861042471,
      "ret": 6.67203634215014,
      "sharpe": 3.9773173736731096,
      "pm": 11,
      "tm": 12
    },
    "4": {
      "combo": [
        "D8",
        "ALL_SUPERTREND",
        "LON_STOCH",
        "ALL_RSI_50"
      ],
      "n": 826,
      "pf": 1.5736285152955407,
      "wr": 66.10169491525424,
      "mdd": -0.6884894171621657,
      "ret": 8.351166963621537,
      "sharpe": 4.396449688180314,
      "pm": 11,
      "tm": 13
    },
    "5": {
      "combo": [
        "D8",
        "ALL_SUPERTREND",
        "LON_STOCH",
        "ALL_RSI_50",
        "TOK_NR4"
      ],
      "n": 1031,
      "pf": 1.560410012358818,
      "wr": 65.76139670223084,
      "mdd": -0.6845390865971549,
      "ret": 10.375729173767045,
      "sharpe": 4.770071350569134,
      "pm": 11,
      "tm": 13
    },
    "6": {
      "combo": [
        "D8",
        "ALL_SUPERTREND",
        "LON_STOCH",
        "ALL_RSI_50",
        "TOK_NR4",
        "ALL_PSAR_EMA"
      ],
      "n": 1281,
      "pf": 1.5749194808886713,
      "wr": 64.40281030444966,
      "mdd": -0.8825375935251015,
      "ret": 13.948784112495517,
      "sharpe": 4.515894328324025,
      "pm": 12,
      "tm": 13
    },
    "7": {
      "combo": [
        "D8",
        "ALL_SUPERTREND",
        "LON_STOCH",
        "ALL_RSI_50",
        "TOK_NR4",
        "ALL_PSAR_EMA",
        "ALL_ADX_RSI50"
      ],
      "n": 1552,
      "pf": 1.5678405998959506,
      "wr": 66.30154639175258,
      "mdd": -0.9706749022646722,
      "ret": 15.876693830900374,
      "sharpe": 4.606678983795272,
      "pm": 12,
      "tm": 13
    }
  },
  "PF": {
    "2": {
      "combo": [
        "D8",
        "ALL_SUPERTREND"
      ],
      "n": 297,
      "pf": 1.7452593875261306,
      "wr": 60.60606060606061,
      "mdd": -0.5490861253483206,
      "ret": 4.445218548442499,
      "sharpe": 3.882007078801074,
      "pm": 9,
      "tm": 12
    },
    "3": {
      "combo": [
        "D8",
        "ALL_SUPERTREND",
        "ALL_PSAR_EMA"
      ],
      "n": 556,
      "pf": 1.6820361177245426,
      "wr": 59.89208633093526,
      "mdd": -0.983376409146121,
      "ret": 7.860919078516802,
      "sharpe": 3.6455406238419648,
      "pm": 10,
      "tm": 12
    },
    "4": {
      "combo": [
        "D8",
        "ALL_SUPERTREND",
        "ALL_PSAR_EMA",
        "ALL_ADX_RSI50"
      ],
      "n": 833,
      "pf": 1.6262025412875343,
      "wr": 64.70588235294117,
      "mdd": -1.0665814560984515,
      "ret": 9.564762817948955,
      "sharpe": 3.7432362261397927,
      "pm": 11,
      "tm": 13
    },
    "5": {
      "combo": [
        "D8",
        "ALL_SUPERTREND",
        "ALL_PSAR_EMA",
        "ALL_ADX_RSI50",
        "TOK_NR4"
      ],
      "n": 1033,
      "pf": 1.6010200127003067,
      "wr": 64.56921587608906,
      "mdd": -0.9492396229157405,
      "ret": 11.53310417083651,
      "sharpe": 4.154368808878085,
      "pm": 12,
      "tm": 13
    },
    "6": {
      "combo": [
        "D8",
        "ALL_SUPERTREND",
        "ALL_PSAR_EMA",
        "ALL_ADX_RSI50",
        "TOK_NR4",
        "ALL_RSI_50"
      ],
      "n": 1311,
      "pf": 1.5878333456346394,
      "wr": 66.81922196796339,
      "mdd": -1.0844539075266386,
      "ret": 13.474568167362957,
      "sharpe": 4.247016450893155,
      "pm": 12,
      "tm": 13
    },
    "7": {
      "combo": [
        "D8",
        "ALL_SUPERTREND",
        "ALL_PSAR_EMA",
        "ALL_ADX_RSI50",
        "TOK_NR4",
        "ALL_RSI_50",
        "LON_STOCH"
      ],
      "n": 1552,
      "pf": 1.5678405998959506,
      "wr": 66.30154639175258,
      "mdd": -0.9706749022646722,
      "ret": 15.876693830900374,
      "sharpe": 4.606678983795272,
      "pm": 12,
      "tm": 13
    }
  },
  "MinDD": {
    "2": {
      "combo": [
        "D8",
        "ALL_ADX_RSI50"
      ],
      "n": 327,
      "pf": 1.5236607187660907,
      "wr": 72.47706422018348,
      "mdd": -0.32489027270018234,
      "ret": 2.3808486688708945,
      "sharpe": 2.5984701269166095,
      "pm": 9,
      "tm": 13
    },
    "3": {
      "combo": [
        "D8",
        "ALL_ADX_RSI50",
        "TOK_NR4"
      ],
      "n": 540,
      "pf": 1.518683790794019,
      "wr": 69.25925925925925,
      "mdd": -0.4557109028209045,
      "ret": 4.395111649486556,
      "sharpe": 3.182901888345485,
      "pm": 11,
      "tm": 13
    },
    "4": {
      "combo": [
        "D8",
        "ALL_ADX_RSI50",
        "TOK_NR4",
        "ALL_SUPERTREND"
      ],
      "n": 783,
      "pf": 1.5887930929159744,
      "wr": 66.41123882503193,
      "mdd": -0.5651896389970773,
      "ret": 8.005760547407219,
      "sharpe": 4.33614271718034,
      "pm": 12,
      "tm": 13
    },
    "5": {
      "combo": [
        "D8",
        "ALL_ADX_RSI50",
        "TOK_NR4",
        "ALL_SUPERTREND",
        "LON_STOCH"
      ],
      "n": 1026,
      "pf": 1.558377350518067,
      "wr": 65.69200779727096,
      "mdd": -0.6845390865971736,
      "ret": 10.308463050895327,
      "sharpe": 4.780851561827126,
      "pm": 11,
      "tm": 13
    },
    "6": {
      "combo": [
        "D8",
        "ALL_ADX_RSI50",
        "TOK_NR4",
        "ALL_SUPERTREND",
        "LON_STOCH",
        "ALL_RSI_50"
      ],
      "n": 1303,
      "pf": 1.5493246920741472,
      "wr": 67.68994627782041,
      "mdd": -0.8614309447818004,
      "ret": 12.1885633600085,
      "sharpe": 4.700499189819707,
      "pm": 11,
      "tm": 13
    },
    "7": {
      "combo": [
        "D8",
        "ALL_ADX_RSI50",
        "TOK_NR4",
        "ALL_SUPERTREND",
        "LON_STOCH",
        "ALL_RSI_50",
        "ALL_PSAR_EMA"
      ],
      "n": 1552,
      "pf": 1.5678405998959506,
      "wr": 66.30154639175258,
      "mdd": -0.9706749022646722,
      "ret": 15.876693830900374,
      "sharpe": 4.606678983795272,
      "pm": 12,
      "tm": 13
    }
  },
  "Sharpe": {
    "2": {
      "combo": [
        "D8",
        "ALL_SUPERTREND"
      ],
      "n": 297,
      "pf": 1.7452593875261306,
      "wr": 60.60606060606061,
      "mdd": -0.5490861253483206,
      "ret": 4.445218548442499,
      "sharpe": 3.882007078801074,
      "pm": 9,
      "tm": 12
    },
    "3": {
      "combo": [
        "D8",
        "ALL_SUPERTREND",
        "LON_STOCH"
      ],
      "n": 540,
      "pf": 1.6261910831432962,
      "wr": 61.85185185185185,
      "mdd": -0.5987609861042471,
      "ret": 6.67203634215014,
      "sharpe": 3.9773173736731096,
      "pm": 11,
      "tm": 12
    },
    "4": {
      "combo": [
        "D8",
        "ALL_SUPERTREND",
        "LON_STOCH",
        "ALL_ADX_RSI50"
      ],
      "n": 822,
      "pf": 1.5728282443951598,
      "wr": 66.05839416058394,
      "mdd": -0.6860252899936797,
      "ret": 8.307289021119825,
      "sharpe": 4.399562895223177,
      "pm": 11,
      "tm": 13
    },
    "5": {
      "combo": [
        "D8",
        "ALL_SUPERTREND",
        "LON_STOCH",
        "ALL_ADX_RSI50",
        "TOK_NR4"
      ],
      "n": 1026,
      "pf": 1.558377350518067,
      "wr": 65.69200779727096,
      "mdd": -0.6845390865971736,
      "ret": 10.308463050895327,
      "sharpe": 4.780851561827126,
      "pm": 11,
      "tm": 13
    },
    "6": {
      "combo": [
        "D8",
        "ALL_SUPERTREND",
        "LON_STOCH",
        "ALL_ADX_RSI50",
        "TOK_NR4",
        "ALL_RSI_50"
      ],
      "n": 1303,
      "pf": 1.5493246920741472,
      "wr": 67.68994627782041,
      "mdd": -0.8614309447818004,
      "ret": 12.1885633600085,