{
  "Calmar": {
    "2": {
      "combo": [
        "D8",
        "ALL_EMA_921"
      ],
      "n": 299,
      "pf": 1.5994179955153462,
      "wr": 75.58528428093646,
      "mdd": -0.06598346468086258,
      "ret": 0.4383398495620495,
      "sharpe": 5.380399123342984,
      "pm": 11,
      "tm": 13
    },
    "3": {
      "combo": [
        "D8",
        "ALL_EMA_921",
        "ALL_ICHI_TK"
      ],
      "n": 470,
      "pf": 1.6572212664506019,
      "wr": 76.17021276595744,
      "mdd": -0.07417364224846287,
      "ret": 0.7341440756355005,
      "sharpe": 6.602963241554605,
      "pm": 12,
      "tm": 13
    },
    "4": {
      "combo": [
        "D8",
        "ALL_EMA_921",
        "ALL_ICHI_TK",
        "ALL_DC10_EMA"
      ],
      "n": 725,
      "pf": 1.554250514408927,
      "wr": 73.6551724137931,
      "mdd": -0.0840465881272297,
      "ret": 1.0600564805574832,
      "sharpe": 7.056941918669685,
      "pm": 12,
      "tm": 13
    },
    "5": {
      "combo": [
        "D8",
        "ALL_EMA_921",
        "ALL_ICHI_TK",
        "ALL_DC10_EMA",
        "ALL_CMO_9"
      ],
      "n": 807,
      "pf": 1.5133090161514235,
      "wr": 72.86245353159852,
      "mdd": -0.0955928588675534,
      "ret": 1.1269728298497794,
      "sharpe": 7.428474695476803,
      "pm": 13,
      "tm": 13
    },
    "6": {
      "combo": [
        "D8",
        "ALL_EMA_921",
        "ALL_ICHI_TK",
        "ALL_DC10_EMA",
        "ALL_CMO_9",
        "TOK_TRIX"
      ],
      "n": 924,
      "pf": 1.5428387724419048,
      "wr": 72.83549783549783,
      "mdd": -0.12879333759659514,
      "ret": 1.3667642353746488,
      "sharpe": 8.145503460495677,
      "pm": 12,
      "tm": 13
    }
  },
  "PF": {
    "2": {
      "combo": [
        "D8",
        "ALL_EMA_921"
      ],
      "n": 299,
      "pf": 1.5994179955153462,
      "wr": 75.58528428093646,
      "mdd": -0.06598346468086258,
      "ret": 0.4383398495620495,
      "sharpe": 5.380399123342984,
      "pm": 11,
      "tm": 13
    },
    "3": {
      "combo": [
        "D8",
        "ALL_EMA_921",
        "ALL_ICHI_TK"
      ],
      "n": 470,
      "pf": 1.6572212664506019,
      "wr": 76.17021276595744,
      "mdd": -0.07417364224846287,
      "ret": 0.7341440756355005,
      "sharpe": 6.602963241554605,
      "pm": 12,
      "tm": 13
    },
    "4": {
      "combo": [
        "D8",
        "ALL_EMA_921",
        "ALL_ICHI_TK",
        "ALL_DC10_EMA"
      ],
      "n": 725,
      "pf": 1.554250514408927,
      "wr": 73.6551724137931,
      "mdd": -0.0840465881272297,
      "ret": 1.0600564805574832,
      "sharpe": 7.056941918669685,
      "pm": 12,
      "tm": 13
    },
    "5": {
      "combo": [
        "D8",
        "ALL_EMA_921",
        "ALL_ICHI_TK",
        "ALL_DC10_EMA",
        "TOK_TRIX"
      ],
      "n": 835,
      "pf": 1.5939637100105097,
      "wr": 73.53293413173652,
      "mdd": -0.11228806727838703,
      "ret": 1.3158171214255854,
      "sharpe": 7.535555470908459,
      "pm": 12,
      "tm": 13
    },
    "6": {
      "combo": [
        "D8",
        "ALL_EMA_921",
        "ALL_ICHI_TK",
        "ALL_DC10_EMA",
        "TOK_TRIX",
        "ALL_CMO_9"
      ],
      "n": 924,
      "pf": 1.5428387724419048,
      "wr": 72.83549783549783,
      "mdd": -0.12879333759659514,
      "ret": 1.3667642353746488,
      "sharpe": 8.145503460495677,
      "pm": 12,
      "tm": 13
    }
  },
  "MinDD": {
    "2": {
      "combo": [
        "D8",
        "ALL_ICHI_TK"
      ],
      "n": 248,
      "pf": 1.476292244674315,
      "wr": 77.41935483870968,
      "mdd": -0.04633861327516003,
      "ret": 0.26426088514337603,
      "sharpe": 3.973935910099082,
      "pm": 10,
      "tm": 13
    },
    "3": {
      "combo": [
        "D8",
        "ALL_ICHI_TK",
        "ALL_DC10_EMA"
      ],
      "n": 515,
      "pf": 1.4201828419022104,
      "wr": 73.00970873786407,
      "mdd": -0.07359204713980437,
      "ret": 0.58325749719124,
      "sharpe": 4.774259881708748,
      "pm": 10,
      "tm": 13
    },
    "4": {
      "combo": [
        "D8",
        "ALL_ICHI_TK",
        "ALL_DC10_EMA",
        "ALL_EMA_921"
      ],
      "n": 725,
      "pf": 1.554250514408927,
      "wr": 73.6551724137931,
      "mdd": -0.0840465881272297,
      "ret": 1.0600564805574832,
      "sharpe": 7.056941918669685,
      "pm": 12,
      "tm": 13
    },
    "5": {
      "combo": [
        "D8",
        "ALL_ICHI_TK",
        "ALL_DC10_EMA",
        "ALL_EMA_921",
        "ALL_CMO_9"
      ],
      "n": 807,
      "pf": 1.5133090161514235,
      "wr": 72.86245353159852,
      "mdd": -0.0955928588675534,
      "ret": 1.1269728298497794,
      "sharpe": 7.428474695476803,
      "pm": 13,
      "tm": 13
    },
    "6": {
      "combo": [
        "D8",
        "ALL_ICHI_TK",
        "ALL_DC10_EMA",
        "ALL_EMA_921",
        "ALL_CMO_9",
        "TOK_TRIX"
      ],
      "n": 924,
      "pf": 1.5428387724419048,
      "wr": 72.83549783549783,
      "mdd": -0.12879333759659514,
      "ret": 1.3667642353746488,
      "sharpe": 8.145503460495677,
      "pm": 12,
      "tm": 13
    }
  },
  "Sharpe": {
    "2": {
      "combo": [
        "D8",
        "ALL_EMA_921"
      ],
      "n": 299,
      "pf": 1.5994179955153462,
      "wr": 75.58528428093646,
      "mdd": -0.06598346468086258,
      "ret": 0.4383398495620495,
      "sharpe": 5.380399123342984,
      "pm": 11,
      "tm": 13
    },
    "3": {
      "combo": [
        "D8",
        "ALL_EMA_921",
        "ALL_ICHI_TK"
      ],
      "n": 470,
      "pf": 1.6572212664506019,
      "wr": 76.17021276595744,
      "mdd": -0.07417364224846287,
      "ret": 0.7341440756355005,
      "sharpe": 6.602963241554605,
      "pm": 12,
      "tm": 13
    },
    "4": {
      "combo": [
        "D8",
        "ALL_EMA_921",
        "ALL_ICHI_TK",
        "ALL_DC10_EMA"
      ],
      "n": 725,
      "pf": 1.554250514408927,
      "wr": 73.6551724137931,
      "mdd": -0.0840465881272297,
      "ret": 1.0600564805574832,
      "sharpe": 7.056941918669685,
      "pm": 12,
      "tm": 13
    },
    "5": {
      "combo": [
        "D8",
        "ALL_EMA_921",
        "ALL_ICHI_TK",
        "ALL_DC10_EMA",
        "TOK_TRIX"
      ],
      "n": 835,
      "pf": 1.5939637100105097,
      "wr": 73.53293413173652,
      "mdd": -0.11228806727838703,
      "ret": 1.3158171214255854,
      "sharpe": 7.535555470908459,
      "pm": 12,
      "tm": 13
    },
    "6": {
      "combo": [
        "D8",
        "ALL_EMA_921",
        "ALL_ICHI_TK",
        "ALL_DC10_EMA",
        "TOK_TRIX",
        "ALL_CMO_9"
      ],
      "n": 924,
      "pf": 1.5428387724419048,
      "wr": 72.83549783549783,
      "mdd": -0.12879333759659514,
      "ret": 1.3667642353746488,
      "sharpe": 8.145503460495677,
      "pm": 12,
      "tm": 13
    }
  },
  "PF*WR": {
    "2": {
      "combo": [
        "D8",
        "ALL_EMA_921"
      ],
      "n": 299,
      "pf": 1.5994179955153462,
      "wr": 75.58528428093646,
      "mdd": -0.06598346468086258,
      "ret": 0.4383398495620495,
      "sharpe": 5.380399123342984,
      "pm": 11,
      "tm": 13
    },
    "3": {
      "combo": [
        "D8",
        "ALL_EMA_921",
        "ALL_ICHI_TK"
      ],
      "n": 470,
      "pf": 1.6572212664506019,
      "wr": 76.17021276595744,
      "mdd": -0.07417364224846287,
      "ret": 0.7341440756355005,
      "sharpe": 6.602963241554605,
      "pm": 12,
      "tm": 13
    },
    "4": {
      "combo": [
        "D8",
        "ALL_EMA_921",
        "ALL_ICHI_TK",
        "TOK_TRIX"
      ],
      "n": 603,
      "pf": 1.5514875810298532,
      "wr": 74.12935323383084,
      "mdd": -0.1281971123261319,
      "ret": 0.8588455057256216,
      "sharpe": 6.300106259411404,
      "pm": 9,
      "tm": 13
    },
    "5": {
      "combo": [
        "D8",
        "ALL_EMA_921",
        "ALL_ICHI_TK",
        "TOK_TRIX",
        "ALL_DC10_EMA"
      ],
      "n": 835,
      "pf": 1.5939637100105097,
      "wr": 73.53293413173652,