{
  "Calmar": {
    "2": {
      "combo": [
        "ALL_CONSEC_REV",
        "ALL_DOJI_REV"
      ],
      "n": 701,
      "pf": 1.678548576654016,
      "wr": 80.17118402282453,
      "mdd": -0.31052288048910454,
      "ret": 4.8297234226758885,
      "sharpe": 3.95060225126684,
      "pm": 12,
      "tm": 13
    },
    "3": {
      "combo": [
        "ALL_CONSEC_REV",
        "ALL_DOJI_REV",
        "ALL_RSI_EXTREME"
      ],
      "n": 1031,
      "pf": 1.6021951594915411,
      "wr": 78.07953443258971,
      "mdd": -0.3950421946843551,
      "ret": 7.030958860046274,
      "sharpe": 4.384969092043325,
      "pm": 12,
      "tm": 13
    },
    "4": {
      "combo": [
        "ALL_CONSEC_REV",
        "ALL_DOJI_REV",
        "ALL_RSI_EXTREME",
        "ALL_CMO_9"
      ],
      "n": 1369,
      "pf": 1.5895887922876843,
      "wr": 76.11395178962746,
      "mdd": -0.5899671776111934,
      "ret": 10.133516520076752,
      "sharpe": 4.635063240456801,
      "pm": 12,
      "tm": 13
    },
    "5": {
      "combo": [
        "ALL_CONSEC_REV",
        "ALL_DOJI_REV",
        "ALL_RSI_EXTREME",
        "ALL_CMO_9",
        "ALL_CMO_14"
      ],
      "n": 1722,
      "pf": 1.569965839770525,
      "wr": 75.78397212543554,
      "mdd": -0.7859692686235197,
      "ret": 12.676205371470816,
      "sharpe": 4.732596089196069,
      "pm": 12,
      "tm": 13
    },
    "6": {
      "combo": [
        "ALL_CONSEC_REV",
        "ALL_DOJI_REV",
        "ALL_RSI_EXTREME",
        "ALL_CMO_9",
        "ALL_CMO_14",
        "ALL_STOCH_PIVOT"
      ],
      "n": 1960,
      "pf": 1.5980279249924638,
      "wr": 73.9795918367347,
      "mdd": -1.016965621080194,
      "ret": 16.51026457118112,
      "sharpe": 5.23594692828138,
      "pm": 12,
      "tm": 13
    },
    "7": {
      "combo": [
        "ALL_CONSEC_REV",
        "ALL_DOJI_REV",
        "ALL_RSI_EXTREME",
        "ALL_CMO_9",
        "ALL_CMO_14",
        "ALL_STOCH_PIVOT",
        "IDX_RSI_REV"
      ],
      "n": 2290,
      "pf": 1.574366295277791,
      "wr": 73.84279475982532,
      "mdd": -1.1169329880533496,
      "ret": 18.79176134078983,
      "sharpe": 5.047659645522948,
      "pm": 12,
      "tm": 13
    },
    "8": {
      "combo": [
        "ALL_CONSEC_REV",
        "ALL_DOJI_REV",
        "ALL_RSI_EXTREME",
        "ALL_CMO_9",
        "ALL_CMO_14",
        "ALL_STOCH_PIVOT",
        "IDX_RSI_REV",
        "IDX_CONSEC_REV"
      ],
      "n": 2615,
      "pf": 1.5977318404736616,
      "wr": 75.10516252390057,
      "mdd": -1.3552123666628444,
      "ret": 21.476311266116653,
      "sharpe": 5.348141258073145,
      "pm": 12,
      "tm": 13
    },
    "9": {
      "combo": [
        "ALL_CONSEC_REV",
        "ALL_DOJI_REV",
        "ALL_RSI_EXTREME",
        "ALL_CMO_9",
        "ALL_CMO_14",
        "ALL_STOCH_PIVOT",
        "IDX_RSI_REV",
        "IDX_CONSEC_REV",
        "ALL_PIVOT_BOUNCE"
      ],
      "n": 2784,
      "pf": 1.6065091762817478,
      "wr": 75.0,
      "mdd": -1.6361264444897459,
      "ret": 23.260098454962396,
      "sharpe": 5.510909673532866,
      "pm": 12,
      "tm": 13
    }
  },
  "PF": {
    "2": {
      "combo": [
        "ALL_CONSEC_REV",
        "IDX_CONSEC_REV"
      ],
      "n": 716,
      "pf": 1.7271920284800863,
      "wr": 82.82122905027933,
      "mdd": -0.5360834116635701,
      "ret": 4.577155539651183,
      "sharpe": 3.563689884410702,
      "pm": 11,
      "tm": 13
    },
    "3": {
      "combo": [
        "ALL_CONSEC_REV",
        "IDX_CONSEC_REV",
        "ALL_DOJI_REV"
      ],
      "n": 1045,
      "pf": 1.7124590147429823,
      "wr": 81.24401913875599,
      "mdd": -0.5583124915117227,
      "ret": 7.230590566652463,
      "sharpe": 4.2832723388738065,
      "pm": 12,
      "tm": 13
    },
    "4": {
      "combo": [
        "ALL_CONSEC_REV",
        "IDX_CONSEC_REV",
        "ALL_DOJI_REV",
        "ALL_STOCH_PIVOT"
      ],
      "n": 1283,
      "pf": 1.7198471771803652,
      "wr": 77.47466874512861,
      "mdd": -0.8515720807998624,
      "ret": 10.929404619464941,
      "sharpe": 5.038215658195352,
      "pm": 11,
      "tm": 13
    },
    "5": {
      "combo": [
        "ALL_CONSEC_REV",
        "IDX_CONSEC_REV",
        "ALL_DOJI_REV",
        "ALL_STOCH_PIVOT",
        "ALL_PIVOT_BOUNCE"
      ],
      "n": 1501,
      "pf": 1.6901582965401358,
      "wr": 76.5489673550966,
      "mdd": -1.1343416159706803,
      "ret": 12.773293100776106,
      "sharpe": 5.201058301819854,
      "pm": 12,
      "tm": 13
    },
    "6": {
      "combo": [
        "ALL_CONSEC_REV",
        "IDX_CONSEC_REV",
        "ALL_DOJI_REV",
        "ALL_STOCH_PIVOT",
        "ALL_PIVOT_BOUNCE",
        "ALL_CMO_9"
      ],
      "n": 1807,
      "pf": 1.67700529991115,
      "wr": 75.65024903154399,
      "mdd": -1.3163607573536218,
      "ret": 15.89927549582324,
      "sharpe": 5.363809426303727,
      "pm": 12,
      "tm": 13
    },
    "7": {
      "combo": [
        "ALL_CONSEC_REV",
        "IDX_CONSEC_REV",
        "ALL_DOJI_REV",
        "ALL_STOCH_PIVOT",
        "ALL_PIVOT_BOUNCE",
        "ALL_CMO_9",
        "ALL_CMO_14"
      ],
      "n": 2143,
      "pf": 1.6518344058503283,
      "wr": 75.50163322445171,
      "mdd": -1.4292753133979479,
      "ret": 18.53478036162733,
      "sharpe": 5.441938442597864,
      "pm": 12,
      "tm": 13
    },
    "8": {
      "combo": [
        "ALL_CONSEC_REV",
        "IDX_CONSEC_REV",
        "ALL_DOJI_REV",
        "ALL_STOCH_PIVOT",
        "ALL_PIVOT_BOUNCE",
        "ALL_CMO_9",
        "ALL_CMO_14",
        "ALL_RSI_EXTREME"
      ],
      "n": 2461,
      "pf": 1.632928045816259,
      "wr": 75.2945956928078,
      "mdd": -1.5242420156154033,
      "ret": 21.028982474439953,
      "sharpe": 5.678612726119684,
      "pm": 12,
      "tm": 13
    },
    "9": {
      "combo": [
        "ALL_CONSEC_REV",
        "IDX_CONSEC_REV",
        "ALL_DOJI_REV",
        "ALL_STOCH_PIVOT",
        "ALL_PIVOT_BOUNCE",
        "ALL_CMO_9",
        "ALL_CMO_14",
        "ALL_RSI_EXTREME",
        "IDX_RSI_REV"
      ],
      "n": 2784,
      "pf": 1.6065091762817478,
      "wr": 75.0,
      "mdd": -1.6361264444897459,
      "ret": 23.260098454962396,
      "sharpe": 5.510909673532866,
      "pm": 12,
      "tm": 13
    }
  },
  "MinDD": {
    "2": {
      "combo": [
        "ALL_CONSEC_REV",
        "ALL_DOJI_REV"
      ],
      "n": 701,
      "pf": 1.678548576654016,
      "wr": 80.17118402282453,
      "mdd": -0.31052288048910454,
      "ret": 4.8297234226758885,
      "sharpe": 3.95060225126684,
      "pm": 12,
      "tm": 13
    },
    "3": {
      "combo": [
        "ALL_CONSEC_REV",
        "ALL_DOJI_REV",
        "ALL_RSI_EXTREME"
      ],
      "n": 1031,
      "pf": 1.6021951594915411,
      "wr": 78.07953443258971,
      "mdd": -0.3950421946843551,
      "ret": 7.030958860046274,
      "sharpe": 4.384969092043325,
      "pm": 12,
      "tm": 13
    },
    "4": {
      "combo": [
        "ALL_CONSEC_REV",
        "ALL_DOJI_REV",
        "ALL_RSI_EXTREME",
        "ALL_CMO_9"
      ],
      "n": 1369,
      "pf": 1.5895887922876843,
      "wr": 76.11395178962746,
      "mdd": -0.5899671776111934,
      "ret": 10.133516520076752,
      "sharpe": 4.635063240456801,
      "pm": 12,
      "tm": 13
    },
    "5": {
      "combo": [
        "ALL_CONSEC_REV",
        "ALL_DOJI_REV",
        "ALL_RSI_EXTREME",
        "ALL_CMO_9",
        "ALL_CMO_14"
      ],
      "n": 1722,
      "pf": 1.569965839770525,
      "wr": 75.78397212543554,
      "mdd": -0.7859692686235197,
      "ret": 12.676205371470816,
      "sharpe": 4.732596089196069,
      "pm": 12,
      "tm": 13
    },
    "6": {
      "combo": [
        "ALL_CONSEC_REV",
        "ALL_DOJI_REV",
        "ALL_RSI_EXTREME",
        "ALL_CMO_9",
        "ALL_CMO_14",
        "IDX_RSI_REV"
      ],
      "n": 2054,
      "pf": 1.5478202599895472,
      "wr": 75.365141187926,
      "mdd": -0.9296777078692422,
      "ret": 14.918541824410553,