{
  "Calmar": {
    "2": {
      "combo": [
        "NY_HMA_CROSS",
        "ALL_SUPERTREND"
      ],
      "n": 998,
      "pf": 1.2490543880248297,
      "wr": 74.44889779559118,
      "mdd": -2.426555572567069,
      "ret": 14.016305585928245,
      "sharpe": 1.8878284958196325,
      "pm": 18,
      "tm": 25
    }
  },
  "PF": {
    "2": {
      "combo": [
        "NY_HMA_CROSS",
        "ALL_SUPERTREND"
      ],
      "n": 998,
      "pf": 1.2490543880248297,
      "wr": 74.44889779559118,
      "mdd": -2.426555572567069,
      "ret": 14.016305585928245,
      "sharpe": 1.8878284958196325,
      "pm": 18,
      "tm": 25
    }
  },
  "MinDD": {
    "2": {
      "combo": [
        "NY_HMA_CROSS",
        "ALL_SUPERTREND"
      ],
      "n": 998,
      "pf": 1.2490543880248297,
      "wr": 74.44889779559118,
      "mdd": -2.426555572567069,
      "ret": 14.016305585928245,
      "sharpe": 1.8878284958196325,
      "pm": 18,
      "tm": 25
    }
  },
  "Sharpe": {
    "2": {
      "combo": [
        "NY_HMA_CROSS",
        "ALL_SUPERTREND"
      ],
      "n": 998,
      "pf": 1.2490543880248297,
      "wr": 74.44889779559118,
      "mdd": -2.426555572567069,
      "ret": 14.016305585928245,
      "sharpe": 1.8878284958196325,
      "pm": 18,
      "tm": 25
    }
  },
  "PF*WR": {
    "2": {
      "combo": [
        "NY_HMA_CROSS",
        "ALL_SUPERTREND"
      ],
      "n": 998,
      "pf": 1.2490543880248297,
      "wr": 74.44889779559118,
      "mdd": -2.426555572567069,
      "ret": 14.016305585928245,
      "sharpe": 1.8878284958196325,
      "pm": 18,
      "tm": 25
    }
  },
  "Diverse": {
    "2": {
      "combo": [
        "NY_HMA_CROSS",
        "ALL_SUPERTREND"
      ],
      "n": 998,
      "pf": 1.2490543880248297,
      "wr": 74.44889779559118,
      "mdd": -2.426555572567069,
      "ret": 14.016305585928245,
      "sharpe": 1.8878284958196325,
      "pm": 18,
      "tm": 25
    }
  }
}