{
  "Calmar": {
    "2": {
      "combo": [
        "ALL_CCI_20_ZERO",
        "ALL_WILLR_7"
      ],
      "n": 464,
      "pf": 1.8304761152435314,
      "wr": 80.38793103448276,
      "mdd": -0.47168802424348305,
      "ret": 3.811238823597407,
      "sharpe": 6.706828362406861,
      "pm": 12,
      "tm": 13
    }
  },
  "PF": {
    "2": {
      "combo": [
        "ALL_CCI_20_ZERO",
        "ALL_WILLR_7"
      ],
      "n": 464,
      "pf": 1.8304761152435314,
      "wr": 80.38793103448276,
      "mdd": -0.47168802424348305,
      "ret": 3.811238823597407,
      "sharpe": 6.706828362406861,
      "pm": 12,
      "tm": 13
    }
  },
  "MinDD": {
    "2": {
      "combo": [
        "ALL_CCI_20_ZERO",
        "ALL_WILLR_7"
      ],
      "n": 464,
      "pf": 1.8304761152435314,
      "wr": 80.38793103448276,
      "mdd": -0.47168802424348305,
      "ret": 3.811238823597407,
      "sharpe": 6.706828362406861,
      "pm": 12,
      "tm": 13
    }
  },
  "Sharpe": {
    "2": {
      "combo": [
        "ALL_CCI_20_ZERO",
        "ALL_WILLR_7"
      ],
      "n": 464,
      "pf": 1.8304761152435314,
      "wr": 80.38793103448276,
      "mdd": -0.47168802424348305,
      "ret": 3.811238823597407,
      "sharpe": 6.706828362406861,
      "pm": 12,
      "tm": 13
    }
  },
  "PF*WR": {
    "2": {
      "combo": [
        "ALL_CCI_20_ZERO",
        "ALL_WILLR_7"
      ],
      "n": 464,
      "pf": 1.8304761152435314,
      "wr": 80.38793103448276,
      "mdd": -0.47168802424348305,
      "ret": 3.811238823597407,
      "sharpe": 6.706828362406861,
      "pm": 12,
      "tm": 13
    }
  },
  "Diverse": {
    "2": {
      "combo": [
        "ALL_CCI_20_ZERO",
        "ALL_WILLR_7"
      ],
      "n": 464,
      "pf": 1.8304761152435314,
      "wr": 80.38793103448276,
      "mdd": -0.47168802424348305,
      "ret": 3.811238823597407,
      "sharpe": 6.706828362406861,
      "pm": 12,
      "tm": 13
    }
  }
}